:10000000000020600000AA700000AA700000AA7022
:100010000000AA700000AA700000AA700000AA7078
:100020000000AA700000AA700000AA700000AA7068
:100030000000AA700000AA700000AA700000AA7058
:100040000000AA700000AA700000AA700000AA7048
:100050000000AA700000AA700000AA700000AA7038
:10006000E0603C00E1F0CC02E0603C10EA00C80532
:10007000E07FC87CFA00CF84F001CF80E04014001C
:10008000E0603C17EA00CC04E000CC00EA00CC8140
:10009000E19DCCAC3C790108EA00CD04E016CD1816
:1000A0003D28E00DD28DE15414403C0200000000D8
:1000B0000000000000000000000000000000000040
:1000C0000000000000000000000000000000000030
:1000D0000000000000000000000000000000000020
:1000E0000000000000000000000000000000000010
:1000F0000000000000000000000000000000000000
:10010000DCE2231DDC63239C00000000000028D7F4
:10011000000000000000000000000000000007F8E0
:10012000708F00FF8D72FFFF00FFFFFF00FF00FFD9
:10013000FFFFFFFFFFFF03FCFFFFFFFFFFFFFF00CD
:10014000465453353635325030303100FFFFFFFF13
:10015000FFFFFFFFFFFFFFFFFFFFFFFFFFFFFFFFAF
:1001600030303100FFFFFFFFFFFFFFFFFFFFFFFF0A
:10017000FFFFFFFFFFFFFFFFFFFFFFFFFFFFFFFF8F
:10018000FFFFFFFFFFFFFFFFFFFFFFFFFFFFFFFF7F
:10019000FFFFFFFFFFFFFFFFFFFFFFFFFFFFFFFF6F
:1001A000E0041FB1F001198DE001950FE0031FC0BD
:1001B0003CEAE3FFC4FFE0413C49F0008B8FF002D2
:1001C0001A7EF0041AE2F00218FDE0433C18F7FF33
:1001D000137EF0001100E8808F9327A5E8008FF5CB
:1001E000E800A704E200CF81F800A90317FE3F9EB4
:1001F00005A43DEEF80C3B11E001C5860088F20035
:10020000CB8101833F29B70F3FFB010DE080969C16
:10021000E0809F1F3EFA02743EF83F1903763FFBD1
:10022000B70F01F5F001C30CF204CB2EF000C204AD
:10023000F000C28C01D13882F80B3B11E001C706F7
:100240000088F200CB8101833E99B68F3F7F016B1E
:10025000E080961BE0809E9F3E7A02743E783EA925
:100260000376B68F00F4E0041D22E0041F31E0099C
:100270009FAA963E27AEE0021FFCE0021CFDA58F60
:10028000E0413C4C1780008B9E8E3EACB68EC78101
:10029000E0099F2AE3FFC7FF3F7F059B3EEFE01B7E
:1002A000C6B636A13E99968DE00E37A13E7D3F1B26
:1002B000046C3EF8E00E37A13F1B036A9E8EC78197
:1002C0003E9CB68EE3FFC7FFE0099F2A3F7F02E70F
:1002D0003882000008B7F8000C39E0041FA2E001E2
:1002E0001B88E0099A2FE002197D39E4E004D5E18A
:1002F000C1FFE0021AFBF0001C403B68E6B0C9F306
:10030000E0001414F0001480E002DE72C404342112
:100310003C179C883C65E6F5CCD9E412C4B0E05BA0
:10032000C4CC3C92D31BE8403EE9E412C6B0E09254
:10033000C6DC3E92220E3FEDE0021E7AC7FE3E93DF
:10034000E0809F1FE0809D9C3FFD3F1BB70F01F9A0
:10035000F000C481F201C4FFE8403B790485F80F46
:100360003C198C0F00D2F8000CA80BE108B7F8007C
:100370000C3CE0041FA2F0011C88F0128D6FE0120B
:100380008F7FE8008F89F01A3D1EE0012781E84049
:100390003A6AC27FE6B0CFF4E0021A79F003352161
:1003A000F0001400E8403AEAF0021DFDC1FEE8400A
:1003B0003B683A1FE00AC2F8008BC301E8008F894E
:1003C000E3FFC37F3FF6F000C401E00005E1E84031
:1003D0003FE8C78437A1E80F3F99990FE6F2C95269
:1003E000E200C90302EB9E0F3CE2F6F5CE5CE8406A
:1003F0003BECE408C3E0E402C4983DE23C97E0151E
:10040000C4F0F0073D99E8403D6A3CE73C67E000F6
:10041000D18DE8403E6CE401C10CE404C630F0002C
:100420002519E00F391CE00B3A12E008C7DE3CE763
:10043000E80F3F9BC4FE3D9CE0809F1FE0809E999B
:100440003FFB3F1DB70F01F9F200CD43E7FF02B7B5
:10045000E00E3A92E00F391C3E1EE008C7E036215C
:100460003F93C67EE80F3F9BE80C3E1BE8403F6A87
:10047000E0809E9FE0809D9CC701E3FFC77F3E9B7D
:10048000E200CF44B68F01F5E7FF0099F8000E288F
:100490000BE108B639E8E002DD2EE0021C79E00449
:1004A00015301480E00DD0C6E0021C78E004153051
:1004B0001480E00DD0BFE0021C77E0041922E004B4
:1004C00015301480E00DD0B6E0021B7CE0099D22BF
:1004D000A40635211480E00DD0ADE0099922E00298
:1004E0001C76312114803D62E00DD0A4E0021C7521
:1004F0003D621480E00DD09E1401E002DD48E0046E
:10050000D41C2C3B39683C63DF323C63E0001AFAB0
:10051000E00219F9DEE0E00F3A923A628F8FE201D1
:10052000C27F3C633CE4C101278FE002DE553C639F
:100530003CE4E004C430E002DE4F3C633CE4E0080D
:10054000C460E002DE49E200C904E001C18C01E4BC
:10055000A406E002DE6AE0021C76E002DE66E0024B
:100560001C75E002DE621401E0001F328F8E2784CA
:10057000C7FF1400AF8E0B61140000F708B1DE1145
:1005800008A1E7FC00F20000F0403BEAE200CC8169
:10059000F1FFC3FFF201C3FFC57E05AC3F693D79A2
:1005A000C77EE201C77F0229F0403BFE04AF160080
:1005B00035A23EECE0403CECE00F37213F989F8FA6
:1005C0003D6E3FABE0433F9FE02F3FE9C501E0AD0B
:1005D0003F8E3F6AE201C77FE8403F773E1F05ED4F
:1005E00036AA2617E1283EBCE004C400E3FFC47F1E
:1005F00038823D791700055CF0403BE9F000C3828A
:10060000F201C3FFF0403BFE03D3E0041400388244
:10061000E004C6803C6DE3FCC4003882E0021FF4B5
:100620009F8F37CF2F82388208B7F8000C39F0003F
:100630001CADE80F8A292233E0021F26E0021EF3D8
:10064000E00E8FDEA28D37A1C27FE00E8BCEE002DE
:100650001EA5E0021F3E3A9FE0001FACE201C27FF0
:10066000E0028B2EE00019ABE8403969F0008C0DF8
:100670003A1F0086DF8A3974B403C1820110E18019
:100680008F92F200CC013DE63D673CEF3C6501F303
:10069000DF7C3974E002B443C18201F2E80F8A3989
:1006A000222FE0021FA5C27FF0008C0FE0021FF393
:1006B000E201C27FA38FE0021FA6E00019AAE00EAC
:1006C0008B5FE0021FBEE0001929E0028AAFE00064
:1006D0001FA83A1F0086DF593A73B402C102011005
:1006E000E0808F93F200CC013DE53D663CEF3C6736
:1006F00001F3DF4B3A73E042B442C10201F2F80069
:100700000CA80BE1E200CC030587E0021FFCE0022D
:100710001F72BF0F3882E0021FF2E412C4303C1F88
:10072000E0021FFCBC0F388208B7F8000C3AF00456
:100730001CA2E200CD83F0403D6B3B683AE9E81330
:100740008BE9E8008A59F8138C49E0010144E8126A
:100750008979E81289E9E0021C71E0021518148019
:10076000E00CDF68F400C50CE0041DE2F01A3D1B4C
:10077000E8018F8A3F6FE201C77BE0002763E20058
:10078000CF81E00101A3E0021CFD21A6E80F3A1889
:100790003D63E6D8CFFFC57F3DE5E030C78EE6D8A4
:1007A000CD7AE000C5D43F653EE5E0021E70E00072
:1007B000C7523F99E001C6DEE00A3D1BE0809D9EE6
:1007C000E080B59F3D7EE0809D9DE080B59C01F777
:1007D000E200C999029C3FE3C7A9E00E31A13EE3C4
:1007E000E030C76237A1E5FFC6FE3C9E3A9FE00EAF
:1007F00031A1C282E00F3E953F9EC1819F8FE201F1
:10080000C1FFE200C99AE080B79901F4E0021CF14F
:10081000E00115083C66E00CDED3E0021FA63C6652
:10082000E00E8D4FE00E8FDFE0021CEF3D1FE00178
:10083000C40C3521F8000D280BA1E19D00C13F82B9
:100840001704E02E3F8E2F631701E02F3F8E2FDF1E
:100850003C6FE0012101E00E33A1E0021CFDE0301D
:10086000C70E3E653EE5E0021DEEC67E3F19E00183
:10087000C68A1780E0809D1CC781E080B51EE2011A
:10088000C7FFE0809D1D397FE080B51B02F4E200C8
:10089000C9290297E8128FE9E00E3121E018C788D4
:1008A0003F9237A1C77EC7FE3F153F99C101E08047
:1008B0009E9EE201C17FE200C92AE080B69F01F757
:1008C000E7FE2C65E7FF00A414012946E0021CFDA9
:1008D00000E2E0051F8611048E0FE0018EDFE001CB
:1008E0008F6FE0038FBF3C6C3CED3D6E3DEFE00051
:1008F000C446E000C4C6E000C546E000C5C63621D7
:1009000036A1372137A1342134A1352135A13E1537
:100910003E953F153F953C153C953D153D95F000A6
:100920009B0CF0009B8D9E0E9C089F0F9C899E8ABD
:100930009F8B1180F000B305F000B395B625B73555
:10094000E008B465E008B4F5E009B685E009B795BC
:10095000E7FE00833C62E7FF00BB08B11580160488
:100960003D6BE004D8EBE00CD9F9E0021FB2AC0F0C
:1009700008E1E0041FA23F6AE0148F8F27863D69DB
:1009800015813CEEE0910094E09100B8E0041FA2D4
:10099000E0148F8F2F8F3F693FE83EE9C77EC7FE87
:1009A000E001C686E0809E1E3EFEE080B61F01FB91
:1009B0003882E0041FE2E400C58C3D9F8FFBE2001B
:1009C000CF8105953E6A3F693FE83DEAC67EC77E16
:1009D000E1FFC7FEE001C586E0809E9CE0809D1E91
:1009E0003E7B3EAAE080B69F01F838823DE93E6A30
:1009F0003FE83F69C5FEC67EE1FFC7FEE001C706CE
:100A0000E0809E9BE0809D1C3DFE3EAAE080B69F5C
:100A100001F8388208B5118039683A692C18E00469
:100A20001FC18F8F3FF20591C101E201C17F3CE4FC
:100A30003C62E009D0833AE83CE43C63E009D07EC4
:100A40003AF8E0623D2339E23C630AE139E8C1FF4C
:100A5000E201C1FF3C63E009D0713AE83CE43C624A
:100A6000E009D06C3AF83FE2E06F3A2339EF00D862
:100A7000E00124D908B71780F04039E9E0001927D0
:100A8000F0041822F04038E8F0403AE8E0433D1A1C
:100A90003C6F3F6FE0001081F1FFC1FFF040396F04
:100AA000E4173748E98097152605E0413F4EE043BB
:100AB0003F1E3F7A0528E00127B0F04039FFF8409B
:100AC0009225F8403B620103F80093052625F84182
:100AD0003A44F8433A14F8413B46E8343F14F3FFF4
:100AE000C37FF0002211F8433B16E8363F26F000A2
:100AF000230BE00E3D98C401E201C47FF000AB8EF1
:100B00003C7D0389C781E40E37A8E4173748F040DD
:100B10003BF904C70BE1E8233F1421F5E8233F2606
:100B200021F239EEE400C1831281E200C9803A6308
:100B3000C203E0633C243182E84039F6030E3A6593
:100B40003A1FE8403A730309E8009215F0363B6A11
:100B5000E8403A76E0000254F1243B91220BF02366
:100B60003A132188E84091B5F0343A6AE84039F404
:100B700002368A022246E8008B40E8008BD0F00063
:100B80001B263F6C008B3BF901203F63E201C77FCE
:100B90003F74F000C302E7FF01353B7939EEC181B4
:100BA00001F3F8008A06F0143A2FF000C202F200B6
:100BB000CA0402EAE12E3A1EE7FF2724E6FFCAF53F
:100BC000E7FF2A99E7FF009EF8008A16F0143A2FF3
:100BD000F000C202F200CA0402D900ED399EC181C0
:100BE000E40431CF3994E64FC98339FE3F6CE06E9F
:100BF0003D253AEEE840B1A5E7FF00BD3A1E3A15A3
:100C0000E405324F3A94E64FCA85E800B285E02504
:100C10003F25E7FF00A3F8009311F8403A62E7FE92
:100C200000D73C693882000008B3E0001C2515039A
:100C30001480E00CDCFFE0001C2415031480E004A9
:100C400019D4E00CDCF7E000192D17008C03178095
:100C5000E00EB732E01DAF02E00FAF92E00FAFA29F
:100C6000E00FAFB2E004D0412C198C03E004D01F98
:100C7000E0002C41E00F8FB28C03E00FAF92E00454
:100C8000D034E0002C6C8C03E004D011E0002C7F09
:100C9000E01D8F82E01CAFE209E1E0021FA4E0004A
:100CA0001DA88E8FE0021FBE1600E0019D6FE004BC
:100CB0001FA28CDFE0021FF3A40FEFFFDEDBE00FCB
:100CC000AC32245417801581E6F8CEBF3E92E6FD83
:100CD000CF5FE00F8E7DC781E00E35BEE201C7FF1A
:100CE0003F4C3C7FE00FAF7D01F08C03E003DFDF82
:100CF0002442E0041F22E0021EF38FDEA40DE00276
:100D00001E3EE0021EA437A1E0019D5CE0001DAD87
:100D10008CCE8E8D16003C1FDEACE00FAC2224146E
:100D200017801581E6F8CEBF3E92E6FDCF5FE00F5B
:100D30008E4DC781E00E35BEE201C7FF3F4C3C7FC0
:100D4000E00FAF4D01F0E00F8FB23C1FE00FAC128F
:100D50008C03E003DFCAE7FF2418E0021FA4E000D1
:100D60001DA38E8FE0021FBE1601E0019D6FE004FF
:100D70001FA28CDFE0021FF3A40FDE7BE01DAC029C
:100D80008C03E003DF94E7FF2405E0041F22E00268
:100D90001EF38FDEA40DE0021E3EE0021EA437A16A
:100DA000E0019D5CE0001DA28CCE8E8D3C1F1601E3
:100DB000DE60E01D8F82E01CAC723C1FE01CAC6268
:100DC00009E1000008B7F8000C3E1200E00019A18C
:100DD000E0021B26F0041DD4F0021D3EE0001AAD17
:100DE000F0021CA3F0021C22F0021EEDE0021BEC3C
:100DF000F0021E7D396417803C62E001B783E00198
:100E0000B7C3E002B783E002B7C3E003DF6EE001DF
:100E10002C163C62E003DF4B2C0DC101E201C17FC7
:100E2000E200C904C182E000C24601E6F8000F28D2
:100E30000BE1E7001700E002B743E0FF177FE00E89
:100E40008FC6E001B74327EAE00E8DD63EEFE801FA
:100E50009D6A3FEBE8008E09C6FFE8008F08E002BC
:100E6000C798E201C6FF36283E9B3F943DEAE40066
:100E7000C5833F4C37A13E94F0001200E0433D1E75
:100E8000C7FE36A1E0433C1BE8008C8BF01E8B05AF
:100E9000F01D88E5F01D8BC5F041384AE80F3F9CF6
:100EA0003E97F8403F64E84038E4E0FF167FE700F3
:100EB0001580F000128100833EFF0125E080971F1E
:100EC0003CF2E02B3F6BE02C3F5C01F73C7EF840AE
:100ED0003966F84039E7F000C101F000C18103072D
:100EE000F8403B62F201C37FE84038E53D7EE00117
:100EF0000311E0403EFFF8403BE3F201C3FFF8403E
:100F00003F6501DDE00128B0F0002704F01DABC50E
:100F1000F0002204F01DA8E5E0029783E001B6434B
:100F20003FFBE002B5C30302B5C3E00197833FFC7A
:100F3000E7FE0575B603E7FE00F2E7001700E002E2
:100F4000B703E0FF177FE00E8FD6E001B703E000A4
:100F500027FFE8008F083EEFE8008E09E8019C6A51
:100F6000C6FF36283FEEE201C6FF3FCCE400C403D3
:100F70003E94F0001200E0433D1FE00E322136A106
:100F8000E8008C8BF01E8B15F01D8975F01D8BD53C
:100F9000E0433C18F04138CAE80E3F1D3E97F84048
:100FA0003F64E84038E4E0FF167FE7001580F0007A
:100FB000128100833F7D0123E080979E3CF2E02B6D
:100FC0003FEBE02C3FDC01F73C7FF8403866F8400F
:100FD00039E7F000C001F000C1810307F8403B6031
:100FE000F201C37FE84038E53D7F03223F7DF840B2
:100FF0003BE3F201C3FFF8403F6501DF28B8F00092
:101000002704F01DABD5F0002227F01DA97500A321
:10101000E8403F70E8403F61C701E7FE034FF04002
:1010200038EEF201C0FFF8403A65E7FE00C7E8403D
:101030003FF1E8403FE2C781E7FF033EF040396FF0
:10104000F201C17FF8403A65E7FF00B6E0FF167F86
:10105000E7001580B603B5C3E001B603E002B5832F
:10106000E7FD00D9F01EAB05E7FE00D0F01EAB1582
:1010700000C72D03E7F900D008B511803A68396937
:101080002C9AE0021FB58F8F3FF202833C630AE186
:10109000C101E201C17F3CE23C64E008DD4F3AE877
:1010A0003CE33C64E008DD4A3AF8E0623D2339E283
:1010B0003C630AE139E9C1FFE201C1FF3CE3E0081A
:1010C000DD3D3AE83CE23C64E008DD383AF83FE2D6
:1010D000E06F3A2339EFE0021FB58F8F3FF205D75B
:1010E00000D808B7F8000C3C3FE8E0001A2DC7B163
:1010F00037A33F941701AF0FF0403C68E00634215E
:10110000E008DD28E8403FE8E001C7A637A13F94AA
:10111000E00E3A16898F3FEEE002C7CD8A8FE002DB
:1011200021ACF0001501008AE008DD08C41EF04083
:101130003CF8021A39E2E00221203963C17FE20162
:10114000C17F3CE5E8403D6A3C62DF943CE83BE817
:101150003C62E008DCF3F0403CE8F200CCBC3CE54B
:101160003C633AE70262E8403FE8E001C7A637A1E6
:101170003F948F8F3FF3E06239A339E2E8403FE8C4
:10118000F0073423E001C7A6E00D3A17E00E3A1647
:1011900037A1E003C689E002C74D3F94F0001581F6
:1011A000F0008D0EF0008E0FE0041AA2A98D009CB5
:1011B000DF613CE839E83C62E008DCC0F0403CE834
:1011C000F200CCBCE8403CEAE8403C6CF0403D63B7
:1011D000E0010544E008DCB2C41EF0403CF8E00148
:1011E000023DF0403E628FE5E840396CC7FFC10127
:1011F000F0403E7FE201C17FE8403D6BE8403CEAC1
:101200003C620457E8403FE8E001C7A637A1E00E82
:101210003A163F94E002C74DF0008C8FF0008D8E9F
:10122000E00F3A17E003C78AE8403CEBE8403C692E
:10123000F000AE0FE008DC8239E8F00125A1F000F3
:101240001500008E3C7FE0433993021FE200CC770B
:101250000203E84039EAF0403DE2E0012111E840B4
:10126000396BC17FE201C17F3CE2E8403C69DBD3DE
:101270003CE2F0403CE8E008DC61E200CC3C3FE3CB
:10128000C79EE0233C53025FE00F3A16E002C7CD51
:101290008F8FE8403FFBE86239ABF0403DE2F00160
:1012A000C426F0183421E00F3A16F0183C14E0027E
:1012B000C7CDF8008D08F0008C0FE00F3A17E0035F
:1012C000C78BE8403CE8E8403C6AF000AD8FE0089E
:1012D000DC35F000148039E80099DB9D3CE2F040F9
:1012E0003D68E008DC2BE200CC3C3FE3C79EE023F6
:1012F00039D805213C7FE0433993021DE200CC77C9
:101300000203E84039E9F0403C628FF5E840396873
:10131000C7FFC101F0403C7FE201C17F3CE2E840F1
:101320003C6A045C3A17E003C20CF000AC04F8001D
:101330000E280BE13B14E002C34D8F863A17E840BC
:101340003FF8E003C20CE86239A8F0403C62F000CC
:10135000AC04F8000E280BE1E8403FE8E001C7A626
:1013600037A13F948F8FE8403FFCE86239ACF040F2
:101370003E62E7FE00C91180E7FE0082F0001580A2
:10138000E7FF008F08B7F8000C38E1FFC018E00253
:101390001FA1E0001F20898FE0001F9FE00D31C3D7
:1013A0003F1D1680E180AE9F3F7F01FDF0001C27AE
:1013B000E0001B9EE0001B1DE0001A9C1100E000F5
:1013C0001A2DB105B106B107E800B908E003DC69E0
:1013D0002C06E000C068F8000C280BE1E0021FEBCF
:1013E000E0021EBEA70FF0009B2DF0009BBD9D7D6F
:1013F000E0019D8DE0041E22E0041EFDEBFFCFFC0A
:101400003F1FE0051F8FF0008A4CF0008ADC8E0D34
:10141000E0021EEA3F9036C1374137C1C1FFE2000A
:101420007C84E2007C1469966E177F067E877F8835
:10143000F0007312F000739375147595F0006A94C0
:10144000F0006A15E00CD74A5C875F08B486E00BB1
:101450003748E0001C9B5F86AF09E00D37C8E0000D
:101460001F1AF0001B99AD8E4D05E0001F18E80013
:10147000AD074984F0005B035C045E05F0001B9738
:10148000AF8EE0001F96B605B407E800A988F80003
:10149000B307AE8F21A1E0021CE9E0001E263FE267
:1014A000E0001101E6F8CF3F3F14E005C7348C0E91
:1014B000E6FDCEDFE0809D99E00D313D3EC8C7815D
:1014C000AE8EE201C7FFE00E35C8AF0C39FFC60291
:1014D000E040AD9C01E8E7FE257E3E6AC67FE6D887
:1014E000CE7C3F60E2007EAEE0001F95C72C3E1D23
:1014F000E0809E9EC782E00B36C83E7EE040ADAFE6
:10150000E040AE9F01F6E000C068F8000C280BE157
:10151000E0001FA78E8F26A4E0021FA6C6FFE00EE4
:101520008DCFE00E8D5FE0001E14E6D8CEFDE0000A
:101530001F933E1DC5FFC57FE0001680E0408F1F52
:10154000270C3DFE010A8F0F27083D7E3F6DC70126
:1015500001043EEEE201C6FFC7823FFC01F0E0005D
:101560001F92AE8F3882000008B5E0001F9117006F
:10157000E0001A27AF0FDF07DFCC8884E00020EC03
:10158000E00019AD11003C62DDADC1018884E201CB
:10159000C17F397104F9EA177A80E00020E68A05F4
:1015A000EA177D0439613E64F0001BA6C17FC67F47
:1015B0003FEAE0001F10E6D8C972E6D8CE7CC782A9
:1015C000E0001C0FE8403DE7391E3E1FF00013010C
:1015D000F0001280F000AB0822138E8B3FEA0084EB
:1015E000C7823E7F010D8F0F3F7D01FB8C9B8F1FBC
:1015F0003CFE01F7C7823E7FF000AA8801F5C58254
:101600003DF2C40801E8F8170807E0001F8EE00269
:101610001974F80A0817C520A885F80F08069F82D4
:10162000F80A081637CF2784E0001F8DA88FDAFD4F
:10163000DBCA9F8237CF2F820AE1E00F8E93E00F43
:101640008F33E00F8FA3E01DAE93E01DAFA3E01D2D
:10165000AF330AE1EA177A80EA177D04E00019AD9A
:10166000F0001BA600D1EA177D04F0001BA600CCF9
:10167000EA187FA01700AF0F1700E0021FB4B70FE2
:101680003882EA187C22E08300F9000008B2E00307
:101690001FDFF0031A5E8D0FE0012532E0021FA06C
:1016A000E0021D9F8E0FE0021F9E8C8BE0021D9DAD
:1016B0008E8FE0021F9CF0008B8BE0021D9B8F0F32
:1016C000E0021F9AF0008B0BE0021D998F8F8D8B2B
:1016D0003628372837A836A811003CCCF0163B4EE8
:1016E000E0153DCFF0173BCDE8403F643E6A3FE256
:1016F000E00A9E8E3DEC3EF9E00A9C1EC5FF058A7D
:10170000E8403EF70387E8403C760584E8403C75B6
:10171000049B3E6BE201C67FC781E201C7FF3D7FAC
:10172000C71001E7E200CE010591E0021F98110009
:101730008F0FE0021F9737288F8F3FCEE0021F34B4
:10174000B78E3C620961396F00E8E0021F341681F0
:101750009F8EE002264C278411003C620961E00361
:101760001C3CEA187FA0E00A8D888E0F3D622D890F
:10177000EA187D9CE0031CB6990B9C893C92B48BC3
:10178000E00026DCC50A3524F0143A1AF8009B84E0
:10179000F8009B14E0012E59EA18791AEA187C9C8B
:1017A000EA187F18EA187D99EA177D48AE8FAE02D5
:1017B0003EECB609AE0EE0021F968F0FE0021F95B9
:1017C00037288F8F3FCEE200CF811701AF0BE002A9
:1017D00005A3E0048FD83FFEE002011EEA177F4414
:1017E000EA177FC236A216003D1DF000B38A110031
:1017F000F000B31AB60EB60FE7FF00B1E0021F34D7
:101800009F8E2792E0031EB69E0D3E7FE00103E708
:101810009E8D396A3FADE3FFC7FFB78E1680E7FFA5
:101820002F9DE7FF009EEA187FA08E0FE0031C3C6F
:10183000E00A8E88E7FF269EE200CE01E001017FEC
:10184000EA187F188E8EE201CEFFE7FF0187EA17C4
:101850007EC49D0DE0031EBF11009E8DE6FFCE7D70
:10186000260DE00A86183E720309EA187E1A8E0CCD
:101870003E721625E06C39A2396CE0021E183CED70
:101880008D8CE0021E17F0403BED8E0C35A8E20077
:10189000C482F200C384E200C6883E4B2493E00A6F
:1018A0008598E200CD80E0020451E00A8D98E200C4
:1018B000C5902588EA187D9A8D8BE200CD81E001E4
:1018C0000138F0002389EA187D9A8D8BE200CD82E1
:1018D000E00101262688EA187E9A8E8DE200CE83EA
:1018E000E001011E3D7C05841680AE8EAE8FE7FEC2
:1018F0002135E00A8E88E200CE81E7FE01AFEA18CA
:101900007E9C9E0D1680E203CE73AE8EAE8FE7FEF8
:1019100002A5E0051F899F8FE200C786E7FE2F938F
:10192000EA187F9A8F8FE0031F2EC781E201C7FF5D
:10193000EA177CC8E0031C24E00A37A2AF8EE00C53
:10194000D63FE7FE0080EA187D99890BE000295216
:10195000EA187E9AE0031E3F8F8D9E0CC781E2013C
:10196000C7FF36483E7FAF8D05AEEA187F988E0FD1
:10197000E200CE01E00001448E8DA90FE002269224
:101980003E6DC67FEA177D4836223E1A9F9C9C8C8E
:10199000E0021E14E80F3FA6F0008A8CE0021E133E
:1019A000E0433F9F8E0CE8093CA7F01532A83FBFEB
:1019B000E0433C99E80C3E453E3CE0AF3C893E7F2D
:1019C000E7FD03FBE0021F988E8FE0021F9736A809
:1019D0008F8F3FCDB78EE7FD00B6EA187FA0168047
:1019E0001600B68EAE8FE7FE00A33D62E7FE008BC9
:1019F000EA187C988F89E200CF8101B4E0021F9839
:101A000011008E8FE0021F9736A88F8F3FCDB78EC3
:101A1000E7FD00991782AF8BE7FD00E23D7C1124C2
:101A2000E7FE05E91680AE8EAE8FE7FE00E43D7C52
:101A30001124E7FE02DBE7FE00DEEA187D998E8BBB
:101A4000E200CE81015CEA187F1815008E8EAD0B86
:101A5000E0002EE0EA177FC4AE0E1100B68FE7FC5F
:101A600000FEE0021C12EA177D44E0031FB689085D
:101A7000EA177E42E0021C11F0009A8A9F8F9E8C2A
:101A80008C083128E80F3F95E3FFC7FF3C42C68131
:101A9000E3FFC6FF11003FF8A909B78AB68CE7FF3C
:101AA00002AFEA187F9A8E0FEA177FC83622E0024B
:101AB0001D103E1F9F8C8C8AE0021D0FE80F3FA770
:101AC000E0433F9F8D0AE0413FAF34A83D49E043EA
:101AD0003F9F3FFAE7FF02149F9CE80F3FA6E043B9
:101AE0003F9FE0413FAFE0433F9F3D7FE7FF04085A
:101AF000E0021F968F0FE0021F9537288F8F3FCE91
:101B00003EFFE7FC04AB1782AF8B1100E7FC00A798
:101B1000E0031DB6EA177E449C8C9D0BEA187D9A63
:101B20003D19E3FFC57F8D8BB50C2DAFE0021E0E76
:101B30008D8CE0021E0D8E0C35A83E4B3D7C05952C
:101B400016FFAE8EE7FD0088E00A8D98E200C59092
:101B5000E7FD2DADEA187D9A8D8BE200CD81011E47
:101B6000E00A8D98E7FD00AFE0021E0C8D8CE002CC
:101B70001E0B35A88E0C3E4B3D7CE7FC04E617821D
:101B8000AF8E1100E7FB00EBE200CD8101EEE00239
:101B90001E0A8D8CE0021E0900CF1125E7FD00878B
:101BA000EA177D48E7FC0089E0021C45E07E00E67C
:101BB00008B2E003193CE00A8F82278ADD68240717
:101BC000E0031FDD1701E00AAC32AF0F0961E0044A
:101BD0001F3BAF8E0921E7FA00CD08B41401E002E3
:101BE000D1D6E005190EE0011F94E0031A421180DE
:101BF0008C02B18F1781AF84E00BDE7EE7FF17AA5E
:101C0000A982AF840A61E000C460E201C47FE200FF
:101C1000CC10E001028C08B2EB927FDCE9FFC7FE3A
:101C200034223C1FA7883F82E0041F4B1780B78EE9
:101C3000E0011F0FB78E0961E0041F4B1100B10EC8
:101C40001436E0021FE89C8EE0031F673C9FBF8EA6
:101C5000E002DC43E0021FE7E0041F513CEFBF8ECF
:101C6000E001144EE0011F8FB10F0921E05800B5CB
:101C7000E0041F4B1100B10E1436E0021FE69C8EEB
:101C8000E0031F673C9FBF8EE002DC27E0021FE5F8
:101C900000E4E0041F4B1100E0021FEBB10E14360C
:101CA000A78F9C8EE0031F673C9FBF8EE002DC1570
:101CB000E0021FE400D2E0041F4B1100B10E143605
:101CC000E0021FEC9C8EE0031F673C9FBF8EE0028A
:101CD000DC04E0021FE300C1E0041F4B1100B10E61
:101CE0001436E0021FE29C8EE0031F673C9FBF8E0C
:101CF000E002DBF3E0021FE1E7FF00B0E0041FA217
:101D0000E0021F7DE0099FAFE001144EE066C79E30
:101D100037A13F9EE0041F513CEFBF8E1700E0014A
:101D20001F8FB70F0921E05700D83882242B08B243
:101D3000E200CC01396901343FE8C7C8E200CF8135
:101D4000E00005C53FE8C7C6E200CF81E00005DD41
:101D5000E201CC7A0137E201CC790127E201CC7BA8
:101D6000E000017AE201CC38E000016E3FE8C7E50F
:101D7000E200CF82E00002FAE0031F993C1FAC882A
:101D80000094E0021FB79F8F2F85E0001FFB9F8FFD
:101D90002786E0041FB31701AF0F38823882E003B3
:101DA0001F993C69AC9FDF30E0021FB79F8F2F85E2
:101DB000E0001FFB9F8F2785E0041FB31701AF0FC3
:101DC0000961E0041FCDAC8F00F0E0001EFBE003D2
:101DD0001F999F0D1438CF01B70DE0031F1CA70EEC
:101DE000E0039EDEE0048F5F3F1DE004AF5FE00490
:101DF0008EDFE004AECFE0048CDFE0041FA13C9F47
:101E0000E002DB6B00D2E0001EFBE0031F999F0D98
:101E1000143ACF02B70DE0031F1CA70EE0039EDEAD
:101E2000E0048F7F3F1DE004AF7FE0048F7FE0047C
:101E3000AF6FE0048CFFE0041FA03C9FE002DB4D8D
:101E4000E7FF00B4E0001F7B9F8EE001CF80B78EDC
:101E5000E7FF00ACE0001F7BE0041E9F9F8EAC8D6F
:101E6000CF84B78EE7FF00A23FE8C7C4E200CF816E
:101E7000E00305803FE8C7C2E200CF81E003059997
:101E80003FE8E1FFC7B2E200CF81E00305B1E20025
:101E9000CC50E00202C1E200CC4D028AEB937FA05D
:101EA000E9FFC7FEE00E34223F9EA78F3F823F68C6
:101EB000E0031F99C77AE201C77F3C1FE200CF4AC7
:101EC000A908E7FE02F3EB957ED8E9FFC6FE3722AC
:101ED0003F1DA70E3F02E00A8F8FE0041CA7E00021
:101EE00014513C9FE002DAF9E7FE00E0E0021F3700
:101EF0009F8EE002CF80B78EE7FE00D8E0088EEF1D
:101F0000E008AEDFE0098F2FE0041EBFE009AF1F3D
:101F1000E0098F1FE0088E5FE00F3728E0041F56AE
:101F20003F9CA48EB78DE000144E9F8D3C9FE00235
:101F3000DAD4E7FE00BBE0088EDFE008AEEFE00990
:101F40008F1FE0041EBFE009AF2FE0098F2FE008CC
:101F50008E6F00E3E0021F37E200C9039F8EE001AD
:101F6000CF80B78EE0030584E0041FD6A48FE00085
:101F7000144EE002DAB2E7FE0099E0021F379F8EAE
:101F8000CF88B78EE7FE0092E0021F379F8ECF8486
:101F9000B78EE7FE008BE0021F379F8ECF82B78E91
:101FA000E7FE0084E0021F379F8ECF81B78EE7FDEA
:101FB00000FDE00014E4E0001F7BE1293959E00650
:101FC000ACCF9F8ECFA0B78EE7FD00F0E0001F7B67
:101FD0009F8ECF90B78EE7FD00E9E0058FCFE0043C
:101FE0001F4B37A83F92E6D1CF8FB78E14369F8E06
:101FF000E0031F67A48E3C9FE002DA6FE7FD00D686
:10200000E0058F3FE005AF2F143EE0058FBFE004F1
:102010001C9E3C9FE002DA61E7FD00C8E0058EAF40
:10202000E005AEBF00F2E0058F1FE005AF0F143CE6
:10203000E0058F9FE0041C9D3C9FE002DA4EE7FD27
:1020400000B5E0058E8FE005AE9F00F2E0048F7FC3
:10205000E004AF6F143AE0048FFFE0041CA03C9F43
:10206000E002DA3BE7FD00A2E0048EEFE004AEFF01
:1020700000F2E0048F5FE004AF4F1438E0048FDF1C
:10208000E0041CA13C9FE002DA28E7FD008FE00499
:102090008ECFE004AEDF00F2E0001F7B9F8EE020D9
:1020A000CF80B78EE7FD0082E0001F7B9F8ECFC000
:1020B000B78EE7FC00FBE0021F379F8EE008CF8061
:1020C000B78EE7FC00F3E0021F379F8EE004CF805D
:1020D000B78EE7FC00EBE0001EFB9F0DCF08B70DAD
:1020E000E001A92FE7FC00E2E0031FA1A70F9FBEBC
:1020F0009EBEE6F9CFFFE400CF81E706CE9FB6BED5
:10210000E7FC00D4E0001F7B9F8EE040CF80B78EBD
:10211000E7FC00CCE200CC5BE0010104E201CC4032
:10212000E0010110E201CC41E0010102E201CC42F8
:10213000E0010103E201CC43E00101153FE8C7BA29
:10214000E201C7FFE200CF81E7FC02B0E201CC4729
:10215000E0021FABE00101171700AF0F8E8FE00107
:102160001F183E6DC6013F1DA90EAE0FE7FC009E75
:10217000E0021EB7E0031F999F0D143CCF20B70D5E
:10218000E0031F1CA70EE0039EDEE0058F1F3F1D2E
:10219000E005AF1FE0058E9FE005AE8FE0058C9F48
:1021A000E0041F9D3C9FE002D998E7FB00FFE0029E
:1021B0001EB7E0031F999F0D143ECF20B70DE0031B
:1021C0001F1CA70EE0039EDEE0058F3F3F1DE005CC
:1021D000AF3FE0058F3FE005AF2FE0058CBFE00487
:1021E0001F9E3C9FE002D979E7FB00E0E0021EB7AA
:1021F000E0041FBF9F0DE000144ECF10B70DE003A9
:102200001F1CA70EE0039F5E9E8F3F1DB70FE004CB
:102210001F569F8FA48E3C9FE002D95FE7FB00C64C
:10222000E0031F99E00BACBFE7FB00C0E0041FF523
:10223000AC8FE7FB00BBE0001FC2AC8FE7FB00B632
:10224000E0011F941680B68FE00114449F8FE001D7
:102250001C803C9FE002D941E0051F8EA90FE7FBDF
:1022600000A5E0031FC2AC8FE7FB00A03F62E401C2
:10227000C708E0041EE4E0041FD63F1DBF0FE7FCC3
:1022800000F7E0021F4216C6AE8EE7FE00E9E2004C
:10229000CC34E001058D08B13F68C74AE200CF01A8
:1022A0003FE8E001058AE200CC35E001011A3F6811
:1022B000C748E200CF01E001059D3F68C746E20044
:1022C000CF01E00105B1E201CC7AE001010FE201AA
:1022D000CFF91400E000016BE201CFFBE001013E09
:1022E000E201CFB8E0000163E201CFB9E001013AB9
:1022F000E201CFBAE001013A3F6FC744E200CF01EB
:10230000E00105BD3F6FC742E200CF01E00105D10A
:102310003F6FE1FFC732E200CF01E00105E43F6F0C
:10232000C740E200CF0DE00105A5E201CFB4E00116
:10233000016FE201CFB5E001016FE201CFC0E00122
:10234000016FE201CFC1E001016FE201CFC2E00104
:10235000016FE201CFC3E001016F3F6FC73AE201B5
:10236000C77FE200CF01E00105EB3F6FC73CE20110
:10237000C77FE200CF01E00105F33F6FC732E20102
:10238000C77FE200CF01E00205A63F6FE1FFC72F44
:10239000E200CF01E0020588E200CFDBE001017E30
:1023A000E201CFFEE0010175140008E1E0031F998E
:1023B0003C1F8C083882E0031F1CE0041FCBA70ED3
:1023C000E0031E67E0039F5E9E8FA48C3F1DB70F46
:1023D00014369F8F3C9FE002D880140008E1E00390
:1023E0001F99E0068C5F08E1E0041FCD8C0F08E127
:1023F000E0031F1CE0031F99A70E1438E0039EDEC4
:10240000E0048F5F3F1DE004AF5FE0048EDFE00477
:10241000AECFE0048CDFE0041FA13C9FE002D85D5A
:10242000140008E1E0031F1CE0031F99A70E143AF3
:10243000E0039EDEE0048F7F3F1DE004AF7FE004F9
:102440008F7FE004AF6FE0048CFFE0041FA03C9F8F
:10245000E002D843140008E1E0041F9F8C0F08E15C
:10246000E0041F9C8C0F08E1E0041F9B8C0F08E127
:10247000E0031F193F9E8C0F08E1E0031F1CE003DF
:102480001F99A70E143CE0039EDEE0058F1F3F1D41
:10249000E005AF1FE0058E9FE005AE8FE0058C9F45
:1024A000E0041F9D3C9FE002D818140008E1E003FF
:1024B0001F1CE0031F99A70E143EE0039EDEE005FB
:1024C0008F3F3F1DE005AF3FE0058F3FE005AF2F99
:1024D000E0058CBFE0041F9E3C9FE002D7FE140085
:1024E00008E1E0031F1CE0041FBFA70EE0041E5616
:1024F000E0039F5E9E8FA48C3F1DB70FE000144E3B
:102500009F8F3C9FE002D7E9140008E1E0011FA083
:102510008C0F08E1E0041FB38C0F08E1E0051F8E6B
:102520008C0F08E1E0041FF58C0F08E1E0001FC2EA
:102530008C0F08E1E0031FC28C0F08E1E201CFC756
:10254000E0021FAB01201700AF0F8E8FE0011F18B4
:102550003E6D3F1D8C0EC601AE0F08E1E0031F1C4F
:10256000E0011F94A70EE0011C80E0039EDE9F0F98
:10257000E00114443F1DB70F9F8F3C9FE002D7AD91
:10258000140008E1E0021F4216C6AE8E00DFE00430
:102590001FA2E0158C3F08E1E0031F99E00B8FBFFD
:1025A0003C6F08E1E0031F1CE0031F99A70EE00445
:1025B0001CA7E0039EDEE00A8F0FE00014513F1DD0
:1025C000E00AAF0FE00A8F8F3C9FE002D78614002D
:1025D00008E1E0031E9CE0011F0FA68D9F8EE00323
:1025E0009EDDE001144E3F9DE0041ED1E3FFC7FFD6
:1025F000A48DB78E3C9FE002D770140008E1000064
:102600001780E0041EF03E6FE00E37A2C7813F1D29
:10261000E202CF80BE0E01F9E0031CC4E0031D19E5
:10262000E0031F98EBFFCE7CE01FBCFD3E2AE003D9
:102630001F17E0031D96BF8DE00F3E1E37A23F9D82
:10264000BF0FC7013F7B01F9A7ADE0031E67E8009C
:10265000CF82BFADEA00CF84A73DA60CE800CF0231
:10266000BF3DE800C606E001A74DE800CF02E0014B
:10267000BF4DE001A5DDE0041F22E800CD82E001AE
:10268000BDDDE001A5EDE800CD82E001BDEDE00596
:10269000A46DE0041DA6E800CC02E005BC6DE005D9
:1026A000A47DE800CC02E005BC7DE006A40DE800B6
:1026B000CC02E006BC0DE0031C15E006BC5DE006A4
:1026C000BE6DE006BE7DE0048E5AE0041C56E001BB
:1026D000C62F3E1E3E1FE007BE0DE0048E5AE001ED
:1026E000C62F3E1E3E1FE007BE1DE0048E7AE001AD
:1026F000C6493E1E3E1FE007BE2DE0048E7AE00173
:10270000C6493E1E3E1FE007BE3DE0058E1AE000B2
:10271000C64D3E1E3E1FE007BE4DE0058E1AE0008E
:10272000C64D3E1E3E1FE007BE5DE0058E3AA40882
:10273000E000C6693E1E3E1FE007BE6DE0058E3A12
:10274000E000C6693F1C3F1FE007BF7DE0088F6ABD
:10275000E0011E173F183F1FE009BF6DE0088F6AB8
:10276000E0001D7F3F183F1FE009BF7DE00ABD9DCF
:10277000E00ABDADE0031F14E00ABCFDE00BBF3D65
:10278000E0011F1FE016BF4DE0041F32E016BF5DE1
:10279000E0041F1AE017BF0DE0041F19E017BF1D6A
:1027A000E0041F18E017BF2DE0051F0DE018BF0D56
:1027B000E0041F74E018BF1DE0001F41E018BF2DAA
:1027C000E0031F41E018BF3DE0041F51E018BD4D7C
:1027D000E018BD5DA70EE018BE6D3F9EE018BE7DFF
:1027E000E019BFEDE019BFFDE0041FCCE01FBFAD55
:1027F000E0041F97E01FBFBD388208B7F8000C390E
:102800003F68E400C70CE0041FE23AE83F9E8F7F78
:102810003E68396EE402C298E400C618E401C10CB7
:10282000F0031C30E200CF03E0021B363A65F018DB
:102830003C1CE00E34A3F0001482E041C124C230FD
:102840001385E800B4A8E8673929E801B708E3FF71
:10285000C17CE801B7183A161180AC8FF000C404AF
:102860003FE3E400C7B8E8009E883F953F96E0014B
:10287000A74F3CE4E737CF1D3C62E001BF4FE84083
:102880003D69E00BDBF7C1813FE3E201C7FF3BFF9E
:10289000C11CE3FFC17FC23802E4F8000CA80BE1C1
:1028A00008B7F8000C393FE8E400C78CE0041E626A
:1028B000E00B34A23E1F8A7C3D683AE83964C501CA
:1028C000F0403C683EEBE402C298E0031FB0E40035
:1028D000C518F400C418C6FFE401C10C3F6BE3FF48
:1028E000C6FFE200CA03F0001482C772E0021B3682
:1028F0003A65F0183C1FE3FFC77E3F9AE041C120D4
:10290000E80A36D9C2281385E800B4C8E86739292F
:10291000E800B5D8E3FFC17CE801B5283A16E80124
:10292000B6B81180AC9CF000C408B70FB71F3FE3E6
:10293000E400C7B8E8009E883F953F96E001A72FC6
:102940003CE4E736CF2D3C62E001BF2FE8403D6913
:10295000E00BDB90C1813FE3E201C7FF3BFFC11CFD
:10296000E3FFC17FC23802E4F8000CA80BE1E003EA
:102970001F45E0041FE28D8E8E8E8D0EE0031E1922
:10298000E400C50CE0021C263D1F8D3AE400C68C15
:10299000E009AD4C3E9F8D0EF0008B8DE400C50C20
:1029A000E401C5883D1F8D6AE0031C93E008AD3C3F
:1029B0008D0EF000AB89C52735233D188D5A8C1D2F
:1029C000E009AD5C8D0EAC19E400C50C3D1F8D4ACD
:1029D000E002AD2C8D2D8E8EE0041F64E400C68CC9
:1029E0003F1B3F9DE0041DD68FDFAD29BF0BE002EA
:1029F000AFBC388208B239681401E001DAC8E003DC
:102A00001FC5A90FE0011FA08C0FE001D9B2DFB0F4
:102A10000921E0F0008608B3E0031FC5E002193782
:102A2000898F9F82E6FFCFFF278A9F82E3FFC7FE41
:102A3000B782E0011FA08F8FE001279E9F82E200F6
:102A4000C782E0012F8D9F82E200C788E0002FF44B
:102A50009F82E200C784E0002FDB9F82E202C780F2
:102A6000E0002FC29F82E204C7802FB09F82E2085D
:102A7000C7802F9F9F82E200C7902F8D9F82E20028
:102A8000C7A02F8209E19F82E3FFC7DFB78209A1B8
:102A9000E01200B43F639F82E401C708E0041C64B5
:102AA000E3FFC7EF3CE33C1EB782E000DA6B00E7D0
:102AB0009F821501E3F7C7FFB7823C63E0031F99CC
:102AC000E0028CBFE000D84800D69F821500E3FBEF
:102AD000C7FFB7823C63E0031F99E0028CAFE000C0
:102AE000D83B00C59F823EE3E3FDC7FFB782E40009
:102AF000C68CE0031F993C63E0098F4FE0041FE29E
:102B00003F9DAF3FE002DFB8E7FF00AE9F823EE3AC
:102B1000E3FFC7FBB782E400C68CE0031F993C6368
:102B2000E0088F2FE0041FE23F9DAF2FE002DFA4FB
:102B3000E7FF00959F823EE3E3FFC7F7B782E4001B
:102B4000C68CE0031F993C63E0088F3FE0041FE25E
:102B50003F9DAF6FE000DB22E7FE00FC9F823C63FD
:102B6000E3FFC7FDB782E0031F99E0088C9FDE9961
:102B7000E7FE00EBE0031F993C63E0088C8FDE3E2C
:102B8000E7FE00DE08B5E00419A2E000197BE015BD
:102B90008C33E007D5069F823A68E6FFCFFFE0015D
:102BA0002FEC9F82E200C782E0012FDF9F82E200CC
:102BB000C790E0012FC99F82E201C780E0012FAEDC
:102BC0009F82E200C7C0E0002FCE9F82E220C78034
:102BD00027859F82E3DFC7FFB7829F82E200C7A0FD
:102BE000279D9F02E0031F99E3FFC75FB702E0063E
:102BF0008F4FE200CF6402ADE0068C4FE0068CCF31
:102C0000E400C40AE5FFC4F61501E008C480E3FF50
:102C1000C4FEE008C400E00BD8869F82E200C784AF
:102C2000E0002FF19F82E200C788E0002FE09F8242
:102C3000E240C780278D9F82E0031F19E3BFC7FFD3
:102C4000B782E00B8FBE278A8FEEE014AF830AE1D4
:102C5000E0001764E006AF4F00D01781E014AF83A7
:102C60000AE19E82E0031F99E0001F78E3FFC6BFE0
:102C7000B682E400C207F0038B6FE0048DBFE0046E
:102C80008E2FE0048E9FE0048F8FE0059D3EE000D4
:102C90001AF7E700CD4FE005B53E3A139D05F04029
:102CA0003BE4E700CD3FB5053D64F002C395E0028B
:102CB000C516E0059CBEE002C217E01E142BE8001A
:102CC000AD87AE84AE0AE01FAFC3F01FAB23E01F99
:102CD000AE93E01FAE03E01EADF3E00BD9519C852F
:102CE0001403E00BD94DE7FE00F29F82E3FFC7F724
:102CF000B782E0031F99E0018C2FE007D895E7FF2A
:102D00000098E0041F1F9F828C0EE3FFC7FBB78271
:102D1000E001D3B5E7FF00889F82E0031F01E3FED7
:102D2000C7FFB782E0031F998C0EE0068FBF170024
:102D3000E01EAF333CEFE0041F16AF9EE001D3224C
:102D4000E7FE00C09F82E0031A99E3FFC7EFB78256
:102D5000E0068C25E007D8492C17E0158F33E006F4
:102D6000AF25E7FE00AA9F82E3FFC7FDB782E00020
:102D7000DF25E7FE009D9F82E3FFC7FEB782E000EC
:102D8000DEDDE7FE0090E0068FA53C6FE015AFB3F7
:102D9000E001D3BCE002DF12E7FE008F08B2E003DF
:102DA00019198FC2E200CF850108E200CF84012506
:102DB000E200CF86010709611781AFC21782AFC257
:102DC0000961E0021F88E0021F078F8F8C0E37A871
:102DD0003C4F1781AFC2E00ADD38E001DC15E004AA
:102DE0001F221401E0148FAECF90E014AFAEE001CB
:102DF000DD761782AFC20961E0021F88E0021F077B
:102E00008F8F8C0E37A83C4F1781AFC2E00ADD1DB3
:102E1000E007D607E0041FA2171F1401E014AF1F3C
:102E2000E014AF2FE001DD5B1782AFC2096108B388
:102E3000DFB6E0051F8E8F8FC7FFE200CF8405B598
:102E4000E0021937E0001FFB99829F8F2990278E9F
:102E50001401E001D89CDDE0DE96E0041FB3E7FF3B
:102E6000172AAF0F09A1E03000C609E11401E00103
:102E7000D88E3FE3E201C780278E9F82E3FEC7FF23
:102E8000B782E0031F99E0088C4FE0031FC58F8FC6
:102E90003C7F018EE200C1C0DDBFDE7521DF9F8275
:102EA000E3FFC7BFB78200DAEFFFD69900CADDA300
:102EB00000F2000008B7F8000C39E0031B19E0032A
:102EC0008946E0038F56E0038FB6E6DEC962391EFD
:102ED0002786F0001400E92F39082F84F8000CA889
:102EE0000BE1E0041F22E0021FE4E0099A2E3C6F90
:102EF000E0053221E8403CE83D65E00BDB9BE00269
:102F00001F26E8403CE8E00E8D5E3C15E400C5035A
:102F1000F0403CE4C5013521E00BDB8CE0021C6392
:102F2000E0041530E8403CE8E00BDB84E013144497
:102F3000E00ADC8BE003D8C6F1FFC4FFE0021FE02B
:102F4000FEB0CCF9E0021BE1E000C101F0193C9FAA
:102F5000E01311C4F000C401F3FFC47FF0403C72E1
:102F6000E000025C3C63E00ADC70E003D8ABF200F6
:102F7000CC0105F1E006DD21E006DAA8221EE00220
:102F80001FE40085C782E8403FF90117E0038F3650
:102F9000E200CF0101F83F6FE17CC760970E9E8F82
:102FA000E0413F2EE3FFC77F3EFE03EDB70FE00099
:102FB000C782E8403FF901EBE0021F6CE0021FE32B
:102FC0000085C7823BFFC7020146E0038EB6E200E0
:102FD000CE8101F8968E9E0FE0413EADE3FFC6FF25
:102FE0003E7D0382B68FE00896EEE0089E6FE041DA
:102FF0003EADE3FFC6FF3E7D0383E008B6EFE01180
:1030000096CEE0119E4FE0413EADE3FFC6FF3E7D10
:1030100003D9E011B6CF00D6E0011F8FE0021CE417
:10302000E0021C7B17003D65B70FE00BDAC9E00238
:103030001CE3E0021C6CE0041530E00BDAC1F80080
:103040000CA80BE1E0041E62E0021D7EE0051C10EE
:10305000E0021CFD1580E0018F0CF0008B7CE2008B
:10306000CF0202BBEB987F88E9FFC7FEE00D3F9ED1
:10307000EB987F84E9FFC7FEF200CB013F9EF00092
:103080008A8D8F8F02B3F0403AFF03A7C7FF3EEB54
:10309000E002C698E80F3FA5F000A38AE80D3E9530
:1030A000E3FFC7FF36A1E80F3F95F0001302F816C3
:1030B0003B17C6FEF00E32A137A13E99F0173B9E9A
:1030C000E80F3F96E9809F17F0809B1DF0403BFF83
:1030D000E80E3F16B70D01F7E000C5C6E202CD9835
:1030E000C60CC504E7FF01B93882F0403AFF03F58A
:1030F0003F6FC77F3FEBE002C798E80E3F25E80F20
:103100003F95E3FFC77FF000A30AF00D3A9837A17F
:10311000E80E3F1536A1C7FE3721E80D3E963F99D0
:10312000F0163B1EE0809F1DF0809B9FF0403B7D92
:10313000E80E3F27B70F01F7E000C5C6E202CD98C1
:10314000C60CC504E7FF018900D008B4E0031F3CAA
:10315000E0031F901680E004AEDE17019E8FE003AF
:103160001919E70CCE9EB68F9E8FE707CE9EB68FBD
:10317000E00B8FB2E0002FC3E0041A22E014AF048A
:10318000E7FF172AE0041FB3E00219EBAF0FE002DC
:10319000D675E0041F3F1780B78EE0041F4BB78E33
:1031A0008FE2A703E014AF84E0031FE7BF0FE00442
:1031B0001FD1E0021F63BF0FE002DDD4DBD9E007BF
:1031C000D1E1E00ADA62E007D42CE0021FFCA4039C
:1031D000A48FE0121530E00BD9F3E001DB452C039E
:1031E000E001D689E0001FBD16848F0F1400E704AC
:1031F000CF3DAF0F0A21E04300898FE2E0041A229D
:10320000E014AF84E7FF00BEE0021EB2E0031F99A6
:103210008E8DE0041F22E005AEEF8E6FE00B8EBFB7
:10322000E014AE0E268B8FEFE014AF8E1700E00394
:103230001FDF1403B70FE00100CA1781E014AF8E3F
:1032400000F6000008B7F8000C3AE0051A07DF7E28
:103250008F84E200CF83E00001BE1281E0031919E0
:10326000E00419A2F0021CEBF0021D7CE0131344F1
:10327000F0403C651380008B8F82F014AC0337C79D
:103280002F96DFC38F84E200CF8301A4DDD13C659C
:10329000E001DB253C66E00ADAD8E00B8FB227EDCF
:1032A0008FE2E014AF838F8237C727EC3C67E001E1
:1032B000D66EE003D707E0148F83E200CF810114BC
:1032C0008F82E707CF97AF82DFA08F84E200CF83A2
:1032D000015EE0021FA717011401AF0FF8000D28CF
:1032E0000BA1E02C00D4E006DBC7EFFFD13FE002EA
:1032F000DF508FE22F92E00B8FB22F8FE800A409EE
:103300003CE5E007D40BE800A509E800A48A3DE706
:103310003C6AE003D3CDDE97DDCE00D308B1E200F6
:10332000CC66010E05A2E201CC08010AE201CC2A1A
:10333000E00001C8E0041FD51705AF0F08E1E00465
:103340001FD58F8FE200CF8501FA1401E002DB6800
:10335000E0031FA1E00116FFA78FE0029F3FE720D7
:10336000CF0DE002B73F08E1E200CC5501AAE0042E
:103370001FD58F8FE200CF8501E21401E002DB5000
:10338000E0051F11E0051E92E0031FA1BE8EE005BF
:103390001F13E0051E94A78FBE8EE0051F15E005E4
:1033A0001E96BE8EE0051F17E0051E98BE8EE0013A
:1033B00016FFE0029F3FE720CF0DE002B73F08E194
:1033C000E0041FD51701AF0F08E1E0041FD38F0FF2
:1033D000E200CF010109E0031F3CE0051F87E00484
:1033E0008F7EAF0F388208B1E0011F1A8C0E1700D4
:1033F000AF0FE006DB801400E002D088E0031F3C42
:10340000E0051F87E0048F7EAF0F08E108B2E003FC
:103410001FBCE0031F101680E004AEDF17819E8EF4
:10342000E0041922E70CCE9FB68EE014AF82E002D2
:10343000DC99DA9EE01B142CE00ADA07E007D0A240
:10344000E00AD923E007D2EDE009D38A179FE01400
:10345000AF92E014AFA2E009D36CE006DC3DE003DC
:103460001F6DE0001FBD1680B68E16808F0F3C6D5D
:10347000E704CF3DAF0F0921E04000C808B7F800CE
:103480000C3EE00219A7E0031ABC8F832787E00DEA
:103490008FE5E200CF81E0010169DFB91780E00527
:1034A0001B07E0011A04F0021C06E0021B85E00283
:1034B0001974F0001E8CF0001E11F0031DDCF004E6
:1034C0001D5DF0021CB0AF838986E200C981E00176
:1034D000019E8F84C781E201C7FFAF84E002AF95F0
:1034E000E002D2D8E007DA823C63E001D9F8E800D4
:1034F0008F888C0737A83C4FE00AD9A7E003D5D4C2
:103500009F82E6F2CFFFE0012F949F82E6F3CFFF88
:10351000E0012F8F9F8237CFE0012793E006DAACDE
:10352000E0021FBEE0048FFFE00127A6E0001FA716
:10353000F0041F3D8E0FE0001F99E801B65E8E8FEC
:10354000E0001F9DE801B6EE9F0FE0001F9CE80120
:10355000B77E9F8FE802B78EE002DE1B9F8237CFD7
:10356000E0012790E001D993E001D9AD1401E00A10
:10357000D4ABE008D6779F8237CFE001278FE004F5
:103580008FC5E200CF81E0000168E003D139E00897
:10359000D1A1E003DB80E006DDC11402E00319DF06
:1035A000E00AD492E00AD6D88F831403E804B78ED9
:1035B000E00AD48AE006DDD21404E00AD485EFFFE5
:1035C000D2F9E00ADB658F03E8008F89E8008E8C72
:1035D000E00F3F2FE800AF8AE0031FDBE800AF0BEE
:1035E0001700AF0FE800AE8DE002D5419F82E6F2F2
:1035F000CFFF2F859F82E6F3CFFF279D1401DEE6E4
:103600008986E200C981E7FE01661401E001D4BFAA
:10361000E0048FC5E200CF810188E0031F21A70EDF
:103620009EBEE706CE9FB6BEF8000F280BE1E00372
:1036300019DF00CAEFFFD2BAEFFFD02500E08F8676
:10364000E009D2853C63DEC2E0028FA5C781E002BB
:10365000AFA5E7FE00BBE0031F21A70E9EBEE70655
:10366000CE9FB6BEE7FF0093E0041F22E014AF8EAA
:10367000E7FE0096E006D518EFFEDF78E7FE00D8FB
:103680008F86E009D2641401DEA1E0028FB5C78104
:10369000E002AFB5E7FE009A8F86E009D258140128
:1036A000DE95E7FE009308B2E0031FBC1701E004BB
:1036B000AF7F1402E0048FFFE0051E87E0031F19AF
:1036C000AF8D1780E0031EA1AF8EA10D8F0EE0001D
:1036D0001EBDE0041FA2AF0D171FE014AF1FE014C2
:1036E000AF2F17009FB2E706CF9EB7B2E002D9987E
:1036F0009FB21701E706CF9EB7B20921E15300B987
:1037000008B2E0051907E00AD848E003D9EBE00267
:10371000DAA3DFCA8F82E200CF810109E200CF8302
:1037200001FADD918F82E200CF8101F9DEA800F37A
:10373000E0041F9C8F8FE12E3CAF27251701E12E5F
:103740003F9E27213F6FC77F3F19E02E3F3F3F3FFE
:103750003F29E201C77FE00D3F19E200CE9C021431
:1037600027123EE8C681C77FE00F3CAF3E99E201D9
:10377000C77F3F983F1D3C19E1808E9FE180AE9846
:103780003C7E01FB3882171C3F29E201C77F00E91C
:1037900008B1E0001F781780E0041EA2E006B78E93
:1037A000E006B79E8D5DE006B7AE252AC57F3FEAED
:1037B000E0041D15E201C7FFE0041E943D1F1581C2
:1037C0000088E0069FAE3E4FE006B62E3D7D011814
:1037D000E0808F9DE200CF9FE00C35BF02F33E6F8B
:1037E000E200CF8FC670E00C35BCE00F35BF05B6E8
:1037F000E0069F9E3D7D3E4FE006B61E01EAE006D4
:103800009F8EE0001CF6E006B7EE1503E0069F9ED3
:10381000E01A1451E006B7FEE0069FAEE007B78E4F
:10382000E0069F8EE01EB7FEE0069F9EE01FB78E6B
:10383000E0069FAEE01FB79EE00BD41CE0001CF535
:103840001503E01E1436E00BD415E0001CF415033C
:10385000E01E143008A1E168008DE0069E0E3FCC0A
:10386000E006B78EE7FF00B408B4E0001978E6FF81
:10387000C9F8E0059FD23A69E706CF93E005B7D2D1
:10388000E01E142DE0059CD2E00BD37AE6FFCC7449
:103890003C33E002D8C5E0059FA2E01E142AE70BE6
:1038A000CF93E005B7A2E0059CA20A21E16600E8FB
:1038B00008B4E6FFC9F8E6FFCCF9E00439B9E00046
:1038C00019783C64E002D8ACE0059FD2E01E142DCC
:1038D000E705CF93E005B7D2E0059CD2E00BD350CB
:1038E0003C64E002D89DE0059FB2E01E142BE70483
:1038F000CF93E005B7B2E0059CB20A21E16600C0B3
:1039000008B2E0001C73E00115301480E00BD69281
:10391000E0021F84E0001978E02016008F8FB602C5
:10392000E0012FD09F02E70ACF1FB7029F02E709ED
:10393000CF1FB7021780B792E00016ECB6A216218F
:10394000E004B662E7721605E004B7F2177FE005FF
:10395000B602E79E1637E005B622E73E1613E002F0
:103960001D83E005B632E0281694E0059E328D8B6B
:10397000E700CE4BE0021D82E005B632E0059E3244
:103980008D8BE707CE1BE005B632E0311669E00506
:10399000B642E7811662E005B652E06D1645E005D5
:1039A000B662E7F6160CE005B672E001164FE006C7
:1039B000B782E006B792E006B7A2E006B732E006AB
:1039C000B6421601E006B7D2E006B7E2E006B7F26B
:1039D000E007B782E007B792E007B7A2E007B7B207
:1039E000E007B642E0041600E007B652E7FE160A0A
:1039F000E007B662E0031619E007B672E02C16166F
:103A0000E008B602E008B692E008B6A2E00216812D
:103A1000E008B6B2E008B7C2E008B7D2E008B7E203
:103A2000E009B772E00AB782E00AB712E000176453
:103A3000E00AB7A2E00AB732E00AB7F2E00BB782B9
:103A4000E000DFB5E000DFF7E0041FD4E0001CF881
:103A50008F0FE0031FB03E6EE400C6183EEEE40098
:103A6000C68C3F9CE0041F629FEF3F1D8E8EE400DA
:103A7000C7878F1EC79336A33F9D3722E0089E82DB
:103A80003F9EE6F4CF8FE728CE8FE008B682E000B5
:103A90001559E0089F02E01E1400E720CF0FE00850
:103AA000B702E0089F12E728CF0FE008B712E0083E
:103AB0009F12E720CF0FE008B7120921E16500DA75
:103AC0009F821700E70ACF9EB78217019F82E709FE
:103AD000CF9EB782E7FE00B0E0041DE2E0031FB016
:103AE000F004193A1600F000118CF001137AE00E80
:103AF00036238C1BE80E3F128D2E8EBEE009342239
:103B000035283F693ECAC77FF0008B8BE3FFC77F34
:103B1000F0403A6DF400C207E9353F33F00A33A3B1
:103B2000C601F000B3AFE200CE04B53FC58CB44F80
:103B3000B4DFB6EFF000B27FE001B50FE001B51FD2
:103B4000F001B2AFE001B73FF001B35FF081B34FD6
:103B500001CF388208B7F8000C3B3B68E0041AE25A
:103B6000E400C30C39E8E00F3A96897FE402C1987B
:103B7000E200C903E401C10CF0001502E0021BB62B
:103B8000F0403DE31785E8403A6AE041C122F00089
:103B9000C5ACE06439AFF0031C19E3FFC17EF01B34
:103BA0003D972D2CF0403CEAE8403FE9E400C7B8DF
:103BB000E8028EA83F933F97E001A73FE8403CEB27
:103BC000E712CF4D3C62E001BF3FE8403D6AE00BA9
:103BD000D251F000C481E8403FE9E201C7FF3A7FDB
:103BE000C11CE3FFC17FF000C5B802DFE8028FA867
:103BF0003A96AFC5F8000DA80BE1F0001480E8403C
:103C00003FE9E400C7B8E8028EB83F933F97E00170
:103C1000A73FE8403CEBE716CF4D3C62E001BF3FD9
:103C2000E8403D6AE00BD226F000C481E8403FE95D
:103C3000E201C7FF3A7FC11CE3FFC17FF000C5B8B6
:103C400002DFE8028FB83A96AFD5F8000DA80BE175
:103C5000E0041C13E0051C863DE81700E000160395
:103C6000E0808E9B3D6EE12F3ECCE12D3EBCE4001A
:103C7000C78EC5013F993F9DAF0FE0403F6AE2010B
:103C8000C77FE200CF2A01EDE0041E12E0808E9C87
:103C90003DEEE6FFCFFDC783E400C78E36C13F99F6
:103CA000C5813F9D3C7CAF0F3F6BE201C77F01EFB9
:103CB000E0051E86E0001CF817003FEEE201C7FE9B
:103CC000E001C7E43F999E1F8D0D8D9DE700CE7AE0
:103CD000B61FC7029E1FE201C77FE708CE7BE20046
:103CE000CF46B61FC68201EAE0001CF21523E01899
:103CF000141AE16300BF000008B2E0041922E012C8
:103D00008CE2249AE0138D42E0001DF8E000178059
:103D1000E00E3F9A3F12E0018E1EE0018EAE3F6F33
:103D2000C782E201C77E3628E201C7FF3E9C3F1BE7
:103D30003FF9B6BE04EEE0001C71DCFBE0128D72B0
:103D4000251AE0138CE2E0001DF81780E00E3F9981
:103D50003F12E0048E3EE0048ECE3F6FC782E20148
:103D6000C77E3628E201C7FF3E9C3F1B3FFAE002B8
:103D7000B69E04EDE0001CF1150EE01E1403E00BEE
:103D8000D179E0001CF01515E01E1411E00BD17282
:103D90000921E7FE00DF3F6AE402C498E400C73867
:103DA000E00F35223F193F98E0021CB69F8F3C9EE2
:103DB000A689E6F6CF7FE0413F4EE728CE9EBE893A
:103DC000E6F5CF7FA699E0413F4EE6D7CF7EE728C4
:103DD000CE9EBE99F6F4CBFFA629E8413EC7E72860
:103DE000CE1EBE29E6D7CEFDA739E6F3CE7FE72863
:103DF000CF1DBF39E0413F4CA5C9E6D7CF7EE728AC
:103E0000CD9DBDC93522A6D93D18E728CE9EBED985
:103E1000F0403AEFA6E9E6F7CFFFE728CE9EBEE9ED
:103E2000E0413F4F9F9AA5F9E6F6CEFFE0413ECD37
:103E3000E728CD9DBDF9E6F5CEFFE001A589E0417B
:103E40003ECDE6D7CEFDE728CD9DE001BD89E6F465
:103E5000CDFFE001A419E0413D4BE728CC1DE00176
:103E6000BC19E6D7CD7AE001A429E6F3CEFFE72816
:103E7000CC1AE001BC29E0413C4DF001A339E6D762
:103E8000CC78F728CB1AF001BB39F201C2FFE00170
:103E9000A549E40E3728E728CD18E001BD49E40E16
:103EA0003748F001A359F8413BC7F728CB18F00178
:103EB000BB59F40A33A8A409E40A3548EF20CC051D
:103EC000BC09E0413E4CA419E40C3628E720CC0E96
:103ED000BC19E40C3648A729E0413ECDE720CF0AC3
:103EE000BF293C6FA739E201C47FE720CF0CBF395F
:103EF000E6F7CFFFA749E0413FCFE720CF0CBF490E
:103F0000E40F37A8A759E40F37C8E720CF0CBF59F3
:103F1000E40E36A8A569E0413DCBE720CD0CBD6994
:103F2000E40B35A8A6F9E40B35C8E720CE88BEF926
:103F3000E40E3748E001A689E720CE8FE001BE8974
:103F4000E001A799E720CF8BE001BF99E001A7A985
:103F5000E720CF8EE001BFA9E001A7B9E720CF8E0F
:103F6000E001BFB9E001A7C9E720CF8EE001BFC9DA
:103F7000E001A7D9E720CF8EE001BFD93882000049
:103F800008B7F8000C3CE1FEC074E0041DA23968DB
:103F9000E0128EEBE0128D7B39E9E0138AEBE0074B
:103FA00036A1E00125583C6AC47FE201C47FE00CE1
:103FB00032A13C153CE5E000C4E8C67E34213C9BC0
:103FC0003E123C12E0001203E0808F19E0809B1C3F
:103FD000E12F3F44E12E3F34E400C78E3C7C3F9EFE
:103FE00037A1E2007F043F9EB30F01EFE200CD292D
:103FF000E00105B18A5B3C623221E0138CCB3A12BE
:10400000E000C45426A63FEDC7FFE201C7FFE00C65
:1040100034A13F993D69E000C54CC67E37A13E14EE
:104020003D1B3A1FE0808F1AE0809A9CE6FFCFFE8E
:10403000C783E400C78E37413F9E37A1E2007F046B
:104040003F9E3A7CE000B28F01EEE200CE99029CE6
:10405000E00E3E99E00F3D9EE0098E5F3721E6FFBE
:10406000CFFCC783E400C78E36413F9C3F18C68112
:1040700037A19F0EE2007E04E201C6FF3F9CE200F2
:10408000CE9AB70F01E63F63E400C70CE0041FE2DD
:10409000F0403DE33F9E8AFFF402C598F0403CE5C6
:1040A000F401C48CF0021C36E200CA833BE3F04109
:1040B000C48CF000150017851202F0403E60E40049
:1040C000C3C6E06439AFF3FFC4FCF81B3D98F000B1
:1040D000C602E8403D6A131CE200CA83E40A354880
:1040E0000135E8403D6AE400C50EE8403E6C17002B
:1040F000E00A3D17E00F3D1E37A2E80F3F98E08031
:104100009D9CA68FC701E728CE9BE200CF0EBE8FF5
:1041100001F2E8403CEBE8403C693D66E00ADFAA7A
:10412000F000C501F40A3528E40F35483A7FF00065
:10413000C49CF3FFC4FFF000C5B8F000C61C02CD5C
:10414000E001C00CF8000E280BE13CE33C62DE24E9
:1041500000E1E0093521E00C3D15C4FEE000C66831
:104160003C973E1B3C921403E0808F1CC501E12F5D
:104170003F48E12E3F38E400C78EE0809A193F9E09
:1041800037A1E2007F04E201C57F3F9EE200CD2A15
:10419000B20F01EBE7FE00B008B7F8000C3B3F6838
:1041A000E400C70CE0041FE23B683F9E8F7FE402FF
:1041B000C318396EE401C10CF0021C36E200CF03D3
:1041C000E041C10CF0008CEF3BE81785120239E8A2
:1041D000E400C3C6E06439AFE3FFC17CF01B3C16CA
:1041E000F0001500129C009FE8403FEAE400C7B8C9
:1041F0003F96E80F3F98A74FEF31CF09BF4FE840F8
:104200003CEB3C623D65E00ADF35F000C501E8406B
:104210003FEAE201C7FF3A7FC11CE3FFC17FF00024
:10422000C5B80599E200C98202E0E8403E6AE400B0
:10423000C60E1700E00C3E17E00F3E1E37A2E80F37
:104240003F98A68FC701EF20CE89E200CF0EBE8F28
:1042500001F400D6F8000DA80BE108B1E00D3442DE
:104260003E6DE400C60CE0041F62E0001FF83F1C36
:104270008DBEE00B9E2F8D2EE706CE6BE00BB62F8A
:10428000E200CE81E00B9E3FE0018D9EE725CE0A45
:10429000E00BB63FE00B9F3FE700CF5BE00BB73F83
:1042A000E0020124E00104FDE200CE82E00001749E
:1042B000E200CE8301B3E0031F30E0149E9FE005CF
:1042C0009DCEE0059E6EE720CEDBE014B69FE00DAC
:1042D0009EBFE720CE9CE0041E3AE00DB6BFE00D85
:1042E0009ECFE0038DDCE0069E0EE725CE8BE00D31
:1042F000B6CF168FE0139F7FE720CF4CE013B77F38
:10430000E00C9F7FE700CF4DE00CB77F1685E00CF7
:104310009F7FE704CF4DE00CB77FE200CC0DE000BB
:1043200005ECE00B9F5F1681E700CF3DE00BB75F28
:104330001682E00B9F5FE703CF3DE00BB75F16836C
:10434000E00B9F5FE706CF3DE00BB75F1684E00B05
:104350009F5FE709CF3DE00BB75F1685E00B9F5FDE
:10436000E70CCF3DE00BB75F1504E0001CEFE01851
:104370001401E00ADE7FE0001CEE150AE018140EBE
:10438000E00ADE78E0001CED1503E018144608A1F1
:10439000E15C00F0E0031F30E0149E9FE0049E0EFD
:1043A000E0049DAEE720CEDCE014B69F1685E00D5C
:1043B0009E3FE720CE1BE0041DBAE00DB63FE00DA6
:1043C0009E4FE0028D5BE0049DCEE725CE0AE00D16
:1043D000B64FE0139F7FE720CF4BE013B77FE00C91
:1043E0009F7FE700CF4DE00CB77FE00C9F7FE70495
:1043F000CF4DE00CB77F1681E00836B83F68E24445
:10440000C7222F2B3E68E202C611E0012E0AE220ED
:10441000C400E7FF2408E00B9F5FE700CF3DE00BFF
:10442000B75F1682E00B9F5FE703CF3DE00BB75FFE
:10443000E00B9F5FE706CF3CE00BB75FE00B9F5FB1
:10444000E709CF3CE00BB75FE00B9F5FE70CCF3C89
:10445000E00BB75FE7FF008AE00B9F5F1684E70081
:10446000CF3DE00BB75F1605E00B9EDF1700E703BB
:10447000CEBCE00BB6DFE00B9EDFE706CEBEE00B66
:10448000B6DFE00B9EDFE709CEBEE00BB6DFE00B48
:104490009EDFE70CCEBEE00BB6DFE7FE00E7E003F1
:1044A0001F30E0149E8FE0019D8EE0019E2EE720DC
:1044B000CEDBE014B68FE00D9EBFE720CE9CE0047B
:1044C0001E3AE00DB6BF8DDCE00D9ECFE0019E4EA2
:1044D000E725CE8BE00DB6CFE00D9F1FE720CF4C38
:1044E000E00DB71FE7FF0089E0031F30E0149E8F47
:1044F000E0029DCEE0029E6EE720CEDBE014B68F98
:10450000E00D9EBFE720CE9CE0041E3AE00DB6BF52
:10451000E0018DDCE00D9ECFE0039E0E00DAE00BA3
:104520009E5FE700CE3DE00BB65F1602E00B9EDF1C
:10453000E703CEBCE00BB6DF1603E00B9EDFE70619
:10454000CEBCE7FF009E0000F0403B68F0041BE299
:10455000F400C30C3DE93FE8E400C58EE400C7C6A3
:10456000F80E3B96E0021E368D6E3D9FE000170070
:10457000E00F3D9E37A23F9CA68FC701E720CE8A61
:10458000E200CF0EBE8F01F5E200CC82E00005E92B
:104590003FE9C7FDE200CF81E00005C43EE8E0044A
:1045A0001F3AE400C4B8E402C698E00F34233F1F6A
:1045B0008F8E3C9D3E198E9EE6DECFEFA70C3FCD41
:1045C000E736CF2FE400C418E0031FB0BF0C3C1F38
:1045D0009F48E001A7AC9EA8E736CFAEE001BFAC94
:1045E000F8173B96E001A7CC9F68E737CF9DE00125
:1045F000BFCCE001A7DCE8008ED7E736CFAEE00104
:10460000BFDCE001A7BCE8008F47E716CFCDE00193
:10461000BFBCE001A7BCE712CFCEE001BFBC38822F
:104620003EE8E400C4B8E402C698E0041F3AE00B98
:104630003C9D3D9CA7BBA53BE40F37C2E25FC7FF93
:10464000E732CD6FE00F3423BD3BE0153F1FF8008C
:104650008AE5A56BEF1CCD45BD6BE7FF00AA3EE8E0
:10466000E400C4B8E402C698E0041F3AE00F342323
:10467000E00B3C9D3D9CE0153F1FF8008AF5A56BC3
:10468000EF1CCD45BD6BE7FF009408B1F0001AECBC
:10469000E001150A1480E8403C65E00ADFCBE00049
:1046A0001FF8E0821081E00BB0AFE0801520E00B36
:1046B000B53FF0B11351F00BB35F1681E00B9E6F65
:1046C000E0041F22E70CCE1DE00BB66F161A8D4ECC
:1046D000E00B9DEF3E2AE708CDCCE00BB5EF162AA4
:1046E0008D5EE00B9DEF3E2AE704CDCCE00BB5EFED
:1046F0001600E00B9D6F158AE700CD4CE00BB56FFF
:10470000E00010E4E00BB5FFE0081500E00CB08F0E
:10471000F0403AE8E00CB51FE0041400E00CB43FB0
:10472000F00013A4E00CB44FE0121081E00CB45F71
:10473000E8403CE5E00CB6EFE000154DF00CB3FFAF
:10474000E0181400E00DB08FE02010C0E00DB09F25
:10475000E00A1081E00DB6AFE00DB5BFE00DB0CFBF
:10476000E0021080E00DB6DFF00DB3EFF00DB3FF07
:10477000E00EB68F1694E00EB69FE00116B4E00E80
:10478000B0AFE00010FDE013B66FE013B6FFE0013C
:1047900016BCE014B08FE014B69FE014B62FE014FE
:1047A000B63FE014B5CFF014B35FE00B9EAFE0145A
:1047B0008DFEE0158E0EE70CCECBE00BB6AFE00D14
:1047C0009E8FE0158D9EE707CECCE00DB68FE00CF6
:1047D0009EFFE0158E2EE700CECBE00CB6FFE00C7E
:1047E0009F7FE704CF4CE00CB77FE00ADC43E00199
:1047F0001F86177FAF0F08E108B7F8000C3EC068AE
:10480000E0021BB6E0041EE21700E041178CFA023A
:10481000CF02FB24CEC87F017E827F837B84F000A1
:10482000148063016682E402C3188AFDE00E3B96A1
:10483000F0006401E200CA83178211857F05C73C3E
:1048400061036204E8403CE9F201C47FE063392F70
:104850007F06E8403FE9E400C7B8EA92CEA43F965D
:10486000E01C3B9FF800BF0CEA49CF90F800BE9CCB
:10487000EA3CCF00E800BFACEA00CFB8E800BEBC1D
:10488000EBE7CEE4E800BF4CF0001500E800BFDC29
:10489000EBFFCF7CE800BEECEA08CF80F800BD7CDF
:1048A000EB78CE80F801BD0CE41B34C8E801BF1CD6
:1048B000EA2DCF0CE801BFACEA00CFFCE801BEBC9A
:1048C000E8403CEBE801BF4CE8403C68E801BFDC55
:1048D000DE3CE200CA81E001012BE0010499E20024
:1048E000CA82E0000173E200CA8301B7E801A52C87
:1048F000E0051C9915813D59E801BD2CE801A52C66
:10490000E0041EE2E715CD1BE0058CADE801BD2CEF
:10491000E800A55CE712CD1BE800BD5CE800A55CE3
:10492000E713CD1BE800BD5CE800A58CE714CDA51E
:10493000E800BD8CE800A58CEF13CD9AE800BD8C93
:10494000E800A5CCE731CD89E800BDCCF001248B8F
:10495000F200CD81E00101363CE43C62151CE00A26
:10496000DB89F000C481F40934A8E40F34C839FFAE
:10497000C11CE3FFC17FC238E7FE02ED3FE3C7FF82
:10498000E201C7FFE400C79C66836701C79CC701BB
:104990003F9DE3FFC7FF7F017F83670267846681D6
:1049A000C70CE002C798E200CE847F027F84E7FE56
:1049B00001B8E0001CEB1508E018143DC018F80021
:1049C0000F280BA1E15600D6E801A5ACE0051D19A2
:1049D00017013DDAE801BDACE801A5ACE714CD9EB6
:1049E000E801BDACE800A5ECEF1BCD9AE800BDECFA
:1049F000E800A65CE712CE1EE800BE5CE800A65CFC
:104A0000E713CE1EE800BE5CE7FF00A8E801A72C74
:104A1000E0051E193F5CE801BF2C1601E801A72C38
:104A2000E713CF1CE801BF2CE7FF0098E801A72C93
:104A3000E0051E193F5CE801BF2CE801A72CE71236
:104A4000CF15E801BF2CE800A75CE712CF15E800FE
:104A5000BF5CE800A75CE713CF15E800BF5CE7FE8A
:104A600000FD67056685A79EE001177FE732CFEE60
:104A7000BF9DE0601700A7ADE0001E78EF32CFE9E0
:104A8000BFADA7BDE732CFEEBFBDA72DA79DE40EFA
:104A90003742372EE40F37C23F9EE012B7ECA7AD86
:104AA000A73DE40F37C4E40E3742372C3F9EE01297
:104AB000B7FCA7BDE40F37C6E013B78CE7FE00CE06
:104AC00067066686A78EE001177FE732CFEEBF8DBF
:104AD0006705E0001DF8E002A78EEF32CFEAE002A2
:104AE000BF8EE002A79E6685E0601700E732CFEE3A
:104AF000E002BF9DE002A70D6686E40E3742A78D57
:104B0000372EE40F37C23F9E6705E013B7ABE002D4
:104B1000A78EE002A71EE40F37C4E40E3742372CFD
:104B20003F9E6685E013B7BBE002A79DE40F37C642
:104B3000E013B7CBE7FE009208B1E0001C6A151A3B
:104B40001480E00ADD77E0041F9CE0041E228C8FB5
:104B5000E0128D6C3FE9E400C7833D1F2525E0137B
:104B60008FCC3DE9E5FFC5FD17003E1FE0001C6A44
:104B70003FEE3EEE3E1BF0403BEE008CF000AB8B78
:104B80003F99E201C7FF3FFAC701E201C77F3EEF4D
:104B9000030BE200CF8B3E9CE00B3C1E05F0E015C2
:104BA0008EFDAE8B00EEE0001CEA150DE01A142F0E
:104BB00008A1E15400DF0000E0041FA2E0128E7F94
:104BC000261EC67FE0041F95E201C67FE0041E9406
:104BD000E0041D91E0001D78E00C3E1FE0808F1D79
:104BE0003FEEE201C7FEE6FFCF7E3F9A3F9EE080A8
:104BF0008F1BE003C7C43EFCAF0F01F1E0001CE9CE
:104C00001515E01A143CE15400B5E02900CF00006E
:104C1000E0041F1CE0041FA28D0E8FCFE0001EF8E1
:104C20003F9AC7FFE02F3FBA1700E201C7FFE01F1E
:104C3000B72D3DEFE0041E10E01FB73DC583E01F18
:104C4000B74DE201C5FFAF8CE200CD83E0041F8FBA
:104C5000E01FB75D1703AF0F059F170314813FEEE9
:104C6000C7F0E200CF0FE00F34BFE0433F9F05A144
:104C7000E200CD010586E01F9E3D3E4FE01FB63DA0
:104C8000E01F9E5D3FCCE01FB7DDC7013FEEE201B4
:104C9000C7FF3DFF02E5E0041F0EE0149FEDAD8E5F
:104CA000E70BCFDBE0041F1BAD8EE014B7ED3882BD
:104CB000E200CD01E00F34BEE0433F9F0586E01FD8
:104CC0009E2D3E4FE01FB62DE01F9E4D3FCCE01FB6
:104CD000B7CD00DCE0001FAF8F0F27298F8FE004D6
:104CE0001F7EE200CF81012B2C3DE0018E8EE00182
:104CF0008D9EE0018FCEE0018D2E35AA36AC3E9B15
:104D0000E0018DBE3F9DE00D3528E0001E783F9DFF
:104D1000E00D35A43F9DE015B79CE0018F5EE016E5
:104D20009FECE700CFEEE016B7EC3882E0041FFE00
:104D30008F0FE0001FF8E015B71F38828FCE8D9ED1
:104D40008E2E37AC35A4E0001EF83F9B3F9CE0154B
:104D5000B79D8F3EE0169FEDE700CFEEE016B7ED72
:104D600038828E5E8EEEE0001FF836243E9CE01501
:104D7000B69F8F7EE0169EEFE700CEEEE016B6EF10
:104D80003882E0001FAF8F0FE200CF0101023882AE
:104D900008B23FE8E000C7CAE0041EA237A23F9D68
:104DA0008D1FE0041EFE8DAF8E3F8FCF3C6EE00066
:104DB0001978AD1DADADAE3DAFCDDF8DE0159C9248
:104DC000E01A1403E00AD8DCE0169CE2E01A1410A2
:104DD0000921E15100D5E7FD00F1E0041E8DE0005E
:104DE0001540AD0DE0001544E0041FA2AD1DE00428
:104DF0001E8C8DCF1784AF8DE200CD83E0041E1C86
:104E0000E0041E8BE0041F0AAF8CAF8D1780AF8EBD
:104E10001788AF9E02831781AF8C3882E0041EA2F0
:104E2000E400C407E0001DAFE00E3E983E6E3CEE8D
:104E30008F8BE002C619E002C49A8E0CF0008B89B9
:104E400027938F8BE0109D5DE0109C6DE200CF8179
:104E5000E6D8CD0A34483C4A01298F8BE200CF8244
:104E6000E00001423882E0041F5AE6FECE6CE00406
:104E70001FFE3E1EE0041F0C8F8F8D8EE00F9C2DB9
:104E8000E01E8F3D37A18E8C3FAB372834483FBDA5
:104E90003C4E3C3DE82F3FB7E8283C37E0041F0B71
:104EA000C7FFE3FFC47FAF8E3882E0041FDAE6FE5F
:104EB000CE6C3E1FE002C7188F0E8F8C3FBEE00401
:104EC0001F0BE8373FB78F0EE00F3F18F0403BFF56
:104ED0000105F0083BAEE3FFC47F2445C47FE3FF38
:104EE000C47F3882E0041F0B1600E01F8FEDAE0E6A
:104EF0002799E01E8C3DE00F9FAD342837C83FC88E
:104F00001405E12E3FC82712E6FECF6FE8403C674C
:104F10002F0417041404AF09E0283FB8E3FFC47F4F
:104F2000388217811401AF893882AC0900F608B7BE
:104F3000F8000C3AC078E0001C68E0041AA2E00116
:104F4000155C1480E00ADB76E01F8FD5E00019784D
:104F5000E0011617E200CF82E014B662E003015DC3
:104F6000E0149EE2E01E8F35E00F9FA51600E706D5
:104F7000CEBC372837C83FCEE014B6E2E014B7F213
:104F80001780E0041B89F0041C083B60F0041D0737
:104F9000F0041C86E84039E8C3041200AF873CE304
:104FA000E0408C53C187E001DD94E0418FC38E87E0
:104FB0003F643EFFE180B416C701E00D344803882A
:104FC000AF87E800AE89E800AC19E800AA0A3A6E9B
:104FD000E201C27FE200CA0301E3E8008E88E00339
:104FE0001F991400E006AEDFE0149FE2E709CFA4AA
:104FF000E014B7E2DF14E0149D62E8008F88E0045B
:105000001C8AE6C8CD88E6F8CE08E0041F0BE7044A
:10501000CD2FAD89E200CF83AE19E0041E858F0E3F
:10502000E014B562E0041D04AD8DAE1DAF0A5A0256
:10503000E0030119E015B2023FE8E0128EF5E0044A
:105040001E03E0128D658D8C36A8E0041E023D1D06
:10505000E0041E818E0C8E8DE402C581E015B52220
:105060003628E015B5B23E9CE015B6C2E201C7FF96
:10507000E0159ED2E01E8E75E720CE8FE015B6D2E9
:105080001180E0159ED2E01F8C65E728CE8FE015D9
:10509000B6D2E00016E4E0159FE2E720CF8EE015DF
:1050A000B7E2E0159FE2E728CF8EE015B7E2170AD6
:1050B000E015B772E0021785E016B7821704E01614
:1050C0009F82E720CF8CE016B782E0021601E0163F
:1050D000B192E016B1A2E016B632E016B1C2E01607
:1050E000B6D2E016B762DDF7E8008D88E00017C0A1
:1050F000E016B7F2E200CD83E017B182E002012CA6
:10510000E017B232E0041F005F838C8EE200CC8394
:10511000E002011BE017B7C2E0031F7F5F848D0E22
:10512000E200CD03E002010AE017B7D2E0001EAFB3
:105130008F8DE0012FDEE0041FFEE01E8E35E00FB4
:105140009F258F8F362837483F4C37A13F9EE01769
:10515000B7E2E0179E62E017B672E0179F62E018B0
:10516000B702160AE0189F921701E700CFABE018CC
:10517000B7921780E0189D92E702CDA9E018B5928A
:10518000E0189D92E704CDAAE018B592E018B62287
:10519000E018B632E018B642E00F1640E018B652FA
:1051A000E018B762E018B772E019B702E019B792D9
:1051B000E019B7A2E019B732E019B7C2E019B7D2C7
:1051C000E01AB712E0301708E01AB7A2E01AB732B7
:1051D0008F8DE200CF82E01A9FB2E0010128170014
:1051E000E704CF9EE01AB7B2E70317F9E01AB7C297
:1051F000E0341602E01FB6728F8DE200CF82E01F0E
:105200009FF2E00101371700E700CF9EE01FB7F2E1
:10521000E022169FE0001FE7E01F167FB68FE02414
:105220001692E0001FE61724B60F1605E0001FE5F2
:10523000B68FE00816BCE0001FE4B60F1601E000D0
:105240001FE3B68FE0091696E0001FE2B60FE008F4
:105250001632E0001FE1B68FE0481689E0001FE03B
:10526000B60F1632E0001FDFB68FE00116AAE0008D
:105270001FDEB60F160AE0001FDDB68FE0001FDC50
:10528000E0001EDBB70FE0011796B60DE0411616E1
:10529000E0001EDAB60D1606E0001ED9B78DE0005C
:1052A0001ED8B70DE00016C0E0001F57B68EE7C449
:1052B0001680E0001F56B78EE0001748E0001FD5AB
:1052C000B70FE0001FD4B60FE0001FD3B68FDCA1EC
:1052D000E0001CD2E000156FE01A1400E00AD6CA04
:1052E000DC2CC008F8000D280BA1E7E400D3E00394
:1052F0001F7EE0031FFD8F0E8F8FE017B76216032E
:10530000E0031F7CE12F3FBC8F0EE017B7F2E018DF
:10531000B702E7FE00A8E01E8F55E01E8FE5372894
:105320003F9EE014B7F2E7FC00AD1701E704CF9E03
:10533000E01AB7B2E7FE00DA1706E12F3FBEE0172A
:10534000B7D2E7FD00F51706E12F3FBEE017B7C261
:10535000E7FD00E41786E1243A3FE017B232E7FDAB
:1053600000D31786E12F3A3FE015B782E7FC00E64D
:105370001701E700CF9EE01FB7F2E7FE00CB000069
:1053800008B4E0001A2F39E8E0041922E400C187CC
:105390008E84E00F39133F69E201C77FE002C798AE
:1053A000E200CE82AF0F0107E0001FFD8F8F3FF8B4
:1053B000010F0A61E01F8FE2C77FE201C77F27B7B5
:1053C000E0001FFDE01EAF528F8F3FF801F3178002
:1053D000E01EAFB2E0041F96AC9FDD218F04E00415
:1053E0001F8AE6C8CE88E200CF02AE8FAC1F012331
:1053F0003913E002C1188F82E0001A78E014B7F484
:105400003FE8E0159F54E201C7FFE720CF0FE0150A
:10541000B754E01A1401E0149CF4E00AD5B1E01589
:105420009CD4E01A14070A21E14B00AAE01EAF62E7
:10543000E7FF00BCE01E8F52E01E8FE2E0001A780A
:1054400037283F9E3992E014B7F4E002C19AE01584
:105450009FB48F03E01A1405E700CFFEE015B7B440
:10546000E0159CB4E00AD58CE0109FD2E0109C625D
:10547000E6D8CF8F34483C4F00C408B1C0781780BD
:1054800016057F817E022429E0021F26E00E8D2E64
:105490002524F0403BEF3C6F3CEF16810089C7812B
:1054A0003F6FE201C77F3F7A3CCB3C6D03933F6F78
:1054B000E200CF9FC765E00B36BFE00E36BE05F0B9
:1054C000C7813E4E3F6FE201C77F3F7AF0403BED20
:1054D00004EF2C17F0002B98E2007C841504E044C4
:1054E0001474E00AD5C717807F8115041785E20080
:1054F0007C84E04514047F82E00AD5BCC00808E142
:105500007C8100E97E0200E908B7E0041922E01579
:105510008F52E00A9FF2E0158EC2372837C83FCE7F
:10552000E0AF3E88E3FFC7FFE219CFE4E00002DD11
:10553000E00019FDE0011A108C83E206CFB3E4000D
:10554000C487E015AC32E00E39193E6EE002C61990
:105550008E8CE002C7183E948B8D8B0EE00002C645
:105560001782AF8CE002C4993C92E001DAB28F83DB
:105570003AE8E400C7873F92E002C7998C8F3A1956
:105580008F04E200CC833FEEE0AF3B86C7FFE02F05
:105590003FBE3F6FE3FFC77FE00D3748E01EAEB26E
:1055A000E0041E96AF1D01861706E1253C3EE3FF91
:1055B000C2FFE0031F193C65E006AFBEE00AD38DD1
:1055C000E01E8FB2E00F9CA237A834C88C033CCFFA
:1055D000DED88F83E00027C2E200CF81E0000167C0
:1055E000E200CF8201110BE1E20CCFFB0589E21151
:1055F000CFBFE00102881783AF8CE7FF00B51781AA
:10560000AF8CE7FF00B1E01E8F32E00F9FA2E000F9
:105610001978372837C8E017B2D23FCEE0031F7F92
:10562000E018B782E01A141B8F0EE0189F92E7046F
:10563000CFAEE018B792E0189C92E00AD4A1E01730
:105640009CD2E01A1417E00AD49BE0189C82E01A5E
:10565000141A0BA1E1490094E01E8F32E00F9FA2C3
:10566000E0001978372837C8E017B2B23FCEE0041F
:105670001F08E017B7E2E01A141B8F0EE0189F9284
:10568000E700CFAEE018B792E0189C92E00AD47819
:10569000E0179CB2E01A1415E00AD472E0179CE2FD
:1056A000E01A14180BA1E14800EBE01E8F32E00F66
:1056B0009FA2372837C8E00019783FCE1703E12FA3
:1056C0003FBEE017B2C2E01A141BE0041F00E0174F
:1056D000B7F28F0EE0189F92E702CFAEE018B792B4
:1056E000E0189C92E00AD44CE0179CC2E01A141611
:1056F000E00AD446E0179CF2E01A14190BA1E14825
:1057000000BF1780AF8CE7FE00AF3882388208B147
:10571000EB987C901520E9FFC4FEE0441468E00A91
:10572000D4A9E0041FA2E0041F1FE01F8FDF168131
:10573000E200CF82AE8E0105140108A1E7FD009FB3
:10574000140008A1E7FD009BE0021F411780A70E8F
:105750003EEFE0019CFEE0019D7E34C83DE9E00E95
:10576000349F3E6DE6FFCF7EC781C6012F043EEC1D
:10577000E201C6FFE200CF8501F3E00F35C53FFD32
:10578000010238823FEAE201C7FFE0413F0FE6FC39
:10579000CF4E37C43FFE01F6E6DBCCB9E6FCCD4A7E
:1057A0003CCAE0041401E14700EB08B2C07C396850
:1057B000E0041400E00AD3B27402C1035F825F0206
:1057C000E6F4CFCFC787E708CF4F7702E004140095
:1057D0005F82E705CFB277825F825F02C78FE70003
:1057E000CF5F77025C82E00AD3CBE0041400E00ACA
:1057F000D3957402C004096108B1E0001FF8168057
:105800003CEFE004C4B03F6FB689E004C732E05813
:1058100016B3B68E3F6FE004C734E00016F5B68EBF
:105820003F6FE004C7361683B68EE004C7B8E002C7
:105830001E8315058E0D9E8E1400E700CEBCB68E1D
:10584000E0071720B70FE00AD415DF7F1406DFAE9C
:10585000E0011FA08C0FD15908A1E146008708B4D0
:10586000C0783CE01501C484E01E1400E00AD3B8FF
:10587000E00019F81501E2007C88E01E1401E00A3E
:10588000D3AF9F931100E6F9CFFF27865F84E6FA36
:10589000CFFFE0002FE29F93E6F5CFFF27865F84DE
:1058A000E6F7CFFFE0002FD29F93E6F4CFFF2786E5
:1058B0005F84E6F6CFFFE0002FC29F83E6F2CFFFC2
:1058C0002FAB9F83E6F1CFFF2FA79F83E6FFC9F29F
:1058D000E6F3CFFF27865F82E6F9CFFFE0002FC413
:1058E000E0001FD114029C8FE00AD34A3CE015016E
:1058F000C484E01E1400E00AD3BD218CE200C10282
:10590000E00029481501E2007C88E01E1401E00A4D
:10591000D3B1C0080A615F82E6F8CFFF27D75F8264
:105920001701E701CF9E7782E001DAB12C4FC9025F
:10593000D344E201C17FD3EF00C95F841101E709BD
:10594000CF927784E7FF00BB5F841101E708CF9215
:105950007784E7FF00AB5F841101E707CF9277847C
:10596000E7FF009B5F821201E706CF94E20079080F
:10597000E0C0B7A2D322E0001FD114029C8FE00A3E
:10598000D2FF3D643CE2E01E1400E00AD37321C262
:10599000E01E1401E00AD2C25F84E6FBCF58E702A2
:1059A000CFBE7784E7FF00B0388208B1E0021F0164
:1059B000E0001FD0888EF000881EF00088AEF00056
:1059C000893EF00089CEF0008A5EF0008AEEF00099
:1059D0008B7EF0018B8EE0018C1EE0018CAEE0012D
:1059E0008D3EE0018DCEE0018E5EE0018EEEE001A5
:1059F0008F7EA88FF000A81FF000A8AFF000A93F8D
:105A0000F000A9CFF000AA5FF000AAEFF000AB7F92
:105A1000F001AB8FE001AC1FE001ACAFE001AD3FA6
:105A2000E001ADCFE001AE5FE001AEEFE001AF7F9E
:105A300008E1E0021F848F0FE0001FF8E000275408
:105A4000E0021E80E0079F5F8E8DE0011E7FE70A67
:105A5000CF1DE0011EFEE007B75FE0079F5F8E8D60
:105A60008E0CE709CF1DE007B75FE0011F7DE0075F
:105A70009EDF8F0EE708CE9EE007B6DFE0413F0EC7
:105A8000E0079EDFE720CE8CE0011E7CE007B6DF5A
:105A9000E0079EEF8E0CE728CE8CE0011E7BE0072E
:105AA000B6EFE0079EEF8E0CE720CE8CE007B6EF56
:105AB000E0089ECFE705CE9EE0011F7AE008B6CF52
:105AC0008F0E2F1BE0089ECFE706CE9EE008B6CFD4
:105AD000E0011EF9E0089F4F8E8DE704CF1DE0081E
:105AE000B74F3882E0079EDFE70ACE9EE0011F7ABB
:105AF000E007B6DF8F0E2767E0089F4F1681E706A5
:105B0000CF1DE008B74F00E5E0011E881600AE0D7E
:105B1000157FAE1D1780AD2D1700AE3D3DEEAD4D8E
:105B20001495AE5DE0001D78AE6DE008B7DAE000D8
:105B30001E7AE008B7EAAF8CAF9CAFACAFBC3FEECB
:105B4000C78437A13F9D9E0FE00A3E9EE70ECE2BF5
:105B5000B60FC7019E0FE200CF08E708CE3BB60F95
:105B6000E003ACCA01EDE0011C0715041480E14A12
:105B700000E1E00E3442E200CF0302B2E0001FFA7F
:105B80003F9E8E8FC681AE8F8E8FE200CE830583BF
:105B90001683AE8F08B2E001190834A58F823C98B5
:105BA0003F92E003AC4F8FE2E0021E00C78437A1B2
:105BB0003F929E8F8E0CE700CEF9B68F8FE2C7849E
:105BC00037A13F929E8FE70BCEBEB68F8FE2C78183
:105BD000AFE28F82C781AF822E0814000961E20014
:105BE000CC1405D914013882E00AD0D42477E0001F
:105BF0001FF88F628EE2E0089F4FE700CF4DE0086C
:105C0000B74F8F62E200CF048F62C70337213F1284
:105C10009F0E8EE2E6F2CF5E0293C6FFE400C683DB
:105C2000E0089E5F373D3F4CE008B75F1503E0009A
:105C30001CCFE01E1444E00AD21D14000961C6FB0B
:105C4000E400C683E0089E6F373D3F4CE008B76F25
:105C500000EEE0021FBF1580AD9F8F0F2735E004D7
:105C60001F31E0019F2EE210C7002F1F8F0F271D4D
:105C7000E0031F3CE0048EFEE200CE830116E00448
:105C80008F5EE200CF010111E0041FE2E0018F0FFF
:105C9000E200CF040126E0011F7816848F0EE00198
:105CA000AE8FE002AF4F3882E0011E771581E0042D
:105CB0001F62E0011EF8AD9F8F8CE001AF8E8F8DCB
:105CC000E002AFCE3882E0011EF7E0011F78E00469
:105CD0001FE28E8D8F0EE001AE8FE002AF4F388253
:105CE000E002AF4FE0011F778F0EE001AF0F388267
:105CF00008B4E200CC02011AE00419E23A6911008A
:105D0000E0018C03C18CE200CC030588C101E201F3
:105D1000C17FE200C90401F50A61E00F31223C1F96
:105D20003CE4E201C47FDF2600F21404DF23E0013B
:105D3000D8A6E0011F88E0038F1F2C0DE704CF18C1
:105D4000E003AF1F1681E0038F1FE703CF1DE003C1
:105D5000AF1F0A611681E704CF1DE003AF1F168055
:105D6000E0038F1FE703CF1DE003AF1F0A6108B3F5
:105D70003968DECBE200C9010119DF6CE200C9021B
:105D8000019114803C62DFB5E0011F888EEFE003D3
:105D90008F3F3E6DC67F168136BC3F4DE003AF3F5F
:105DA00009E114801414DEE600ED14801414DEE220
:105DB000E001198814801402DEDD8FE3E0038F33E5
:105DC000C7FFE00F313F3FCE3CE21414E003AFB316
:105DD000DED114801406DECE8FE3E0038F33C7FFDD
:105DE000E00F313F3FCE14821414E003AFB3DEC2A4
:105DF00014821406DEBF8FE3E0038F33C7FF313F09
:105E0000394EE003A93309E108B2E00119208C0200
:105E1000DE7C8C0214800921E7FE00ECE200CC1449
:105E200002B108B4C07C1181E00E31B83EEEE2EE62
:105E3000C6F72E88EA00CF903FDE2FA73C6FC00444
:105E40000A61E0011F06E00119088E8E3EF801117B
:105E5000AC0E7C01EFFFD20367813C6FE000DC27D2
:105E60008F92C78437A13F929F0FE708CF38B70FB3
:105E70001781AFB28C12E009DFFA17813C6FC004C2
:105E80000A6117803C6F3882E0011908EFFFD6BF26
:105E90008F92C78437A13F929F0FE708CF38B70F83
:105EA000A9B28C12E009DFE38F123FE33F12E00357
:105EB0008A5EE200CA1401438F128E82C7013F7DC1
:105EC000E7FF033EE0011F868F0F3F7401053C642E
:105ED000AA0FEFFFD1C43C64E000DBE98F12178109
:105EE000C705373F391E9F02E708CF38B702E7FFE3
:105EF00000A7E0021FAC8F8FE00027C108B2E001CD
:105F000019081700AF12167FAE221780AF32AE42CB
:105F1000E0041EC0AF52AF0DAF1DAF2DAF3D9F428D
:105F2000E0011E86E70ECF2FB7429F52AE0DE70E5F
:105F3000CF2FB7529F62E70ECF2FB7629F72E70E47
:105F4000CF2FB772E0019F02E70ECF2FE001B7021B
:105F5000E0019F12E70ECF2FE001B712E0019F2270
:105F6000E70ECF2FE001B722E0019F32E70ECF2FDF
:105F7000E001B7328F822F8309613882E0038C42BF
:105F8000DF4E2C7B1783AFB2096108B4E00119081A
:105F90003A68E003199000859F83E6FFCFFF2F87C3
:105FA0008FB2E200CF8101792A050A61E001D49C19
:105FB00000F80A21E13E00DA08B2E00119088FB2C8
:105FC000E200CF81010209618F92AFA28F92C78157
:105FD000AF928F128F823F7F03F78F923F92E00341
:105FE0008C4FDF1D2C711783AFB20961E0011E08D1
:105FF00017003FEEC78437A13F9C9F8F3EEEE6F926
:10600000CF9F3C7FE201C6FFC7010106E200CF0837
:1060100001F1E00016F53C6D388208B1E0031F90F5
:106020009F8FE6FFCFFF2F9AE0011E888C6D24130F
:106030009FCD37CE278500909F0E374E2F0DC781FD
:10604000E201C7FF8E6D3F6FC7043E7F37213F1DC2
:1060500002F4140008E1140108E1E001D44500E570
:1060600008B2E00119081401E0038FA22F8BE003AE
:106070001F909F8FE6FFCFFF2F868C321781E1287C
:106080003C0F0961E001D4308C321781E1283C0FCC
:1060900000F908B1E009DEEAE0011F881683AEBF0F
:1060A00017029E4FE0031D90E70ECE2EB64F1680CE
:1060B0009D5FE0001E3EE70ECD2EB55F9D6FE70EA3
:1060C000CD2EB56F9D7FE70ECD2EB57FE0019D0FE4
:1060D000E70ECD2EE001B50FE0019D1FE70ECD2E9E
:1060E000E001B51FE0019D2FE70ECD2EE001B52F99
:1060F000E0019D3FE70ECD2EE001B53F9F8BE70409
:10610000CF9DB78B9F8CE709CF9DB78CE0031FA96C
:10611000AE8F08E108B3E00119088FB2E200CF8129
:10612000010209E18F42C701AF428EC28F623EFE7B
:1061300003BB89C28F223F12E0038F4EE200CF14CF
:1061400002B337BE3F6FE2EEC7772F15EA00C79064
:1061500027AB3FE3C78437A13F929F8FE6F5CFDFA0
:10616000E200CF820288E412C7B0E0021C5F3CE389
:106170003C1FDC1BE0031F909F8FE6FBCFFF2FA18E
:106180003FE3C78437A13F929F0F1681E70ECF2DC3
:10619000B70F1701E0038FB2E003373339DFE003B5
:1061A000A9A2E009DE638F428FE2C7FF3F7FE7FFCE
:1061B000043A1702E0001FB5AF321700AF0F09E134
:1061C0003FE3C78437A13F929F0F1682E70ECF2D82
:1061D000B70F00E008B1C04CE0041FE2E400C48C3B
:1061E0003C9FE0018F29178BE200CF086F86E0010A
:1061F0008C9901183FE9C78B148834BFEBFFCFFCA3
:10620000E1293CBE3F9837C1E00217447F83E04359
:106210003C997F85E2007C04178077027784E00A4E
:10622000D034C03408E108B1C04CE0041FA2E9FF3B
:10623000C47C8F5F8EEFE01F8C8FE00F34416F05C1
:10624000E2007C047F8317067F8517806E846F06CB
:106250007784E00AD01AC03408E10000E20016009A
:10626000E200CC033639E40C36400130E200CC8841
:10627000022CE0041F22E401C4088FCE8F5EE6D713
:10628000CE7C3F9EE0041F643C1E27913DE8C5FE86
:10629000E0001700E0809E9BC701E3FFC77F3ECC74
:1062A0003F7FB68B04F8E200CFC3028FE00E37A128
:1062B000C77E3F18E0809E9EC781E3FFC7FF3ECCAC
:1062C000E200CFC4B68E01F73882E200CC8C027DAA
:1062D000E6D3CE3CE0041C63178400D9E200CC0373
:1062E000E0000166E0041EA217098E4D8FDD3F9C81
:1062F0003CFEE000035C3F68E400C70CE0041E6263
:106300003DE83E1EE0018F2CE0018E9C372A375D70
:10631000E401C588E0041EE48E7C3D9D16813E7D2F
:10632000E3FFC77FE00936B9E00005C627A2F040C9
:106330003B6FF1FFC37FF0403BEBFEB0CB76F0004C
:10634000C3823E6AE0403EEBF8163B17F0413A89C3
:10635000F0009B8CC602F0403BFE0587F0009B8D51
:10636000F8173BD5F000B38DC682E8403EF601F148
:106370001683E1283C0D241AE00016C3E12D3EAF40
:106380002695E00D37A13D1DE0413C893E9B9E0ACC
:10639000C7813E7EE3FFC7FFC50205849E0D3E59BF
:1063A000B60DE200CFC4C68201F33882170D178400
:1063B000E7FF00A027A2F0403B6FF1FFC37FF04052
:1063C0003BEBFEB0CB76F000C3823E6AE0403EEB92
:1063D000F8163B17F0413A89F0009B8CC602F0405A
:1063E0003BFE0387F0009B8DF8173BD5F000B38D83
:1063F000C682E8403EF601F11683E1283C0D2456A2
:10640000E00016C3E12D3EAF26D1E00D37A13D1DC2
:10641000E0413C893E9B9E0AC7813E7EE3FFC7FF69
:10642000C50203849E0D3E59B60DE200CFC4C6825C
:1064300001F3388208B7F8000C3EE0041C64E00465
:1064400015201480E00AD0F6E0021FBF1700AF0F3E
:106450001208AF3F118CE0011FA0F0041CE48C0F68
:10646000F01315C4F0001501E0021B5EE00012C637
:10647000EFFFDC7FF0041C621100E8403BE8F043D2
:106480003F14E0018F07F0403E62E200CF04F201CA
:10649000C67FE8403CEEE8403C6CC38C0112E20051
:1064A000C903E000017EE200C983050BDED83C622F
:1064B000E401C408E8403CECE8083C19EFFEDD626A
:1064C000C101E200C90401DEE8403C6BE009D1BD36
:1064D000DC9CDD10E8403C6ADD59E001D42EE00090
:1064E0002C5CF0041EE2F0403F68E0433B94E8017E
:1064F0008E0DE840396EE402C118F8403E6EE200AD
:10650000CE043916F201C67F3D653CE23C62E840AC
:106510003DECF000C68C010FEFFDD108F200CF0377
:106520003D623CE7E8403C6CE0000148E200C98382
:106530000502DED5F000C701F200CF0401D9C1FF8A
:10654000E0433993E3FFC9FFC27FE3FFC27FE7FF68
:106550000193E001D3F22C20E00419E43968E8014A
:106560008F883C62E401C408E200CF843CE2E2018F
:10657000C4FFC101F000C40C3C130103EFFEDD02B7
:10658000E200C90401EDE0011FA08C0FDBF1140152
:10659000F8000F280BE11400F8000F280BE13CE392
:1065A0001403DE5DEB987FD0E9FFC7FEA40F1483D0
:1065B000EFFEDCE8E7FF008A3CE31403DE9000C056
:1065C00008B1E001D3BA2403140008E11401DCDEB1
:1065D000DF32247BE0041F22E0148F9EE201C7F02B
:1065E000E014AF9EE000DA56140108E108B2E013AF
:1065F000114400863C62E009D128E001D461DFE16A
:10660000247A096108B7F8000C3D1401F000150068
:10661000F0021E7BF0001EF8F0011C88F0021C7DC9
:10662000E00419A2EFFFDCB3F000158AE840396AF4
:10663000E01A138A13011294E1D4125FE8169F8DB9
:106640003C67EF20CF8AE816B78DE8169C8DE009ED
:10665000DC97DC503C66DC9A3C65DCC9C404342120
:10666000E8083C199C88E8403C6CE6F5CCD9E4127B
:10667000C4B0E05BC4CCE8093C98EFFDD170E00900
:106680009D2325183DEAC5FFE3FFC5FFE00C35A1BA
:10669000E8403FECC7FEE80C3E1C1700E0809E9FE0
:1066A0003FFC3F1D01FCC58135A1E1223F3AF01CB2
:1066B0003E1B397405BFF000C503F201C57FF1FF31
:1066C000C5FFF201C5FFF7FF2DBBE0031F993F6235
:1066D000E003897FC701E400C164E0158C333126F3
:1066E000E12E393EF01EAD73E201C77FE004AF1F1B
:1066F000E004AF2FE01FAF03E01FAF13F004AD3F86
:10670000E005D74FE400C407E01E8DF33C13E01F03
:106710008E83E01F8F933E683F68E002C615E0025B
:10672000C716E002C417AF88AD8CAE8EF8000EA875
:106730000BE1E2EAC92F0587F000C502F201C57F2F
:10674000E7FF00BFE275C91705C1F000C501F201FE
:10675000C57FE7FF00B608B7F8000C381102E0006B
:106760001B7D11FF12011380F0403C628F8627A72A
:10677000E3FFC9FF012FE200CF8101A1E200C9813F
:10678000052F3C643AE3DC02E201C2FF3C65E00510
:10679000D9BFDBB03C64DBFAE001D2CF2C193C65F9
:1067A000E005DB9AE200C9010191E0031F818C0F33
:1067B000E005D9AE3C62F8000C280BE1E200C9808C
:1067C000050DE200CF82015E00DA396400D01100CD
:1067D00000ED39E7E043398300D539E400FCE840B7
:1067E00039E800F908B71401DBD1E0021FBF170038
:1067F000AF0FE0131344E0011920AF3F12808C0269
:10680000E0001A7DE0031981DAB33C66E009D01D8F
:10681000E001D3568C04E005D97B8C823C65EFFC0B
:10682000DF738C02EFFCDE372C058C03E005D9709A
:1068300000EDDF923BE88C03E005D96A23E7E00432
:106840001EA2EA187FB3E0148F2DE201C760E014A6
:10685000AF2D1702AF0FE005D8E48C02DA890BA147
:10686000E0120098E0041F221780E0148C2EE00E46
:10687000345FE6FFCF7EC7812F07E200CF8401F8A7
:10688000E6FBCC78388214013882EA187FB38F0F88
:10689000270DE0001E9DC77F968DAF0FE201CEC889
:1068A0000506EA187FB21701AF0F3882E0001F9C7F
:1068B000978FE3FECFB8037AEA187FB21701AF0FC4
:1068C00000F5EA187FB28F0F2708E0041F22169FF9
:1068D000E014AEAE1700AF0F388208B2C07CE004FF
:1068E0001922E0148F92E6FCCF4F2F303F6FE20069
:1068F000C710E0148EA22708176F3FDECE90E01479
:10690000AF92E014AEA21780E00E36DFE6FFCF7E36
:10691000C7812F22E200CF8401F83FEDE200C7904B
:10692000E6FBCEBD278B2E8D240AE0021FBF170188
:10693000AF0FC0040921E7F500DE2E92C004096103
:106940007C01DF5164012C7200FA7C01DE50E014FE
:106950008F92640100CCE6FBCEBD26E700F2C004B6
:106960000921E7FE00C1E00A00DCE0031FA1A78FB8
:106970009FBFE6FFCFFF3C6FE400CC01388208B236
:10698000E0031F9CA10FA782E001CF80BF82A792E6
:10699000E3FEC78027979F921701E703CF9EB79228
:1069A000A792E20CC78027859F92E702CF9EB792FD
:1069B000E1FF17FFBFB2E7FE177FA7823FDEBF826E
:1069C00009619F12E703CF1FB7129F12E702CF1F83
:1069D000B712E0019C72E201C47FD5C000EA0C3915
:1069E000C06CE0603C08E0603C897C05E0603C0AEB
:1069F0007C847C03E0603C8CE0603C0B7C827C010E
:106A00003B003C0364056484E0603C186403E06080
:106A10003C99E0603C1A64826401C014E0603C9CD4
:106A2000E0603C1B0CA838000C380FBFC06CE06065
:106A30003C08E0603F897C05E0603C0A7F847C0381
:106A4000E0603F8CE0603C0B7F827C013B00178262
:106A5000E0613F913C0364056784E0603C18640397
:106A6000E0603F996782E0603C1A6401C014E06016
:106A70003F9C0FAFE0603C1B0C2838000EBFC06C81
:106A8000E0603E88E0603F097E85E0603E8A7F04EA
:106A90007E83E0603F0CE0603E8B7F027E813B00A6
:106AA000E0031FA11681A78FE0019F1FE70FCF1DF5
:106AB000E001B71FE00017C0E0613F913E836685AB
:106AC0006704E0603E986683E0603F19E0603E9AAC
:106AD00067026681C014E0603F1CE0603E9B0FAD22
:106AE00038000C380FBFC06CE0603C08E0603F89A4
:106AF0007C05E0603C0A7F847C03E0603F8CE060C2
:106B00003C0B7F827C013B00E0021780E0613F91FB
:106B10003C0364056784E0603C186403E0603F99CF
:106B20006782E0603C1A6401C014E0603F9C0FAFD4
:106B3000E0603C1B0C2838000C380FBFC06CE060D4
:106B40003C08E0603F897C05E0603C0A7F847C0370
:106B5000E0603F8CE0603C0B7F827C013B00E0808A
:106B60001780E0613F913C0364056784E0603C1856
:106B70006403E0603F996782E0603C1A6401C014DE
:106B8000E0603F9C0FAFE0603C1B0C2838000C38E5
:106B90000FBFC06CE0603C08E0603F897C05E060AE
:106BA0003C0A7F847C03E0603F8CE0603C0B7F828A
:106BB0007C013B00E0101780E0613F913C036405DD
:106BC0006784E0603C186403E0603F996782E0609E
:106BD0003C1A6401C014E0603F9C0FAFE0603C1BB6
:106BE0000C2838000EBFC06CE0603E88E0603F09B2
:106BF0007E85E0603E8A7F047E83E0603F0CE0603B
:106C00003E8B7F027E813B00E0031FA1A70FE001C6
:106C10009FFEE6F4CFFF2788E0019FFE1680E70B7A
:106C2000CF9DE001B7FE1790E0613F913E836685FE
:106C30006704E0603E986683E0603F19E0603E9A3A
:106C400067026681C014E0603F1CE0603E9B0FADB0
:106C5000380008B1E8000C37C06CE0603888E060AC
:106C60003C097885E060388A7C047883E0603C0CDD
:106C7000E060388B7C0278813B00DE8217A0E06107
:106C80003F91388360856404E06038986083E060F9
:106C90003C196402E060389A6081C014E0603C1CDA
:106CA000F0000BA8E060389B08A1380008B1E800AC
:106CB0000C37C06CE0603888E0603C097885E060A3
:106CC000388A7C047883E0603C0CE060388B7C027E
:106CD00078813B00E008DDC1E0031FE81703A78FC0
:106CE000BF4FE0081780E0613F91388360856404FE
:106CF000E06038986083E0603C196402E060389A94
:106D00006081C014E0603C1CF0000BA8E060389B80
:106D100008A13800E200CC0F0298EB987FD4E9FF7D
:106D2000C7FE34223F98A78F3F82E0031FA1A78FA1
:106D3000E0049F9F37CF2789E0031F8EA78FE002D3
:106D40009FBF37CFE0012FBF3882E0031FA1A70FFD
:106D5000E0049F9EE6FDCFFF27F8E0031F8EA78F7C
:106D6000E0029FBFE6FDCFFF27F0E0031E9C1780E7
:106D7000A60DE0031EEC9DDCE702CD9FB5DCE00133
:106D80009E3EE70DCE1FE001B63EE0019E3EE70AC3
:106D9000CE1FE001B63E9F8DCFA7B78D3882E003AE
:106DA0001FA1A70FE0049F9EE6FCCFFF27CEE003C4
:106DB0001F8EA78FE0029FBFE6FCCFFF27C6E00132
:106DC0009FBE1600E0031EECE70CCF9CE001B7BEAF
:106DD0009F8DCF88B78D3882E0031FA1A70FE004F5
:106DE0009F9EE6F8CFFFE7FF27B1E0031F8EA78F36
:106DF000E0029EBFE6F8CEFDE7FF26A8E0AB16AAAC
:106E0000E001B69F16009E9F1501E706CE9CB69F37
:106E1000E0019DBFE0031EECE700CD9AE001B5BFA5
:106E2000E0049F9EE707CF9CE004B79EE0019FBE71
:106E3000E3F8C780E001B7BE9F8DE001CFC0B78DFA
:106E40003882E0031FA1A70FE0049F9EE6F6CFFF64
:106E5000E7FE27FCE0031F8EA78FE0029FBFE6F648
:106E6000CFFFE7FE27F3E0019FBE1600E0031EEC14
:106E7000E70BCF9CE001B7BE9F8DE004CF80B78DBC
:106E80003882E0031FA1A70FE0049F9EE6F2CFFF28
:106E9000E7FE27DCE0031F8EA78FE0029FBFE6F22C
:106EA000CFFFE7FE27D3E0019FBE1600E0031EECF4
:106EB000E70ECF9CE001B7BE9F8DE040CF80B78D3D
:106EC000388208B1E000DA6AE0031F6C9F8EE100AF
:106ED000CF83B78E08E108B1E8000C37C06CE060E2
:106EE0003888E0603C097885E060388A7C047883E3
:106EF000E0603C0CE060388B7C0278813B00140F32
:106F0000DF0AE1001780E0613F9138836085640407
:106F1000E06038986083E0603C196402E060389A71
:106F20006081C014E0603C1CF0000BA8E060389B5E
:106F300008A1380008B1E8000C37C06CE060388860
:106F4000E0603C097885E060388A7C047883E06002
:106F50003C0CE060388B7C0278813B001402DEDB65
:106F60001784E0613F91388360856404E06038985D
:106F70006083E0603C196402E060389A6081C0146C
:106F8000E0603C1CF0000BA8E060389B08A13800D2
:106F900008B1E8000C37C06CE0603888E0603C095C
:106FA0007885E060388A7C047883E0603C0CE0609F
:106FB000388B7C0278813B001407DEADE00117803E
:106FC000E0613F91388360856404E06038986083B5
:106FD000E0603C196402E060389A6081C014E060AF
:106FE0003C1CF0000BA8E060389B08A1380008B1F9
:106FF000E8000C37C06CE0603888E0603C097885B8
:10700000E060388A7C047883E0603C0CE060388B78
:107010007C0278813B001409DE7EE0031E43E00021
:107020001EBF9F0CE0041FCFC701B70C9F0DC70107
:10703000B70D8F0F27048F0FC77FAF0F8F8F2F884C
:10704000E0031F9016819F0FE703CF1DB70FE003EA
:107050001EEDE0031F039F8DC781B78D9F8E278490
:107060009F8EC7FFB78EE0011F959F0F27049F0FCC
:10707000C77FB70FE003D0E8E000D90BE00417802A
:10708000E0613F91388360856404E06038986083F4
:10709000E0603C196402E060389A6081C014E060EE
:1070A0003C1CF0000BA8E060389B08A1380008B138
:1070B000E8000C37C06CE0603888E0603C097885F7
:1070C000E060388A7C047883E0603C0CE060388BB8
:1070D0007C0278813B00140DDE1EE0001FB0A78FFC
:1070E000A7EF27831400D3F3E0401780E0613F91BE
:1070F000388360856404E06038986083E0603C1900
:107100006402E060389A6081C014E0603C1CF000CA
:107110000BA8E060389B08A1380008B1E8000C37E4
:10712000C06CE0603888E0603C097885E060388AAF
:107130007C047883E0603C0CE060388B7C027881D2
:107140003B001403DDE8E0031FA1A78FE0019FFFD0
:10715000E6F2CFFF2783EFFFD3841788E0613F91EA
:10716000388360856404E06038986083E0603C198F
:107170006402E060389A6081C014E0603C1CF0005A
:107180000BA8E060389B08A138001780E06A3F90A8
:10719000E06A3F91E06A3F92E06A3F95E06A3F977C
:1071A000E06A3F9FE06A3F9B1701E06A3F1DE06A8B
:1071B0003F19E06A3F131703E06A3F141702E06AC1
:1071C0003F16E06A3F18E06A3F1AE06A3F9E388245
:1071D00008B1E009DA66E0603F87E0021F2FE001B6
:1071E000BF0FE0041F4EE001BF1FE0021F39E001A6
:1071F000BF2FE0001F3AE001BF3FE0031F70E00136
:10720000BF4FE0021F28E001BF5FE0031F47E0011E
:10721000BF6FE0031F02E001BF7FE0031F34E00205
:10722000BF0FE0011F0BE002BF1FE0031F6EE00273
:10723000BF2FE0041F72E002BF6FE0001F7CE0027E
:10724000BF5FE0031F06E002BF3FE0041F68E002EB
:10725000BF7F08E1E0021FF49F8FE6F3CFFF2F838B
:107260001400388208B5E0041AD4E0041A228C0510
:10727000E002197DE401C40C8D5439E8E004C1B08A
:10728000399235213CE33C12E009D99AE0071568B0
:107290003CE33C63E004D9268F54272E8E853FEDD6
:1072A000E401C78CE00C391FE004C6309E0CE003FB
:1072B000C60FE3FFC67FE204CE56029C3E6D3EEE53
:1072C000E400C646C6FFE004C7B0E201C6FF3E9C2C
:1072D000E00E3F92E0021FEC36A13E9F3F7D010C85
:1072E000E0809F9EE003C78FE3FFC7FFE204CFD695
:1072F00005F614010AE114000AE100001780E00419
:107300001EF03E6FE00E37A2C7813F1DE202CF8024
:10731000BE0E01F9E0031FA8E0051F1AA58FE003C8
:107320001F983D9EBF8D1781E00E37A2E00C3D9F58
:10733000C7813F1DE200CFEFBE0E01F7E0041FBC86
:10734000E0031D44E00FBF9DE0051E1BE0031FBCD2
:10735000E01ABD3DE00C3E2FE0031F3BE0031DBAE9
:10736000E01ABD4DE00F3E1E37A23F9DBF0FC70183
:107370003F7B01F9E0011F92E018BF9DE018BFAD0F
:10738000E013A7FDE800CF82E013BFFDE014A78D56
:10739000E800CF82E014BF8DE014A79DE800CF8203
:1073A000E014BF9DE014A7ADE800CF82E014BFADAC
:1073B000E014A7BDE800CF82E014BFBDE014A7ED44
:1073C000E800CF82E014BFEDE015A78DE800CF8282
:1073D000E015BF8DE015A79DE800CF82E015BF9DA9
:1073E000E015A7ADE800CF82E015BFADE015A7ED31
:1073F000E800CF82E015BFEDE015A7FDE800CF82E1
:10740000E015BFFDE016A79DE800CF82E016BF9D06
:10741000E0031FFBE01FBD4DE01FBFED388208B346
:10742000E0031F8EE0031E9CA78F11819F5FA10DBB
:10743000E709CF13B75FE0041FEFE0039F72E6EFA9
:10744000CF9FE700CF7FE003B772DF59E0031FA1B2
:10745000E0021E26A70FE0028F8CE0029E9EE6FE51
:10746000CD7FE70ECE9FE002B69E1680E0029D9E85
:1074700037C7E70FCD9AE002B59EE1FF177FB982CB
:10748000BF321708BF22E0019F12E0028E2CE709ED
:10749000CF1DE001B712E0019F12E708CF1FE00106
:1074A000B712E001176FE0019F92E720CF8CE00157
:1074B000B792E0039F92E720CF8EE003B792E001FE
:1074C0009FB2E700CFADE001B7B2E0613F82CFA04D
:1074D000E0613F9209E1E0041FF0E00E34223F1F1B
:1074E000A68EE9FFC4FCEBFFC6FEBE8EC401A68ECD
:1074F00034223EC93C1FBE8EA788EBFFC7FEBF8863
:10750000A7883CCFBC883882E0001FBD8F8FE6F98A
:10751000CFDF2C1E08B2E0613F0216DF3F5DE06165
:107520003F12E0031F1CA10EA702E001CF00BF0223
:107530002790E200CF84010FA782E7FE177F3FDE8E
:10754000BF82E0613F82CFA0E0613F920961388253
:10755000DED600F3EFFDD85600F0E0041FF0E00E99
:1075600034223F9EE0031F1CA78FA70EE0019F7EE1
:10757000E670CF0EE200CF000409E3FF177F3FDE85
:10758000E800C7848C8FE09600D3E09600C3E00447
:107590001FBE8C0F8F0FC701AF0F8F0FE200CF10F0
:1075A00005831710AF0F388208B1EA187FB48C0F2B
:1075B0008F0FF0041B22C701AF0F8F0FE0041E1CBA
:1075C000E200CF02E8138EE6F0008B8C058310807A
:1075D000A88FE0041F8F8F8F279BE0021F5DE06460
:1075E000C6F63CEF36A1C490E0051D843E9EE20144
:1075F000C4FF1710E00C3721C701E201C77FE6CFB7
:10760000CD0D3E1B3CFEB50CE000C6D401F4E004F9
:107610001F103CEF8D0E3D1F3D7F0525E0403E686D
:10762000E409C618F8128AF6E0051D84F0021B7DF5
:10763000E02DC666E00E3FA9E80E3F3738ECE8A122
:107640003F053EEF3F61C6903721C781E6D8CEFDAA
:10765000E80E3F16E201C7FFE6CFCF0E3E9B3FFA92
:10766000B70D046908E108B2E0041FC03F98890F14
:107670008F0FC701AF0FE0001F7A8E8F3C1E8F085F
:107680003EFE04831700AF0FE0011FA08C0FE00047
:10769000DC05240BE0041FA21400E0148F9FE6FC1D
:1076A000CFCF3FF8E0683922096108B2E6FCC9682B
:1076B0003C62DFDAE200C9020131E200C903011EC7
:1076C000E200C901010E3FE8E0021F5CE408C7E0E8
:1076D0003F9EE0051F04E6CFCF8FE001B78E096122
:1076E0003FE8E0021F5BE408C7E03F9EE0051F049F
:1076F000E6CFCF8FE001B79E09613FE8E404C7B150
:10770000E0021F5DE00EC79C37A13F9EE0051F040D
:10771000E6CFCF8FE001B7BE09613FE8E0021F5A14
:10772000E408C7E03F9EE0051F04E6CFCF8FE001ED
:10773000B7AE096108B1EA187FB4E0041C401680B6
:1077400015041480AE8FE009D775E0041C3E1503C4
:107750001480E009D76FE0031F8E1601A78FE000A9
:107760001F309EDFA70EE704CE9CB6DF1699E0051A
:107770001F83BE8E37DCBFDEE1FF16FFBEFE178023
:10778000E001BF8EE0051D9CE003BF9EE0041ECA21
:10779000E0041F49E0051E04E6CFCE8DE000BD8E5B
:1077A000E00E37A1C7813F1CE201CF80B68E01F900
:1077B00008E108B3E0001F301780A18EE004193EF5
:1077C000E001BF83AF828F82E200CF8FE00005E748
:1077D0008F82E200CF8FE00005CC8F82E200CF8F56
:1077E00005B28F82E200CF8F059A8F82E200CF8FA1
:1077F000058209E1DECDE200CC10017C3FE8C789BB
:1078000037A2AC223F93170BBF0F1781E001A703EC
:10781000E00837B83C4EE001BC0309E1DEB9E20004
:10782000CC1001643FE8C78937A2AC223F93170A06
:10783000BF0F1781E001A703E00837B83C4EE00115
:10784000BC0300D4DEA5E200CC10014C3FE8C789A0
:1078500037A2AC223F931709BF0F1781E001A7039E
:10786000E00837B83C4EE001BC03E7FF00BCDE9007
:10787000E200CC10E7FF01333FE8C78937A2AC2212
:107880003F931708BF0F1781E001A703E00837B83F
:107890003C4EE001BC03E7FF00A2DE7AE200CC1020
:1078A000E7FF0118E0041F1B3FE88F0EC78937A2CE
:1078B000AC12C70F3F93BF0F1781E001A703E00889
:1078C00037B83C4EE001BC03E7FF008408B6E00493
:1078D0001B3EE0001F308F86A18EE00027C2E0042F
:1078E0001A9B1100E0001201E0029F9337D2E6FFDD
:1078F000CFFF27B0A7E337D2E6FFCFFF27ABA7F331
:10790000E00E32323F4FE00F31223F93BF73E00170
:10791000A71FE200CF080117E001A71FE200CF096F
:107920000112E001A71FE200CF0A010DE001A71F2D
:10793000E200CF0B01088F05E001A69FC70FE040D2
:107940003EFE0188E001A79FE200CF8B058AEFFF92
:10795000D3E3C1018F86E201C17F3FF202C60B6112
:10796000EFFFD32C00F508B3E003196CE003198393
:107970009F82E7FF1701E3FFC7DBB782E0041FF137
:10798000AF0F9F832F8DE00414A41401D63A9F8279
:10799000E200C7A42784E01717B8B78309E1D4FD34
:1079A000E10414AF1405D62D00F3E0011FA08F8F62
:1079B0002F88E0041FDBE00014628F8F2F93388242
:1079C000E0051F808F8FE200CF81011DE200CF8292
:1079D0000124E200CF83011CE00717E8E0283FB84C
:1079E00038823C6FE000C463E0283C3F1702E02E81
:1079F0003C1E2766170CE12F3F2F27E2C47EE3FFD2
:107A0000C47F3882E00317F4E0283FB83882E001F1
:107A100017FAE0283FB83882E00217CDE0283FB8D7
:107A2000388208B1E0031F3C1681E0018FAEE2000E
:107A3000CF80E06D39AFE200CC013FED011EE200E6
:107A4000CC020198E0011EA08E8DE200CE820118CA
:107A5000E00F1450E0283C3FE3FFC47F3FE8C7FF3E
:107A6000E201C7FF14012785E000147DE1283FD81B
:107A700008E1E0048EDE2EE73C6FDF9800F0E001C5
:107A80008C1EE200CC0105EBC47FE3FFC47F00E75E
:107A900008B2E002192A1400DFC5AC021401DFC2EB
:107AA000E0051F8BAC0F1402DFBDE0031FF2E00303
:107AB0001E90AC0F17008902E0041FCFA90F9E0D86
:107AC000E0031FC3E703CE1EB60D9E0FE0031EB6F4
:107AD000B60DB70F096108B6E00419713B68E7FFFE
:107AE0001201E0031A90E1FF11FF008BAA02EFFFE1
:107AF000D2B93CE32C139F85E6FCCFFF2F8FD581B5
:107B0000EFFFD7352C742B0BE00414A41402E7FF0D
:107B10001781AF820B21E00A00F50B61E04414AC41
:107B2000140500F608B2110100833C62DFD5EFFFB7
:107B3000D299247C0961000008B11401EFFFD2271B
:107B4000EFFFD7152C7E08E108B3E0031FEC170008
:107B5000B70FEFFFD2872413E00319909F83E6FC51
:107B6000CFFF2F8C9F83E6FCCFFF396F2F873C62BE
:107B7000DFB39F83E6FCCFFF27FB09E1DFD400EDF5
:107B8000E0031FBCE00A8F8F2785E0031F9B8F8FC8
:107B900027841400E7FF00A108B1EFFFD6E8240214
:107BA00008E108A1E7FD00E108B11400D61F148028
:107BB0003C69EFFDDE7F14803C69EFFDDE57140069
:107BC000D604140008A1E00B00FC08B21401D5F89B
:107BD0001401D5FB1481E00119203C69EFFDDE465C
:107BE0008F82E200CF82010514813C69EFFDDE62E5
:107BF0001401D5FC8C02E200CC02010209610921CA
:107C0000E00E008E08B3E0031FEC1700B70FEFFF84
:107C1000D229242DE0011FA08F0FE200CF02012105
:107C20008F8F1180E200CF820107E0041FDB8F8F6E
:107C3000E200CF8C0596E0031910E0009F82E6FC7D
:107C4000CFFF2F86DF9E9F82E6FCCFFF27FCE0035D
:107C50001F9B8F0F27048F0FC77FAF0F298509E167
:107C6000DFA4118100E909A1E7FF00B1DF5C00D3C7
:107C700008B1DF631400D5BA14803C69EFFDDE1A49
:107C800014803C69EFFDDDF21400D59F1400D598F7
:107C90001400D2F2E0031F3C1780E0048F5E14A4AE
:107CA000E200CF03E0031F6CE069392FB78E1401A7
:107CB000E0041FF1E7FF1701AF0FD4A31401D2DCDA
:107CC0001401D57E1401D58114813C69EFFDDDCE10
:107CD00014813C69EFFDDDEE140108A1E00B008783
:107CE00008B1E0021FA63F6FE002C761E002C7E2F1
:107CF0008F0E8C0F37283C4EE008D5A7E0031F3CC1
:107D00001781E004AFFE1680E0051F071581AF8ED6
:107D1000171FE0041FCFAE8FE0031E90E0041FA2E8
:107D20009E0DE014AF1FE703CE1BB60DE014AF2F7E
:107D300008E10000E0021FBF8F0F271F8F1F2F1DBC
:107D40008F2FE6FBCF7E2719E0031FBC1701E0044D
:107D5000AF5F1600E0031F6DE0031F90B60E1681A3
:107D60009F0FE0041DADE703CF1DB70F9F0FAE0BB4
:107D7000E70BCF1DB70F38828F0F27678F9F2FE537
:107D800000FBE0031F109F8EE6F8CFFF2F823882A2
:107D900008B29F8E1680E707CF9DB78E11019F8E88
:107DA000E703CF92B78ED7D8E0011FA02C0DAC0F00
:107DB0008C0FEFFEDFDEE0001FF8E0059FDFE6FA44
:107DC000CFFF27840961A90F00F414813C690921C0
:107DD000E7BA00F0E0031EBCE00A8F0D2705E003C0
:107DE0001F848F0F2F19E0031F90E004AF5D1681F1
:107DF0009E0FE70CCE1DB60F9E0FE703CE1DB60FEC
:107E00009E0FE703CE1DB60FE0031E6DB70C9F0F4C
:107E1000E707CF1DB70F388208B1E0021F86E002E6
:107E20001F058F8F8C0E37A83C4FE008D50EDF2141
:107E3000DF58E0031F3CE0031F901600E004AE5E35
:107E400017019E8F1600E70CCE9EB68F9E8FE7031C
:107E5000CE9EB68F9E8FE703CE9EB68FE0031EEDBB
:107E6000B60D9E8FE707CE9EB68FEFFFD4FD24029E
:107E700008E108A1E7E000BF08B4E0031FBCE0048C
:107E8000895FE200C901010BE0048FDF2F87E00367
:107E90001E909F0DE6F3CF7E2F330A61E00419ADEB
:107EA0008F832FA2E0031A109F04E70BCF12B704B1
:107EB0009F04E6F4CF7E2F089F043FE2E703CF1232
:107EC000B704AF830A619E84E0011F20E70BCE9FB9
:107ED000B6841782AF8E8C0EEFFEDF4B9F048F832C
:107EE000E703CF12B704E200CFBC0111C781E20162
:107EF000C7FFE200CFBC05E61780AF8300E49F0D0B
:107F0000E70CCF1FB70D0A21E7FE00BDE0031F906D
:107F100016819F0FE707CF1DB70FDF348F8300E770
:107F200008B2E0031FE38F0F2F11E003193CE004B8
:107F30008FD2E200CF810134E00004CBE200CF8396
:107F4000E00001C30921E7FE00E9E0041EAEE00302
:107F5000193C8F0D1600E004AF52AE0F17FFE0047E
:107F60008F52AF8D2F28E0031F90E004AF5216818F
:107F70009E0FE70CCE1DB60F9E0FE703CE1DB60F6A
:107F80009E0FE703CE1DB60FE0031E6DB70C9F0FCB
:107F9000E707CF1DB70FE0048FD23FFD01CEE0030E
:107FA0001FDF8F8F2F85E0011F858F8F279009217D
:107FB000E7FE0092E0048FD2E200CF81E7FF01B933
:107FC000DEBAE7FF00B61701E004AF520961E00333
:107FD0001FDF8F8F2797E0031FED1700B70F8FE28A
:107FE000E6FFCFFF27F4E00A8F82E200CF8101EFA6
:107FF000E0031F848F8FE200CF8101E90921E7FDB3
:10800000009BE0011F858F8F2FE7E0011F118FF28A
:108010008E8E2683E0018FBEE200CF808F621681B4
:10802000E06D39AFE6FFCF7E3FED2751E0021F3E06
:10803000E0048F7E2F4CE0031EEDE00716689F0DD5
:10804000E3FFC7FFE12E3F3C3F7F03D9E00A8F02E9
:10805000E200CF01E7FF01BC9F0DE00316F4E12E23
:108060003F3D3FFE05CCE7FF00B308B1DF5AD674B1
:108070002C11E0011FA08F8FE200CF820107E004E6
:108080001FDB8F8FE200CF9E028408A1E7FB00BCBC
:1080900008E108A1E7FA00DAE0031F8EE0AB162A38
:1080A000A78FE200CC07E001B61F02859F3FE700E3
:1080B000CF38B73F16809F5F160EE70ECF2DE00238
:1080C0001EC1B75FA68DE0019F1DE0019DFDE6F298
:1080D000CF2EE12C3E2E2606E1FF167FE02B3D8CB5
:1080E0002DA5E0D51645E001BE0DBF0DE000174EF1
:1080F0009FBFE6FDCFDFC7FFE201C7FFE200CF86EB
:108100000291EB997F14E9FFC77E3F9E8F8FE005B8
:108110001F1EE12E3F3FE0051F9FE12E3F3FE3FF83
:10812000C77FE0001FBBB70F3882A70DC774E3FFFE
:10813000C77F00D8E0031F8EE0031F68A60F1681DB
:108140009FDCA70EE701CF9DB7DC17809EFEE00302
:108150001DA1E704CE9FB6FE9EFEA58BE706CE9F2F
:10816000B6FE9EFEE705CE9FB6FE9D7EE0011E890F
:10817000E707CD1FB57E9D5EA68DE700CD2FB55ECE
:108180009D5EE704CD2FB55E9F5CE701CF1FB75C16
:10819000E0019F5BE70CCF2FE001B75B9F3DE7203D
:1081A000CF0FB73D9F1DE700CF1FB71D9F1DE701F4
:1081B000CF1FB71D9F7DE700CF1FB77DE0613F92C6
:1081C000E1FF17FFE0613F913882E0031F8E1681C7
:1081D000A70FE0031FA19E5EA78FE707CE1DB65E27
:1081E0001600B65FE007177FE001B71F158FE001AB
:1081F0009E7F1700E007CE7CE001B67FE0019E5F26
:10820000E3F8C600E001B65FE0029E1FE708CE4B30
:10821000E002B61FE0029E1FE70CCE1EE002B61F72
:10822000E0019E5FE004CE00E001B65FE0029E1F29
:10823000E70DCE1EE002B61F9E3FCE40B63FE000E7
:108240001640B61FE0019E7FE3EFC67FE001B67FD8
:10825000E0019E7FE70FCE1DE001B67FE0029E3F6A
:10826000E70ECE1DE002B63FE0029EBFE70FCE9EB6
:10827000E002B6BF3882E0031F8EE0AB172AA78F5B
:10828000E001B71F9F1FE704CF28B71F3882E00423
:108290001FA48E8FE0011F8A9F0FE0041FAC3F3D9B
:1082A000A78F1681B73F9F1FE700CF1DB71F9F1FE6
:1082B000E707CF1DB71F3882E0031F8E1701A68F77
:1082C000E0031F8B9E5DA78FE702CE1EB65D1600F2
:1082D0009DDDE70DCD9EB5DD15AF9EBFE700CE9EBF
:1082E000B6BF9E9FE706CE9CB69F9EDFE700CEFB03
:1082F000B6DF9EDFE707CE9CB6DF9EBFE701CE9ECE
:10830000B6BF9EFFE704CE9EB6FF9E9FE706CE9EB9
:10831000B69FE0613F82E002CF80E0613F92388209
:10832000E0031F8BA78F9F5FE6F9CF1E270A9F7F71
:108330001681E704CF1DB77F9F1FE706CF1DB71F2C
:108340003882E0031F8E1681A70FE0031FE89E5EB0
:10835000A78FE701CE1DB65E16009F7FE706CF1CF4
:10836000B77F16029F5FE704CF2CB75FE0021700CC
:10837000B73F9F7FE706CF1DB77FE0613F82E008F0
:10838000CF80E0613F923882E0031FA1E1FF177FB9
:10839000A78FE002BF0F3882E0031FA11680A78FCE
:1083A000E0029F3FE70BCF1DE002B73F1681E002DE
:1083B0009F3FE70BCF1DE002B73F3882E0031FA1CC
:1083C000E0031F0EA78FA68E1700E001B73FE0ABBA
:1083D00017AAE001B79D1701E0019E3DE0021FC111
:1083E000E700CE1EA78FE001B63D9EFFE707CE9EB9
:1083F000B6FF9EFFE703CE9EB6FFE0613F82CF84CB
:10840000E0613F92E0613F82E001CF80E0613F9216
:10841000E0613F82E100CF80E0613F923882E0037B
:108420001FA11700A78F1680E001B73FE002BE8FA3
:10843000241D16243F6C3F58E02E3F0C2705E12DEC
:108440003C8DE0012ED9E002A70FE200CC813F482D
:10845000E002BF0F010C1702E02E3C8EE0002F7AE5
:108460001705E0293C8EE0002CF538823F68E201D8
:10847000C740E201CF4001A4A74F16FE3F5DBF4FAA
:10848000A72FCF01BF2FE0019EBFE0031F0EE3F82F
:10849000C680E001B6BFE0019EBFA70ECE81E0011D
:1084A000B6BFE0AB16AAE001B69E9E9EE706CE9947
:1084B000B69EE0019EBEE700CE99E001B6BEE6FDA5
:1084C000CF58E200CF073D683DE83CE8E200C52414
:1084D000E240C580E204C480E200C408018FE001EC
:1084E0001F091681A70E9E1EE705CE1DB61EE001D0
:1084F0009F3FE70ACF1DE001B73F2488E0019F3F7F
:108500001681E70BCF1DE001B73F2408E0019F3F34
:108510001681E70CCF1DE001B73FE200CD24018FAB
:10852000E0031F1C1681A70E9E5EE702CE1DB65EFD
:10853000E0019F3FE70DCF1DE001B73FE7FF259723
:10854000E0019F3F1681E70ECF1DE001B73F388263
:108550003F68E201C740E201CF40E6FDCDD8E2002E
:10856000C42401A5A74F16FE3F5DBF4F1601A72FDC
:108570003F4CBF2FE0019EBFE0031F0EE3F8C68013
:10858000E001B6BFE0019EBFA70E3ECCE001B6BF42
:10859000E0AB16AAE001B69E9E9EE706CE9CB69E74
:1085A000E0019EBEE700CE9CE001B6BEE200CD87B2
:1085B000018FE0011F091681A70E9E1EE705CE1D43
:1085C000B61EE0019F3FE70ACF1DE001B73FE20082
:1085D000CC24E7FE01CCE0031F1C1681A70E9E5E93
:1085E000E702CE1DB65EE0019F3FE70DCF1DE00123
:1085F000B73F3882E3FFC45BE001CC40E7FE00A553
:1086000008B3E00419718F82E201CF8101041700E1
:10861000AF0209E1E0002451E200CC013FE939E872
:10862000E0000163E200CC02E0010111E200CC05B0
:1086300001EF3F033CE83C6FDEF3EFFFD198E0032E
:108640001F8E2C15A70FE0AB162AE001B61E16816F
:10865000E0029E7EE70FCE1DE002B67E9E1EE70082
:10866000CE1DB61E9E1EE702CE1DB61E3A000000AD
:1086700000000000000000000000E0031F1CA78FA6
:10868000A68E17009E5DE702CE1EB65DE1FF167F47
:10869000E0031EA1A68DE002BE0DE0AB16AAE0012C
:1086A000B69F9E9FE700CE9EB69F9E9FE702CE9EFE
:1086B000B69FE7FF00AEE0031F8EE0AB162AA78F40
:1086C0001681E001B61FE0029F7FE70FCF1DE00299
:1086D000B77F3980000000000000000000000000AB
:1086E0001700AF0209E13F033CE83C6FDE99E0036D
:1086F0001F8EE0AB172AA78FE001B71FE0029EFF95
:10870000E70FCE93E002B6FFE0039E9FE70FCE9304
:10871000E003B69F9E9FE701CE93B69F3A0000000C
:1087200000000000000000000000E0031EA1E1FFC7
:10873000167FA68DE002BE0D1680E001B71F9F1FB9
:10874000E701CF1DB71FE7FE00E43F033CE83C6FA5
:10875000DE67EFFFD10CE0031F8E2C11A70FE0ABFB
:1087600016AAE001B69E1601E0029EFEE70FCE9C1F
:10877000E002B6FE9E9EE700CE9CB69E3A00000048
:1087800000000000000000000000E0031F1C168035
:10879000A70EA78F9E5EE702CE1DB65EE1FF167F95
:1087A000E0031F21A70EE002BE0EE0AB172AE00196
:1087B000B71F9F1FE700CF1DB71FE7FE00AA2403C6
:1087C000E11400F9E1150080E0001FCE16802C02B4
:1087D00016819F0F1401E707CF1DB70F9F0FE70604
:1087E000CF1DB70F9C8FE11700CB08B5E0001978BB
:1087F00039E8E000244BE0059FF21281E702CF95B3
:10880000E005B7F2E01E142FE0059CF2E00439D534
:10881000E008DBB6E0059FE2E0001CCDE70FCF9457
:108820003D65E01E142EE005B7E2E008DC23E0051C
:108830009FB2E01E142BE70FCF94E005B7B2E0051E
:108840009CB2E008DB9DE0059FA2E701CF95E00523
:10885000B7A21501E0059FA2E0001CCCE700CF9471
:10886000E005B7A2E01E142AE008DC04E0059FE260
:10887000E0001CCDE70ECF941501E01E142EE0059C
:10888000B7E20AA1E11700F6E0059FF2E01E142FFF
:10889000E702CF93E005B7F23A63E0059CF2E00807
:1088A000DB6FE0059FE2E0001CCDE70FCF931501E1
:1088B000E01E142EE005B7E2E008DBDCE0059FB225
:1088C000E01E142BE70FCF93E005B7B2E0059CB292
:1088D000E008DB56E0059FA2E701CF93E005B7A2D1
:1088E000E7FF00B908B1E008DB07E0031FA98F8F9D
:1088F000278208E108A1E7D700CEE0613F82E0616E
:108900003F0216F73F5DE0613F12E0031F211600B2
:10891000A70EE002A68EB688E0049E9EE703CE9CDA
:10892000E004B69EE0613F923882E0613F82E06100
:108930003F0216F73F5DE0613F12E0031F21A70EE3
:10894000E002BC0EE0613F923882E0031F8EE0023D
:108950001F2EA78F16019EDFA70EE703CE9CB6DF62
:10896000E00016F79E5EE0001F85E720CE0DA78F82
:10897000B65E9F5FE720CF0DB75F3882E0001FBB78
:108980009F8F3C3FC47B34043FE8C7FF240F0000A7
:1089900000000000000000000000000000000000D7
:1089A0000000C7FFE3FFCFFF01F3388208B3E00305
:1089B0001F8EE0AB172AA78F1101E001B71FE0025D
:1089C000142C9E9FE001198AE704CEA2B69FB10342
:1089D000E001B71F9F5FE705CF12B75FDFD0E0046C
:1089E0001FAC1680A78F9F1FE703CF12B71F9F03EF
:1089F000E400C71BB73F9F5FE720CF0DB75FE06183
:108A00003F02E004CF00E0613F129F1FE700CF125A
:108A1000B71F9F1FE707CF12B71F09E108B43968D6
:108A2000C17F240EE3FFC17FE0071268E1FF11FF61
:108A30003C64C17FDFA4E3FFC17F397301FA0A619F
:108A4000EA00CC04E018CC001480EA00CD04E1CBAD
:108A5000CD563D28E008DDEEEA00CC00E000CC0079
:108A600024023C0114001480EFFDD64C3A80000033
:108A70003A800000E0041E62E400C40CE00E3E18E0
:108A80008FAE8EBE3FBDE201C7FFE200CF88E0019E
:108A9000AFAE1700058DC781E00D3781E200CE88AB
:108AA000C7013FEDE201C7FFE201C77F02753E1833
:108AB000E001AF1C388208B1EFFDDEA0EFFED62743
:108AC000EFFED18BEFFED62508A1E7CC00A1E00494
:108AD0001EA2E0158F5DE00A9FFD3728E0158ECDC0
:108AE00037C83FCEE0AF3E888F09E3FFC7FFE20003
:108AF000CF890590E21ACFAE0296E0051C21E21163
:108B0000CFC9E0283C3F0594E3FFC47F1700AF09BD
:108B10003882E2321440E200CF03010EE3FFC47F4B
:108B2000AF0938821700E0011455AF093882E20D11
:108B3000CF96058E2774E6D0CC081786C403E028AC
:108B40003C3F17033C3FAF09E3FFC47E38821682E7
:108B5000E02D3F0D26E1E00616CAE12F3F9D27DC00
:108B6000E3FFC47F170100D4E0041FE2E0041D61AD
:108B70001581F00013BF1610141F149F8F3FE200E1
:108B8000CF3F0598F000ABBF8F2FE200CF1F058EBF
:108B90003EE9AC2F8F3F3F3DE202CF000503AE2FF1
:108BA000AE3FC78C3FFA01EB38823EEE2F74ADAF7B
:108BB00000F92F6BADBF00E908B2DFD7E0041FA2B8
:108BC000E0001978E01F8F7FE0109F8F372837C8AB
:108BD0003FCE37C1E0159F723EEFC6FF3EFE020555
:108BE0003F6FC77EE015B772E0179F02E0159EF257
:108BF00037483F7D04A4E0179F0237483FFE0389B2
:108C0000E0179F02E201C7FFE728CF0FE017B70286
:108C1000E01A1409E0179F82E0179F0237C8E72087
:108C2000CF0FE017B702E0159CF2E008D9A9E017D2
:108C30009C82E01A14120921E11300A2E0159FF2B0
:108C4000E0179F02C782E201C7FFE728CF0FE017B6
:108C5000B70200DF08B1EFFED5D1EFFDD653EFFE2E
:108C6000D168EFFDDD1414813C69EFFDD5FFEFFD08
:108C7000D845DF2214813C69EFFDD61C1401DDB616
:108C8000DF9CEFFFD598E0613F82E040CF80E0615C
:108C90003F92E0613F82CF88E0613F9208E1E002CD
:108CA0001FF49C0FE6F7CC783882E200CC01011566
:108CB000048DE200CC020188E0021FF49F8FE6FAE7
:108CC000CFFF3C6F388214003882E0021FF49F8F80
:108CD000E6FECFFF3C6F3882E0021FF49F8FE6FC78
:108CE000CFFF3C6F3882E200CC01011F0497E20005
:108CF000CC02010BE200CC03018FE0021FF49F8F36
:108D0000E6F9CFFF3C6F3882E0021FF49F8FE6FB4D
:108D1000CFFF3C6F388214003882E0021FF49F8F2F
:108D2000E6FFCFFF3C6F3882E0021FF49F8FE6FD25
:108D3000CFFF3C6F388208B2C07C3C60C406DDDEE9
:108D4000E0031F905C039F8FE6FFCFFF396FDDEEDE
:108D50003C62C0040961E0001FBE9C0F344F3882A2
:108D600008B2E0001F3EE0021E809F8E8E8DE6F16D
:108D7000CFFFE001192027B31781AF8214019F8E26
:108D8000E70FCF98B78E1700E0001FB2AF0F171B89
:108D9000E0041FA4AF0F2686E0011FFA8F8FE000CA
:108DA0002FDBE0011FF68F8FE0002FC7E0011FF5DA
:108DB0008F8FE0002FCBE0031EBC1780E0031F1055
:108DC000E004AFDD16019E8EE70CCE9CB68E8C02C1
:108DD000E0041F2DAF8E0921E7CF00CBE0041E5B1E
:108DE000AF828E0C9D8EE200CE12E70FCD9FB58E26
:108DF000E0041FA4011EE200CE180107E200CE1B12
:108E00000132E200CE1E0137171CAF0F2685E001AC
:108E10001FFA8F8F2FA4E0011FF68F8F2FA7E0017D
:108E20001FF58F8F27C914803C69E008D7B700C4AD
:108E3000171EAF0F00EC14813C69E008D7AFE001CA
:108E40001FF58F8FE7FF27B914811400E008D7A61C
:108E5000E7FF00B3E008D79AE7FF00A51400E00899
:108E6000D79500DA1723AF0F00D214801401E00861
:108E7000D79500D6171FAF0F00CAE0001FF8E00B10
:108E80009FAFE6FACFFF3C6F3882E0001FF8E00B9F
:108E90009C3FE6F1CC783882E0051F003FE88C0E5D
:108EA0002406E201C7FD1400E1283F883882E20170
:108EB000C47D2404E0051F808C0F388208B3C07C79
:108EC000E0031990E2007C06DD199F835C03E6FF56
:108ED000CFFF396FDD2BE2007C06DD1029115C032A
:108EE000DD25EFFEDCC1240A1401EFFED850E004BA
:108EF0001FAD1700AF0FEFFFD746C00409E19F83F6
:108F00001700E700CF9EB783DF2CEFFCDD32E004D3
:108F1000D588E0041FA2171FE014AF1FE014AF2F85
:108F200000DF08B2E0041931E0028FE2E200CF81F5
:108F3000011CE0021FD9E0038E828F0FE0031FADFA
:108F4000E200CE813F9E1700AF0FEBFF7FA3E8004A
:108F5000C78001AC8E8FE0018E023E7D05A7C681E1
:108F6000E003AF02AE8F0961E0021FF416809F0F8D
:108F7000E70FCF1DB70FE0031FBCE0048FDFE20057
:108F8000CF810123E0021FD9E0031F2D8F8FE00165
:108F90008E923F1F8F8E16003EFFE003AE020289C5
:108FA000EBFF7FA3E800C780AE0E1701AF0F09618A
:108FB0003EEFC681EBFF7FA3E800C780AE8E1701AE
:108FC000E002AE62AF0F00F4EFFFD70600DC08B49A
:108FD000E0041931E003D1FAE0019FA217013EEF4E
:108FE000E308C680E003AF02E10017003EFE018403
:108FF0001700E003AF023F6FE200C710270417001D
:10900000E003AF02E0021EF49F0D374F2F03E00391
:10901000AF023F6FE210C7002F05E0041F7C8F0EE8
:1090200027041700E003AF021700E001B7323F6FDB
:10903000E280C70027041701E002AF623F6FE22021
:10904000C70027041701E002AF623F6FE202C710BA
:10905000E202CF00E0031A3CE000017D1700E002CD
:10906000AF621184E0021F3E96BEE0001F1C960E08
:109070003F6DE400C706E200CF003DEEC583E06E21
:109080003C2B37023E7E04053E7D1183E000035AEF
:10909000E201C780E200CF801784E06F392339EF07
:1090A000E004D4BAE0011F74E200CC00E0011FF339
:1090B0008E8E1701E06E39238E0F39EEE0011FF21C
:1090C000E0011F718F8F8F0E362836A8E3FFC1FF96
:1090D0003F4D3FCC3FB339BEE0041F5BE3FFC7FF0A
:1090E0008F0EB7B2E200CF23E001B182029CE20012
:1090F000CF11E00005C81703E001AF02E0048F5470
:10910000E200CF010118E0001FA78F8F2789E0013F
:109110009FA2E200C78827841781E001AF820A215D
:10912000E7FE00811705E001AF02E0048F54E20082
:10913000CF0101EAE400C785E001AF02B7B200E465
:10914000E40336CF399D3181E023399CC181E7FFAB
:1091500000A19F0D374FE7FF27033F6FE200C74095
:10916000E7FE2F7EE0018F34E200CF01E7FE01FB36
:10917000E0041F359F0EE206CF20E7FE02F1E7FE76
:1091800000F2E0011F708F0EE001AF0200CF08B1C6
:10919000DF1FE0041F311601E0019FAEE210C7801F
:1091A0002F86E0041EFC8E0DE12C3E0FE0041EBD58
:1091B000E0038F8E9DBEE0028F6EE002B61DE002DE
:1091C000B7ADE002B5BDE002B74D2F0FE0051E813F
:1091D000AF0DAF1DAF2DAF3D2F8EE0011F0CAF8E39
:1091E000AF9EAFAEAFBE08E1E0041F22169FE014B1
:1091F000AEAE27F408A1E77300C3E00E3C493FE898
:10920000E005146027102790E0041F418F0E3F7F78
:109210000117EB997C70E9FFC47E37A13F989C0F42
:10922000E6D4CC083882E0021F35E00514608F0ECA
:109230003F790179E0041F418F0E3F7F01EBE08110
:10924000141024F1E0021F358F0E3F7901E33882BC
:10925000E00F3CC827A82491E0021FB58F8F3FF98B
:109260000118EB997F9CE9FFC7FE34A13C9F9F89C1
:10927000E6D4CF8F3C6F3882E0041F41E00517E051
:109280008F0E3F780178E0021FB58F8F3FF901EA1A
:109290002406E0041FC18F8F3FF801E4E1261790F8
:1092A0003C6F3882E00517E03C6F388208B5E00378
:1092B0001D92E0021E7F8F8BA68C39E93A6AE0048A
:1092C0001F653968E00A37A1E201C1FFE201C27FF0
:1092D0003F1AC7813E923CE43C63AF8BBE8CA98EA3
:1092E000AA1EDF8C3AE83CE43C63DFB3E0041E5C7A
:1092F000E0041EB4A70CA78DE0AE3A82E0AF3C02BA
:10930000BF0CBF8D0AE1000008B7F8000C3EC0702A
:109310003EE9E0001B2D36A43FED3F967E813EEFF7
:109320001700E005C6BDE005C7BEAF0D39E8AF0FB9
:109330003A6A396B7C84E004DC0D3FE3E001C7A6A8
:1093400037A13F96F0008E0FE0021ABE1783E02F80
:109350003C3FF0029725E0433F9FF03E3F6FE00423
:109360001FB4F0001580F00E3E24E8043A1CF043D0
:109370003D0EF000BD8F31A1E0433A04E0041F5CD4
:10938000E0021EFFE0031F923996F0403D74E002B8
:10939000C1CDF0007F027C03F000BD8DF000BD8EDA
:1093A000F000AD8FF0008E83E002020FF0193EA2B4
:1093B000E00219A6E802391DF8433C89E04339026E
:1093C000F200CD00F8403C6AF201C47FE0000446A0
:1093D000E00E8FC3E8403FFAE0000540F0403CF269
:1093E000F8403F69023A0000F200CF00E8403BEE4F
:1093F000E201C3FF042BE00E8E533CE7E8403E7EC3
:10940000E8403C680523E004DB998E153CE73C7C92
:10941000E8403C68051BE004DB918E156702E00C18
:109420003C2CE0433E1C3E7EE8403DEBC581E840DD
:109430003D6EE8403CEA3C6C0405F0403DEBF20137
:10944000C5FFE200CE000502DF323FE7C781F043EF
:109450003F0FE840397E0349E8403F68C701F043C9
:109460003D0EE8403A7AE7FF032DE0021EFFE004DC
:109470001F5CA78DE0041EB4A60EA70DE001279A7D
:10948000E12C3E3FE12E3F3F3D6FE3FFC67FE3FF10
:10949000C77FE0011EEF8D8DE0011EEE35A88E8D99
:1094A0003ECB3EFC02853E6DC67FE3FFC67FE001FA
:1094B0001EED8D8DE0011EEC35A88E8D3ECB3EFE5F
:1094C00002853F6DC77FE3FFC77F6681E00514B863
:1094D0003E96E00515BA3C9D3D9DF200CDA0E016FC
:1094E000BD1DE005C6BEB609B70BE00002DFF00007
:1094F000AD8D17016683E0383EEEE8433F181688CD
:10950000F0002695E0041E228E7C3DECC5FFF04065
:109510003EFB010CF200CE8116860108C67EF040AB
:109520003EFC1600E06C392D3EECF0002615E00400
:109530001E228E6C3DECC5FFF0403E7B010CF2001C
:10954000CE010105C67EF0403E7C0188C686E04320
:109550003E8D0084C688E0433E8DF0048C35F000DB
:109560006504F0183C2DE9383FB86381F8433C1896
:10957000F0383C5EF400C47FF000C52C3B96F03818
:109580003C3EF01A3524E00517BD3F97E8063B1A2C
:10959000E005C3BFF000AE86F000AE07F000AC0FF0
:1095A000C010F8000F280BE11720AF0DE7FF00A354
:1095B000E3FFC67FE3FFC77FE0021EFF17813D6F19
:1095C000BF8DE7FE00E8E8403F6BE8403E6B00F5EA
:1095D00008B7F8000C3EC05CF0001CAD3F68E00F1F
:1095E0003421E001C7263721E80F3F99E002C7CDBB
:1095F000E80E3F198F0EF0008D0F7C88F0403EE89A
:10960000E8403CEA3C6E3A6C7D837D057F09E004CE
:10961000DA956685F0006608C401F0403E7DE00101
:1096200002B4F00F36A3F00F3C9FF0403DEFE00096
:109630001BA7E00419A2F0021F6BE0433B18F003E4
:10964000C58A7F8267833FF4E0010293F0403CEFDC
:1096500067026782660866896282F0183E2DE00321
:10966000C70BE003C78CE82C3E0C1100F8413C28E6
:10967000E003C2897F047E06E0007F87E00116FFD9
:10968000F0008B07F0002329E0001C26E00116FF04
:1096900014803FE9C781F0403EF93CEFE201C4FF8E
:1096A00001178F088F98F00E3E2EF00F3CAFE0416F
:1096B0003F2EE0413FAFE201C77FE201C7FFE12F4C
:1096C0003F6FE12D3FDDE201C6FFE00027F5E840F6
:1096D0003CF6C40201DF8F85E8403FFC0290E800C1
:1096E0008F8BE8403FFC048B67048F8EE8403FF986
:1096F000028666078F8CE8403FF9038C8F53E84061
:109700003E69E8AC3F0CE800A78E3F6C37213F9ED6
:10971000B10FE8403CE9E8403C6C7E81E004DA0EA1
:109720003C766681033CF80F3CAAE0413FAFE82F4E
:109730003FE8E201C7FF3FFD0590E200CE8105BE94
:1097400067062F266605E82E3E0C2F22E200CF8208
:1097500002B5E200CE82013EE8403E69C601F0401B
:109760003CECF201C4FFE8403A79E7FF0389E840A6
:109770003DECC581F0403E6B6705F201C67FE840D5
:109780003F7CE7FE03E1C024F8000F280BE16603ED
:10979000E82E3E092F04E82E3A0927598F53E84056
:1097A0003EE9E8AD3F0CE800A78E3F6D37213F9EB4
:1097B000B10F00D33EEFE7FF00908F53E8403E69C2
:1097C000E8AC3F0CE800A78E3F6C37213F9EB10FFD
:1097D00000C4E8403CE9E8403C6CE004D9AF8F535A
:1097E000E8403EE9E8AD3F0CE800A78E3F6D372129
:1097F00034013F9EB40FE7FF00B1000008B7F80046
:109800000C3EE1FEC04CE00419548C02DA6DE0021B
:109810002C1BDA462C06E001C034F8000F280BE1BF
:10982000E0021FF49F8F37CF27F7E0001C27F000DE
:109830008D08F0022500E0041AA2F0001E2D8EE52E
:109840008F757E81C6FF7F02C77FF00015007E8383
:10985000E0007F04F00F3523E80F3F9CE8403EEA2C
:109860003DEFE001C6A6E003C58A3E6F36A1F00ECB
:109870003521F0008C0BE80D3E9C3DEFE80E3F1CBF
:10988000E003C6098E8DE002C74D8E0CE003C58C47
:10989000E003C78B8F0EF0008C8B8F8FF0183C2D60
:1098A000E00C3EACE00F3F2FF0383C6CF0193CAEC2
:1098B000F0393CEFF201C47F1784F1383C5FE84097
:1098C0003EF8F201C4FFF1393CDF13800585E8075B
:1098D0003EA8E201C3FF67816303E80F3FA83EFF94
:1098E000E201C37F0305E8063E98E201C37FE8403A
:1098F0003F7912000585E8043F29E201C27F6782B3
:10990000F0006704E80F3FA93F7FF201C77F03071C
:10991000E8173F19F8403F67F201C77F3BF6F01B9D
:109920003F243967F000C581E0010296E8403A7EA5
:10993000029FE0033927E80339BBF0403EE439A435
:10994000E8403CED3C62E004D8F9E8403FEDC781D7
:10995000F00E3E93F0403EEF3721E2017EB8F20177
:10996000C6FF3F1DF8403F7DE04AB42E03EAC10127
:10997000E201C17F3B7203DBE8403E6E3D663DE4A1
:109980003CE7E8403C6ADE25E8403D68E8403CEAC8
:10999000E8403C6AE8403DE9DCB8E0021C6BC301EA
:1099A000F0093F24A508E201C37F3E67E000C481BF
:1099B000E8403A7E029CE00B3E273DB93FE43DA4DF
:1099C0008F553C6FE0A83F0CE00D3D9F3F6836A1EE
:1099D000E2017C383E98C7813721E04A9EADE20122
:1099E000C7FF3F1AF0403F7FB68E03EBC601E2018E
:1099F000C67F3E7601DEE0021EA58F8DE200CF819C
:109A0000018EF00F3524E80F3F9C3F6FE005C7380B
:109A1000E005C7BA9E0E9E8FB60FB68EF000C50148
:109A2000E0001F27F201C57F8F8EE8403FFAE7FE76
:109A30000293E0001FA7F000AD0FE001C034F80072
:109A40000F280BE18C02D950E7FD2465EFFBD5E828
:109A5000E7FD00E13DE43D663CE7E8403C6AE84064
:109A60003E6EDDB7E8403DE9E8403D68E8403CEA4D
:109A7000E8403C6ADC4A00C0E0031F439F889E8E9A
:109A80003FFD02841780B78838829F0E3FAEB788AB
:109A90003882E0021FA6E1A11627E00E8D4FE00EEE
:109AA0008DBFE00E8CAF3C6AE10600D508B5C04C16
:109AB00039683C603A6939EA14801532C4063AEBD9
:109AC000E008D5B8E0041F22EBFFCFFC8EDE3A1F82
:109AD0008F4E399F391F3241178231C13141E20027
:109AE0007C046F046E856A877A0379847905778CA4
:109AF000E008D387C0340AE108B3C04C39683C6041
:109B0000153239E9C4061480E008D594E0041F2218
:109B1000EBFFCFFC8EDE399F8F4E391F31C117848A
:109B20003141E2007C046F046E8579837905778C7E
:109B3000E008D367C03409E108B7C05CE0031FA1A7
:109B400039E8A78F1400E0049F9F3BECE6FCCFFFB1
:109B50003B693AEA3A6B396FE008D17414801524F6
:109B6000E2007C04E008D566E6FECCE72CA9E6FA24
:109B7000CFE727B6E200C3842BAEE9FFC37A3341B7
:109B8000E02017807B047790EBFFCFFC4E8B4F0AD1
:109B90003A9F3A1F399FE2007C04178032C132415C
:109BA00031C16F046E85778377847A857A067987E9
:109BB000E008D4723C62E008D145C0240BE1E00229
:109BC0001FA6E200C384E00E8F2FE00E8FCF6F0B35
:109BD0006F8A23D4E9FFC37C33417B0400D6E002C3
:109BE0001FA6E00E8F2FE00E8F8F6F0B6F8A00C3C2
:109BF00008B6C04C39E83C603AE93A6A148015323C
:109C0000C406396B3B6CE008D515E0041F22EBFF5E
:109C1000CFFC8DDE8ECE3A9F3A1F399FE6FFCF7282
:109C2000E6FECFF232C1324131C1E6FDC9723CE6F7
:109C3000E2007C046E846D856F077A837A047985EF
:109C40006F9A691BE008D3C7C0340B6108B4C04CDD
:109C500039683C6039E93A6A14801532C406E00874
:109C6000D4E9E0041FA2E9FFC17C8F5F8FCF3141AF
:109C70003D643CE3E2007C046F846F057903E008F7
:109C8000D3E4C0340A6108B2C070F0021BD8F002FD
:109C90001B57E0021956EBFFCFFCE0021F7DF00CD2
:109CA0003B1FF00D3B9F3F92E800B40637C1F040E8
:109CB0003B6E364136C17F84F0E3C336E0E3C75ED6
:109CC000E2007C04E00217817E027E83E800B50793
:109CD0007782B58EE800B486E008D3579C02E04155
:109CE0003C08E3FFC47FC0100961E0051F878F8F28
:109CF000E200CF8301031401388208B239683C695D
:109D0000D8CC240DE0031F99E0028F0FE200CF04AE
:109D10000588E200C901140005890961140109617F
:109D2000E0028F8FE0283F820961EA187FCB8E0F17
:109D3000E0021EA93F6CC701E201C77FE200CF032A
:109D40003E9C8C0D05821700AF0F00E8E0011E88D5
:109D5000E0021FF4E0038F1D9E0FE6FBCF7EE70DB0
:109D6000CE1EB60FE6FBCE58E0038F1D9E8FE6FC9D
:109D7000CF7EE70CCE9EB68F2C859F0FE3FEC700EB
:109D8000B70FE6FACEA8E200CE940290EB9A7F24B9
:109D9000E9FFC77E36A23F1DA70E3F029E8FC60376
:109DA0001701E00C373C3E4DB60F38829E8F3621AE
:109DB0001703E00C373C3E4DB60F38829F0FCF03A0
:109DC000B70F9F0FCF0CB70F38821701E6FECC6894
:109DD0009E8FE0083738363EE00C343C3E4DB60FDF
:109DE000388208B3C404E00F3421E0011C08E0020B
:109DF00019FD3C1F9F88E002197BE6F5CFDFE412D6
:109E0000C7B03F63E05BC7CC3F933CEFE0E3C728BC
:109E10003C62BF8EEFFBD5A33C62EFFED206E0E3CF
:109E2000C1ACA5033CE23C62EFFBD5A53C621480CB
:109E3000E003DE743C6209A1E07B00B308B7C40410
:109E4000E00F3421E0011C08E0021EBF3C1F99080E
:109E5000F0001281E6F2C9529A88F00F32B28F2DCB
:109E6000E201C7FF3F4FAF2DE6F5CAD58DAD39E210
:109E70003D65E408C5603B623F65E402C198E401CA
:109E8000C30CE6FCCDCBE404C730E0051E01ADAD4C
:109E9000399AE0021BFD3A628CADE015C1F0E00D8D
:109EA000C2563F16F0011B0CF0001381E00B3E126E
:109EB0003997E008C7603222E6FCCF8FF000AB8B09
:109EC0003FC9F0163B123F173DE23A17E000154636
:109ED0003C633CE3F800AB86BF04F000AA8CF000C2
:109EE000AB9CAFADEFFBD4223CE23C63EFFED17400
:109EF0003C66E004C430A5043CE33C173DE2EFFBC4
:109F0000D5473CE53C620BA1E0E800AA08B7F800A1
:109F10000C39E0011A208A84EFFED081247EE00112
:109F20001B88F0008CD7E8403969C104312139170A
:109F30009F82E8403CE9E6F9CF9F3C6F9B0239EFF6
:109F4000DF069F82E6F2CB5637CEE0002FC2F0024A
:109F50001C74E8009F88E6F2CFFF2F8DE8009F88F1
:109F600037CFE0002FE8E0051F878F8FE200CF8317
:109F7000E000016114008F578FE73F7F04A6E800DF
:109F80009F88E6F2CFFFE0002FCEE8009F88E6F33F
:109F9000CFFFE0002FC8EFFFD793EFFEDF6FE003A6
:109FA000DEA58C04EFFDDEE58F84E200CF82E000C9
:109FB00001E7E0051F878F8FE200CF83E00001609B
:109FC00017801401E003AFA7F8000CA80BE19F82F3
:109FD000F0021C7437CEE200CF81E0000159E800A6
:109FE0009F881700E70FCF9EE800B788E8403FE959
:109FF000C78437A13F979E0F1680E0031F10E70E1E
:10A00000CE2DB60F9F8E9E0E37CFE708CE1FB60E11
:10A010009F8EE70FCF9DB78E8FD7C781AFD7E7FF52
:10A02000009AEFFED919E7FF2438EFFEDED5E7FFEF
:10A0300000B431C5E0021FD93CE53C63A98FDE5670
:10A04000E0031F99E002A99FE7FF2416E200CB037B
:10A0500005A68C843C63EFFBD357E8403C69DEC225
:10A06000E0038FA7E81937D9FEFFCCF9F7FF248466
:10A0700017801401E003AFA7E7FE00FFEFFDDF3B11
:10A0800017801401E003AFA7E7FF00A0E8009F08D6
:10A09000E70FCF1FE800B708E7FF00AAE8403C69D8
:10A0A000DECE00DF08B1E0011FA0E0008F8FE200EC
:10A0B000CF820104DF2C247F08E1EFFDDF1C00FBD1
:10A0C00008B3E0011F88110089EFC101DF20E20120
:10A0D000C17F39F202FB09E108B3E0031919E0007E
:10A0E000155C14803C62E008D2A5E0021FA6E000E7
:10A0F0001F3D1180A98EE00E8F4FE0011D20AF2281
:10A10000E00E8F5FAF32E0011F6BA9C28D8EE001C0
:10A110001F6A35A88F0EAF52E0011F69A9E28E8E2B
:10A12000E0011F683ECB8E0EE0011DE7E0011F66D7
:10A130008D8B8F0EA9F23628E001AD92E6F6CE8D1A
:10A140003F4CE001AED2E6F4CF0EE001AF62E00298
:10A150001F03E0178EFF8F0EE004AF02E000175AD6
:10A16000E003AF72E0011F658F0EE004AF22E00153
:10A170001F648F0EE004AF12E0011F638F0EE00436
:10A18000AF32E0011F628F0EE003AF62E0178F5F16
:10A19000E006AF22E0188F0FE005AEF2E0178FEF78
:10A1A000E006AF02170FE006AF92E00017E4E0060A
:10A1B000AFC2E0011FE18F8FE006AFB2E0011FE008
:10A1C000E009AF528F0F1781E003AFA23728E001FB
:10A1D0001FDFE003A9B28F8FE003A9C23FCEE003E7
:10A1E000A9D2E6F6CF8FE0011F5EE00BAFA2E00838
:10A1F000A9C2E0031F938D8E8E1E8EAE8F3E8C0AF9
:10A20000AD8FAE1FAEAFAF3FEFFFD6482404E002E4
:10A21000A98209E1E002AC0209E108B2E0041922D6
:10A22000E0011CDDE000154D3C62E008D1C9E0030F
:10A230001CFAE0041C1D151CE008D1C2E0041C95AA
:10A24000E0041C1E152AE008D1BB8F528FC2E00229
:10A250001DA58E028EA23FBE141A8C928D3217005D
:10A26000E00CAC72141B8D8BE009B7A2E012AE6259
:10A27000E012AEF2E013AC82E013AD12E013AF4295
:10A28000E013AE52E013AF62E013AEF2E00DAC02A9
:10A29000E00025D48FE237AAC7FFE009B7D2170143
:10A2A000E0011EDCE0011CDB8E8DE0031C791785CC
:10A2B000E0001554E014AEE2E014AF72E015AF0216
:10A2C000E015AF92E015AFA2E008D17AE0011CDA08
:10A2D000E0031C781515E008D173E0011F59E00375
:10A2E0001FF7F0008A0EF0008A9EF0008B2EF0001F
:10A2F0008BBE894E8C5E8CEE8D7EE0018D8EE001F2
:10A300008E1EE0018EAEE0018F3EF000AA0FF0003D
:10A31000AA9FF000AB2FF000ABBFA94FAC5FACEF32
:10A32000AD7FE001AD8FE001AE1FE001AEAFE00117
:10A33000AF3F0921E7AA00D38FF237AAC7FFE00990
:10A34000B7D2E7FF00AE08B4E002197DE0021FF2C9
:10A35000E00219FBE01212303EE23F62E0E3C6ACDD
:10A36000E0E3C7303D643C6F1480BF8DB98EE008D8
:10A37000D1613D6414803C63E008D15CE0041D546D
:10A380003DE28F0AE0E5C5FAE6FECF6E3FEEE4015E
:10A39000C78C3EEEE00DC6D63E6FE008C66036A222
:10A3A0003E923E12BE0DE004C7B09E8B3E62E03688
:10A3B000C668391F1780E70FCE9FAF0AB90CB68B5E
:10A3C0000A6108B2E0021FA6E003193C3F6F3E6F2E
:10A3D000E002C666E002C7653EEF8D0C8F0EE0021C
:10A3E000C6E73DEF3E6FE002C6738E8DE002C5E822
:10A3F0003CEF8C0CE002C4F737288D8B3E6FF040A9
:10A400003BEFF002C3F8E002C6743D4E36A88F0958
:10A410003CEF8E0CE002C4F93DCDE8008E87F040A1
:10A420003BEF8C89F002C3FAE6F6CD0A3428AD0280
:10A43000E6F6CD8BE00A37283E48E8008F07AD925C
:10A44000E6F4CE0CE00B34A83ECAAE22E6F4CE8D84
:10A450003F4BE002C7F0AEB2E6F4CF0E8F8FE001C3
:10A460001CD8E0031C39AF42E0001569AFD2E00808
:10A47000D0A7E0018F02E0041FDBAF0F096108B431
:10A48000E0011FD7F001186A8A0FE0011FD6F00122
:10A490001955898FE0011FD431A8890FE0011FEB06
:10A4A0003128888FE0011FD330A88E8FE0011FD2A2
:10A4B000F00118D18F0FE0011FD03F43F000898FCA
:10A4C000E0011FCFE0413F4E8E0FE0011FE8E001A9
:10A4D0001DCEF0008A0FE0011FCD3228F0008A8FD8
:10A4E000E0011FE93E428D0FE0011FCC3D41F0002D
:10A4F0008B8FE0011FE6E80088808C0FE0011FCB06
:10A500008D8B8C8FE0011FCAE0413E4CF0008B0F19
:10A51000E0021FBE3EC4B73FF01331A8B76FF0147E
:10A520003228E8008F02A88FF01532A8E800888151
:10A53000E0433E9DE001B60FF8173BC3E0011E4922
:10A54000E002AF2FE8083C44E0011F48E8093CC5A1
:10A55000F0163328E80B3DC6B51FB6AFB54FB6DFD2
:10A56000F000B3FFE001B42FE001B4CFA89FE001F9
:10A57000B5DF8E8E8D0CE0011F47E0011E468F0E69
:10A580008E0C36A83F4DE200CE13E001B5FFE0018E
:10A59000B76FE004AD2F029C1714E004AF3FE00159
:10A5A0001F458D8EE0011F4435A88E0EE0011F432C
:10A5B00036288E8EE0011F423ECB8F0EE002B6AFF2
:10A5C0003F4CE002B70F1700E002B73F0A61E0041A
:10A5D000AE3F00E608B3E0001C2DE0021926E009BA
:10A5E00015381480E008D0263FE2E002C7DC898FEE
:10A5F000E0001C2B31A13D63E00114FFE008D01AFC
:10A60000E0001C293D63E00114FFE008D013E002E4
:10A61000C1598D02E0001C0B3524E00114FF09A193
:10A62000E100008808B3E0011FEAE00319DE890FAA
:10A63000E00114FF31243D623C63E007DFFBE003EF
:10A640001C5A3D62E00114FFE007DFF4E0031C59EF
:10A650003D62E00114FFE007DFEDE0031C58E00677
:10A66000DDD5E0031C5F15101480E007DFE3E00395
:10A670001FB8E015BFF3E0041FFAE016BF8309A17D
:10A68000E0CE009008B5E0021FA6E0041F313D6F48
:10A690003EEFE002C573E004C6A738EF3C6F3CEF25
:10A6A0003DEF3E6FE004C0ABE004C42DE004C4AF56
:10A6B000E004C5A3E004C625F000880AF000898DF7
:10A6C0003D6F3EEF8A0189888889F000888BF00011
:10A6D000890CE002C574E004C6A8396F3C6F3CEFFA
:10A6E0003DEF3E6FE004C12CE004C42EE004C4B092
:10A6F000E004C5A4E004C626F0008B8A8D0D3EEF71
:10A70000F0008A02F0008A88F0008B098C0B8C8C98
:10A71000E004C6B13AEFE0011D8CE0051E01890D91
:10A72000322831A830A8F0103028F01130A8F012EB
:10A730003128F01331A8E004C2A91680F0163B417D
:10A74000F0143A44F0153AC3F8173BC0E8083C410E
:10A75000E8093CC2E80A3D438885AE8BE004C7AAFD
:10A76000AE9BAEABAEBBAE8CAE9CAEACAEBCB41EC4
:10A77000B4AEB53EF000B3DEF000B26EF000B2FE53
:10A78000F001B30EE002A92EE001A88EE0019EAE1A
:10A790008E0F3FEDE3E3C7BF1680E705CF9DE001D5
:10A7A000AE1EE001B7AE0AE1E0041FE21701E001CE
:10A7B0008E8FE0028E4FE02E3E8E1782E02F3E0FEE
:10A7C00027041400278238821402E02A3E88278258
:10A7D0002D7B1584E02B3E8B2784E00114002DF4A3
:10A7E0001781E02F3E0F2704E00014402FED258451
:10A7F000E00114402FE9E00F3ECCE000144527E4CF
:10A800002E04E00114442DE01784E02C3E0F2703B2
:10A8100014202E5A2E8314212E57250314222E5431
:10A820002584E00114202E501401388208B7F80066
:10A830000C3A1200E0041AE2E00419E0E0011941C8
:10A84000F0041C5FE0011BC0F0041D5EF0011CDE83
:10A85000E0011B3F3C64222BE200CA01E001010140
:10A86000E200CA02E000015EF0008B02F0008B9271
:10A870008CA28D328DC28E528EE28F72E0018F8259
:10A88000F000AB03F000AB93ACA3AD33ADC3AE535C
:10A89000AEE3AF73E001AF83EFFFD0EEE200CA0397
:10A8A0000120C201E201C27F3C642A57F0008B867E
:10A8B0008C168CA68D368DC68E568EE68F76E00170
:10A8C0008F86F000AB85AC15ACA5AD35ADC5AE55EA
:10A8D000AEE5AF75E001AF853C64EFFFD0CD00E29F
:10A8E000DF64E0048F85E0031F19E200CF81E001FF
:10A8F000AC1E01032F8F1782E0058EC5E200CE84C7
:10A900000104CF84E201C7FFE001AFFEF8000D288B
:10A910000BE1E200CF821780E06439AF3FE400ED45
:10A92000F0008B878C178CA78D378DC78E578EE7DD
:10A930008F77E0018F87F800AB88E800AC18E8005B
:10A94000ACA8E800AD38E800ADC8E800AE58E800B3
:10A95000AEE8E800AF78E801AF88E7FF00BFF80095
:10A960008B89E8008C19E8008CA9E8008D39E80093
:10A970008DC9E8008E59E8008EE9E8008F79E8017A
:10A980008F89F800AB8AE800AC1AE800ACAAE800AE
:10A99000AD3AE800ADCAE800AE5AE800AEEAE80019
:10A9A000AF7AE801AF8AE7FF0099E0021FA6E00353
:10A9B0001F451581E0041E33AD8E3EEF3F6FE7FF6C
:10A9C00015AAE002C78FAD8CE002C6D68F8FE000DB
:10A9D0001DAF8E0DAF8BE002C757E0031FB58E8E03
:10A9E000AE0F1700E0051F80AE8FE0031F90B70F7A
:10A9F000E0001FBEB70F388208B6E0011F3EE0013D
:10AA00001FBDE0041D3A8A9E8A2E89BEF000884E42
:10AA1000F00088DEF000896EF00089FEE0041DB9C8
:10AA2000E0011E3C8B0EF0008A0FF0008A9FF000C0
:10AA30008B2FF0008BBF88DF8C6F8CFF894FF0006D
:10AA4000A9FAF000A96AE0011EBBF000A8DAF00044
:10AA5000A84AA9BAAA2AAA9AE0041F38AB0AF000A9
:10AA6000AA0BF000AA9BF000AB2BF000ABBBA8DB5D
:10AA7000AC6BACFBA94B890C889CF000882CF000D7
:10AA800088BCF000894CF00089DCF0008A6CF00092
:10AA90008AFCE0041FB7F0008B0DF0008B9D8C2D1D
:10AAA0008CBD8D4D8DDD8E6D8EFDF000AAFEF0000B
:10AAB000AA6EF000A9DEF000A94EF000A8BEF000DA
:10AAC000A82EA89EA90EF000AB0FF000AB9FAC2FF4
:10AAD000ACBFAD4FADDFAE6FAEFF0B21E78F00FE19
:10AAE00008B2E0021926E0041C273CE2E000155001
:10AAF000E007DD66DC67DAF1DB91DC26DE98DF7DDE
:10AB0000DDC2DCBEDD68DD8FEFFFD12CE003D7991D
:10AB10003FE2E003C7E9F0051B898C8F3F623FE20B
:10AB2000E003C779E003C7EAE8009D878D0E8F0F29
:10AB3000E003C17A34A8CD818F823F49E800B58710
:10AB4000C77FE0051D8CE0041EA235283FCAB70B65
:10AB5000C7FFE0041F258E4DB78EC67FE0041FC1DE
:10AB60008EDDAE0FC6FFE0021FB5E0041C3DE00322
:10AB70001D3FAE8F1781E0041483B788E00017E40F
:10AB8000B48AB798096108B7F8000C3EE0001A27AC
:10AB9000E0001F1D8F84F000940EE00027F7128064
:10ABA000E00019ADE0021B3EF0021CC6E0031BDC16
:10ABB000F0031D5E3965F0001581008B8F848F07CF
:10ABC0003F7FE000014CC101E201C17F397F03A159
:10ABD0003F62E001C726E00F312137213F933F1349
:10ABE000E002C7CDF00097163C62F0008E0EF00038
:10ABF0008E8FE003DFAFE8403C7E05613C62E003FE
:10AC0000DF7C2C188F84C101E201C17F397F04E110
:10AC1000E0433E95E0001F11F800B409AF8EE00359
:10AC20001FDFAA8FE0041FBDE003B6FFF8000F2866
:10AC30000BE1E0133124F005C1B8F0133993E00EB5
:10AC400032A4F8130803E80E3F1AC2818F84F80E6D
:10AC50000813E201C2FFE7FF00B8E80097093701D7
:10AC6000E8403F78E7FF0331E8403D6BE8403CEDCA
:10AC7000E8403C6CE003DFA2E205CC3C05443C62CA
:10AC8000E003DF3B244000D6F0021CC63AEF3EEF63
:10AC900000C2E7FE00FA0000E0031FDF8F8FE20032
:10ACA000CF89029617093F2FE0031EDEE201C77F1E
:10ACB0003F1F37A43F9DE0031ED737243F1D167F5B
:10ACC0008ECF3EF80182AE4FC7903FFE01FA388228
:10ACD000E0031FBCE0018F4FE200CF02011AE00148
:10ACE0008F4FE200CF040115E0018F4F3424E200C2
:10ACF000CF01011BE0018FCFE200CF830116E003FB
:10AD00001FDE3C1F9C18E02A17BFE1283C1F388239
:10AD1000E0031FDE34243C1FE0051F8C9C089F8F3E
:10AD200037C1E1283C2F3882E0051F0CE0031FDE0D
:10AD30003F989C0E9F8F3441E1283C1F38820000D1
:10AD400008B4F004196EE400C4CCE0041F22F00F34
:10AD50003919F0008B6EF0008AFEE0028D9FF00240
:10AD60008BAFE200CC09F1FFC37FF1FFC2FFE81413
:10AD70003D97F201C37FF201C2FFF201C27FF008EA
:10AD800088CFE00002FDE0031FDEE00E34243F9E8A
:10AD9000F00089FFE001898FF00023871780E12F01
:10ADA0003D8FE0002FF317873E6FE12E3D9FC67F5A
:10ADB000F12D3B9F2F062E853FECE201C7FF2FF5BB
:10ADC000E0031E3C1700E001894CF030398EF82179
:10ADD0003986E200C901E02E398EE82D3985F0046C
:10ADE00038413ECE3F640136E001894CE200C903A0
:10ADF0000131E00188CCE200C882E0000152E001AC
:10AE00008E4CE200CE04E000014CF200C9840587BC
:10AE1000E8403F66C77CF04039FE043D170126BB81
:10AE2000F200C8C316000294F200CA03F00C3919EC
:10AE3000E00188DCE00002D4E0011627E12C3E218D
:10AE400026061603F02C3A0CE0002E4A16003C6C45
:10AE50000A61170139FE0106E8403F65C77FE02E11
:10AE60003F031604E92C3E233E5D2E36F0002835C4
:10AE70001602E92C3E233F5C3F4100D3F00689BF18
:10AE8000E00689CFE7FF008AF1FFC27FF201C27FAF
:10AE9000E7FF008B1704E12E399E3F5400C2E20009
:10AEA000C9810114E8403E65C67F39FC010FE840C6
:10AEB0003E66C67CF02C39ACE7FF2634E200CE803B
:10AEC0001701E06E3924E7FF00ADE8403E66C67E1C
:10AED000E8403E73026D1701E7FF00A41600E7FF8C
:10AEE00027381607E12B3D9CF1373B9CF0173BCBF5
:10AEF000F0012B971609F12C3A1CE0012E12E2000A
:10AF0000C984F0403BEE0107F8403BE5F1FFC3FC8C
:10AF1000F0373B831600E00115FFE0353D0CE02BD8
:10AF20003C0B1604F1FFC37CF8283B03E80B3DC53E
:10AF3000F033398CF00C3919F01339C8991CE00240
:10AF40002594F200CA05F0083919E00111B2F001A8
:10AF50008B48E000164AE06C3CA3F0403B7C11813A
:10AF6000E00105FDF200C898F00C3919F004900CCE
:10AF7000E00002DA1606F12C3A1CE0022E62F00222
:10AF80002AE02705F203C87DE002055BE200C899CC
:10AF9000E00205D7F200CA04E00105F3161DE12C1A
:10AFA0003E212E03E00121ED1601F208C84B0212EA
:10AFB0001415E1283C212403E0002EC1F203C81936
:10AFC0000209E400CE813A5D220516A9E12D3EA1D9
:10AFD0002EB51699E12D3EA126851682E12D3F9DC5
:10AFE0002EAD1684F12D3A1DF400C981F01339DD20
:10AFF000F0002186FEFFCBF7F00223B816A7E00889
:10B00000144BE12D3EA1E8283C203C5D1685F12D36
:10B010003A1D3ED82696E6FFCEFE2693008F1602F6
:10B020003C6C0A611600E200C89402C0E00A16A750
:10B03000E82D3EA02E83F7FF22CEC601E201C67F97
:10B04000F00D3891E200CEB2E00102F5E200C89FB7
:10B0500005902507E6FFCD7E2504F205C8270509E2
:10B06000152FE12A3D2D2D051504E12A3F9A2504CF
:10B07000C601E201C67FE200CF830584C601E2017A
:10B08000C67F2714F00E3919E004973EE200CF3B4B
:10B09000020DF203C87D0507E200CF2B0207F2057F
:10B0A000C86D0204C601E201C67F1712F200CB1A76
:10B0B000E122391E3DC2E00105A5F00E3919E0017B
:10B0C0008D3EE200CD1AE00105C31504F206C83D2D
:10B0D00017010520F0083919E0018C38E00010EC68
:10B0E000E8083C16E0283C1124081403E12F3F989F
:10B0F0002784F208C84B050EE200CEB71701058A77
:10B10000E12F3D1EE00127CE17B9E12F3FADE00151
:10B1100027C9E7FD259EF203C81E051AE00717C4DC
:10B12000E82F3FA02786179CE9313FA1F000288532
:10B13000F203C85F0204F200CA04028AF205C8687A
:10B140000219F200CA040104F200CA05059621950D
:10B15000C601E201C67FE7FC00FCE00189B8E123FB
:10B16000399CE7FE0081E000177EE12E391EE7FDE5
:10B1700000EAF206C83305692F6CE7FC00EAF2002A
:10B18000C894029DE0051668E82C3E202606163875
:10B19000E12C3E21E7FE2E0AF200C894011016248D
:10B1A000E12C3E212607E0071653E82C3E20E7FD60
:10B1B0002E7DF200C8901601E7FD05F91615E92C61
:10B1C0003E21E7FE2631E6FFCE7EE7FE2E2DF2037E
:10B1D000C81905361621E12C3E212606E007163552
:10B1E000E82C3E202E2DF207C817E7FE021DE200D4
:10B1F000C8C8E00002D41604F12C3A1CE7FE009502
:10B20000F200CB1602A00128F200CB0F1700E7FFD7
:10B210000582F00E3919E0018D3EE200CD0F1700D6
:10B22000E7FE05F91501E200CF83E7FE05E7E7FE3B
:10B2300000CFE200CEB7E7FE02A0E7FE008C1601C9
:10B24000E7FD00F3F00E3919E0018D3EE200CD1666
:10B250000587150300E9F00E3919E0018D3EE20083
:10B26000CD1505DC150200E0E200C8A1028CF20455
:10B27000C857E7FD0564270CF205C827E7FD055F01
:10B28000E7FD00BEE200C8ACE7FD02BA00F5F2043B
:10B29000C848E7FD0554E7FD00D51600E7FD008727
:10B2A000E8093C92E00497B9E201CF9A050417003F
:10B2B000E7FE00B1E00017491782E12E3F2DE12A99
:10B2C0003D1F3F5AE7FE00A708B7F8000C3EF040CC
:10B2D0003DE9F0041C6EF400C5CCF80F3C1BE00403
:10B2E000970FE20ACF45E000026DE0031ADFE201AA
:10B2F000CC7F8B05E000016BE200CB01E00005DEB6
:10B30000E0031BDEE00F34243B9F9F87E204CFFF66
:10B310000589E0051F0C9F0EE1FBC7013F7FE000A0
:10B320000251233E1300E0031BDEF0051E0CF0402B
:10B330003D683A69E0403966F0403CE6F00016812D
:10B34000E00F31243F9789CF3C62E6FCC9C33A73D2
:10B35000E8403D693CE3011EF0009F0FDCF2241A37
:10B36000E400C1CCF204CF7FE80339980588E800F7
:10B370009F8CE1FBC781E8403FFE020CE00497830D
:10B38000E20ACFC50207F201CD7F13010191F00956
:10B39000AE83C1018F85E201C17F3FF202D2F8186E
:10B3A0003C1BE8098F88C7FFE200CFFC028B13012A
:10B3B0003C66F8000F280BE1E0098F8FE7FF2FA212
:10B3C00013003C66F8000F280BE12B04E0098F8F77
:10B3D00027F9F80F3C1BE0029FBFE7FF009908B474
:10B3E000C07CE201CC7F3968E00001F03A69E004FA
:10B3F00019EEE400C24C1781E00D39948F7DE20014
:10B40000CF08E00002E0E0018E1DE200CE08E0007F
:10B4100002DAE200CF04E00002E2E200CE04058A94
:10B42000E00F3994E0018E8F1781E201CEE6E00053
:10B4300002CAE200CF080188E00F39948EEF17812D
:10B44000E200CEA202BFE200CE080189E00F3994EB
:10B45000E0018E8F1781E200CEA202B41786E00DC4
:10B460003994E12F3F1F8DED2787E00016C1E12DB4
:10B470003D9D17812EA71786E00D3994E12F3E1FC1
:10B48000E0018E8D2787E0001541E12A3E9A178161
:10B490002D191785E12E3F1F2707E0011704E12E24
:10B4A0003D9E17812F0F1785E12C3E1F2607E001D7
:10B4B0001784E12D3E9F17812E85E201CDB20294C3
:10B4C00017803C6FC0040A617C81DC0317806481B3
:10B4D000E7FF2C0E3C6FC0040A618EEDE201CEE660
:10B4E000E7FF059D00EF3C62DEF0246BE00E39942F
:10B4F000E0018FFEE200CF820284C781E001AFFE4F
:10B50000E00F39948F7FE200CF040587E0018F7F41
:10B510001782E200CF0102D6E201C97F010DE003EC
:10B520001FDE3124391F8FF22787E0041F228F6E20
:10B53000C77F3F7F01C63994E0018FF3E200CF82DD
:10B5400005C01782E7FF00BF08B2C07CE201CC7FD4
:10B55000396801BBE0041DEEE400C4CCE00F3D9966
:10B560008F7F8FEFE200CF0305A0E201CFB50591F9
:10B57000E201C97F0111E0031EDEE00C31243E9C94
:10B580008EFD268AE0041E228E6CC67F3E7D01045D
:10B59000E200CF07058A3C9BE0028F8914013F98A7
:10B5A000E002AF89C0040961E200CFCE0596E20057
:10B5B000CF0502F21684E12E3F1D2712E001171974
:10B5C000E12F3F9E2FE9008C7C81EFFFDB836481BC
:10B5D0002C421400C0040961E200CFA202BDE00FBA
:10B5E0003D99E0018F0FE0018F9FE201CF35059576
:10B5F000E200CF830596E201C97F14010154E00304
:10B600001EDE3124391DE0018E8226CDE0041E228B
:10B610008E7CC67F3E7D0147E200CF87E7FF02BDFB
:10B62000E200CF4E0294E200CF2205D4E200CF87A1
:10B63000E7FF01331684E12F3F9D27CCE0011799E6
:10B64000E12E3F1FE7FF2F29140000C5E200CF8540
:10B6500005F2E7FF00A2E200CF07E7FF011EE7FFC8
:10B6600000ABE0031FDEE0041D6EE400C4CC342414
:10B670003C1FE00E3D199F88E0029EFE9C18E002F0
:10B680009E6E3C2DE0031EBC3FACE0433F9FE04379
:10B690003C18E0018ECDE0413FAFE0413C28E3FFA4
:10B6A000C7FFE3FFC47F2E8FE0068F4EE200CF047A
:10B6B000E00002C63F68F03E13403C6FE02516C034
:10B6C0003FEE0085F0321300E8403EE6E00B3D1906
:10B6D000E0028F1BF0028BABE92E3F67E200CF0642
:10B6E00005963E6EE406C620E405C700E3FFC6608B
:10B6F000E3FFC700E92C3E56E12E3EDEE3FFC760C4
:10B70000E1283C1EE12F3F9C3C4F3882F0008BDB50
:10B71000E8403E67C67CE201C67B260CE8403E67F7
:10B72000C675F0403B6CF201C37F1601E92C3E2642
:10B730002616E0281700E032160000DFE0041EA203
:10B74000F03E13408EFDC6FB3EFE3F683C6FE7FFB8
:10B750000537E01216E03FEEE7FF00BAE0018EFB8E
:10B7600026A6C701E3FFC77F3D19E0018EEAE2008C
:10B77000CE810121F200CB8DE401C770E00C16C030
:10B78000E0071640E3FFC770E06C392D3E7E058868
:10B790003F6CE1283C1EE12F3F9C3C4F38823E6EBF
:10B7A000E1283C1EE12F3F9C3C4F3882E0028E8B0B
:10B7B00026DC00D8E8403EE71602E201C6FBE02D99
:10B7C0003E8C2E851689F02D3B8D26D5C702E3FFD2
:10B7D000C77F00D1E0031E3CE0038FCC278EE12F12
:10B7E0003CE8E212CFDF0287E0018FCC1681E20055
:10B7F000CF830116E01217E0E0041F2516809F0E8C
:10B800003F2F3CFE050DE0051F0C9F0EE00F3F2F64
:10B810003C7F0506E0018ECC1404E02D3E883C6D93
:10B820003882E0031F3CE0038FCE279BE212CC5FFF
:10B830000288E0041FA59F8FE1EDC7A03CFF021323
:10B84000E212CCDF1780028DE0051E8C9E8DE1EDAB
:10B85000C6A03C7D0506E0018FCE1404E02F3F8892
:10B860003C6F3882E0018ECE1781E200CE8301E981
:10B8700000F8E0031EBC3E68E0038FCDE015172002
:10B88000E200CF830288EB9B7F34E9FFC77E37A1BC
:10B890003F9E9F0FE0018FCDE6FFCFFF278F3F7CBC
:10B8A0001400058BE0041FA5E1283F199F8FE00ECF
:10B8B0003FAEE0293C9E3C4938823C6FE0051F8C3E
:10B8C0009F8F3FAE3E7F057900EEE0031FBC3F68CF
:10B8D000E0018FCF2F973C6FE0041FA59F8F3FF9AA
:10B8E0000490E203CF5F1401058CE0051F8C9C0FD0
:10B8F0003CE8E1FCC4A1E0293F29E1283C2E3C5969
:10B900003882E0051F8C14009F8F3FFE04FAE2038B
:10B91000CC8F140105F6E0041FA59F8F3C6FE1FE5C
:10B92000C411E0283CA8E1293FA93C593882000015
:10B93000E0031FDFF0031ADE8C0FE0002469E0044F
:10B940001F25E0051F8C9E8E3F69F0041B6EE400EE
:10B95000C74C9F8F3E68C67F3C6DE80E3F16E003E4
:10B960001ED7F0403A6FF0403BEFE6D8CE4C3DEEAC
:10B97000F1FDC241E1E7C401F1F3C3C1E8403FE595
:10B980003E1DF0001181F0001108C5BE8F4FE6FC8E
:10B99000CF4E3F7901389E8FE202CEBF05B4F04012
:10B9A0003A7D05319D1F3C7A0207E20CCEBF05AB04
:10B9B000F0403BFD05283EEEE400C6CCE80D3E9687
:10B9C0008D5DE200CD04011FE400C7069E9DE80ED8
:10B9D0003F15E201CEFBE003C7608F0E0284E20058
:10B9E000CF0201078E8B2684E200CF0101022F0BCC
:10B9F0003F6AC775E201C77FE92E3F132704E92A92
:10BA00003D022D06C7903FFC01C21400388214018C
:10BA10003882000008B7F8000C3DF0031D5FE80015
:10BA20008F8AE00027ED3A68F0041DEEE400C24C76
:10BA3000F0403C68E8043A1BE0031BDEF0031CBC4A
:10BA4000F0041E25118012811308F00116FBC23E7E
:10BA50000097E8009F0CE8018E49E1FEC710E02E38
:10BA60003C9E2F06E001176FE12E3F292717C18169
:10BA7000E8008F8AE201C1FF3FF3E00005C1E00D5D
:10BA800031A4E00E3B9D8FCEE6FCCFCFE8403FF8DF
:10BA9000016FE8018E499C9E2E5D3F6FE400C70652
:10BAA000E400C7CC3F17E003C7608F0E2710F00CEF
:10BAB0003D9F9E1CF12C3EAC26051602E02C3F0C4F
:10BAC0002E068E042655E02E3F052752F0023D9F9C
:10BAD0008FD2E200CF84014C3E979C0DDECB2C48E8
:10BAE0008F523FEEC7F5E201C7FFE12F3F9527C018
:10BAF000E12E3F06E7FF273D140100821400F80005
:10BB00000EA80BE108B7F8000C3BE0031ADF8F85A5
:10BB100027BDF0031DDEE0041B6EF0041C25F003BE
:10BB20001CBC3A68110013FD3A72E00F3124E80F93
:10BB30003F9B0126F0009D1F9C0F89CFE8403CEA07
:10BB4000DE4A3FE3E400C7CC2C1B3F968F8FE40016
:10BB5000C186C7FCE200CF84E803399BE003C1E063
:10BB6000058F8F833FD72F8CE8009F8837C1E8402F
:10BB70003FFAE8018FC9058EE200CF83010EC101B3
:10BB80008F85E201C17F3FF202D01400F8000DA8BA
:10BB90000BE1E200CF8401F4140100F908B7F800CA
:10BBA0000C3BE0031ADF8F8527BDF0031DDEE004A8
:10BBB0001B6EF0041C25F0031CBC3A68110013FD39
:10BBC0003A72E00F3124E80F3F9B0126F0009D1FE1
:10BBD0009C0F89CFE8403CEADE253FE3E400C7CC78
:10BBE0002C1B3F968F8FE400C186C7FCE200CF84F8
:10BBF000E803399BE003C1E0058F8F833FD72F8C8B
:10BC0000E8009F8837C1E8403FFAE8018FC9028EFB
:10BC1000E200CF83010EC1018F85E201C17F3FF2B7
:10BC200002D01400F8000DA80BE1E200CF8401F46B
:10BC3000140100F908B4E0031A3C3969E0018FC42B
:10BC400027BB3FE9E400C7CCE00419EE399FE001CF
:10BC50008FA32FAAE0018C442C16E0041FA53EE21E
:10BC6000E400C6CC9F0FE0041FEEE1E7C7013F9D53
:10BC7000E0029EFFE0403F7D0216E0029FEFE20CF3
:10BC8000CFBF02A0E0031FE914008F8FE200CFA214
:10BC9000028AE0041FEEE400C14C1401391F178131
:10BCA000E001AFE20A613C69DEB624551781140158
:10BCB000E001AFE30A61DE3D2C6DE0018C442C63B2
:10BCC00000CDE0051F0C9F0EE1F3C7413F7F055BF0
:10BCD00000EA000008B7F8000C3EC05839E8E0045C
:10BCE0001C22F00015808FE88F783BEF3C6EC3FF7D
:10BCF000C47FC77EC7FE1201E201C3FFE201C47F19
:10BD0000E201C77FE201C7FFE8383C8BE0353C0920
:10BD1000E0263C84E836398BE0373B83E0293F0955
:10BD2000E02F3F83E0253984F8173B47E0093B4982
:10BD3000E0053FC57A87396CF0007B88F0403D6DA7
:10BD40007C89F8183C45E0022DD0E0433C08E043F4
:10BD50003F0E7F047C0AE201C97F13003F66E06E5C
:10BD600039A2F0433E83E0041FEEE8403F7DF040FF
:10BD70003CEA7F86396EF400C4CCE00302223F6FB8
:10BD8000E80E3F19F00065886789620AE000C7463F
:10BD9000F0403E633AE6E201C27FF01B3DDF7F05E3
:10BDA000F8403F6DF201C77F3CE4E8403C6EE003A1
:10BDB000D6C53F68F0002D86F000240667872783EC
:10BDC000F00126B4E200CF64E002052A6484E84072
:10BDD0003C6EE201C4FF3A9EE003D6B0F200CE8092
:10BDE000E3FFC2FF0509E8403BFD05066705978EA6
:10BDF0003FF80302B40EE200CC0005043B18E3FF59
:10BE0000C37FE8403FEEE1FFC7FFF0433E8FF040C5
:10BE10003EF2F8403E6E0345F201CD7F0185E0041D
:10BE20001C22F0008D683A63C201E0433A04E84006
:10BE30003A7AE001032F6786F000658AE80F3F99A0
:10BE4000E000C7C6F0001680F201C5FF7F8500AA9A
:10BE5000E200CFE4E000055B64843C62E201C4FFE1
:10BE60003A9FE003D66BE0433F82E0243B94E82F07
:10BE70003F9D3A5FE3FFC2FF22076705978EE02FE1
:10BE80003C1FE0012F84E200CC0005043B18E3FFD7
:10BE9000C37FC182E0433A03E8403A7A39E2E000E6
:10BEA000037B3963C101E201C17FE8403CEB3C62A6
:10BEB000E003D6443A773FE801CCF000240467075A
:10BEC0002F056708274667092744E8403CEB3C6399
:10BED0007F83E003D6336484F0403F68E201C4FF0F
:10BEE0003C62E003D62B67833402F00E3702E00D8C
:10BEF00037813F183F1DE0433F1EE02F3F6FE04377
:10BF00003F9FE200CFE4E7FF0229F001241AE2009C
:10BF1000CF81E001023767863963E80F3F99E0017E
:10BF20008F5FE0002F4300BE3CE414017F01E0037B
:10BF3000D60565843EE8E201C5FF3CEB14007E8235
:10BF40007D83E003D5FB6682670134023682E00A16
:10BF500037013E983E9AE0433E9DE02E3EEEE043A0
:10BF60003F1EE200CF646583E00005583CEB1400FF
:10BF70003A9EE003D5E3E200CC00E3FFC2FFE7FE18
:10BF8000023FF8403E6DE7FE00C9B40EE7FE00FD3B
:10BF9000E0403963F0002C0A67882F876786E80F36
:10BFA0003F99177FE001AF5FE802392C6786C10136
:10BFB000E80F3F993AF6E001A91F1780029AE125A0
:10BFC0003A8FE0263B0F3AD6E0413AC5E40F32A85B
:10BFD000E40F37C86706F0193C9EE801AF89C02816
:10BFE000F8000F280BE17A04F0007D8AE7FD00B528
:10BFF00022F23F66C70132A4E1253ABEE001177F75
:10C00000E12E3A9E2F07E0263B0F3FE5E201C7FFF6
:10C010002362E00117FF00DFF8403F6DF7FD247E4B
:10C02000E200CF0102106786E80F3F99E0018F5FC1
:10C03000E7FD2F74177FE001AF5FE7FD00EF396385
:10C04000E7FF00ACE8403C6EC4013CE4E201C47F81
:10C050007F01E003D573E200CC006701E7FD055ED8
:10C0600067863422E02E3C3EE80F3F99E001167FC0
:10C07000E0018EDFE02E3F5C3EFEE7FD03CF00DCFB
:10C08000E8403CEB3C637F83E003D558E200CC0002
:10C0900039636783E7FF050A67063422E02F3C3FD8
:10C0A000E80E3F19E001167FE0018EDEE02F3FDC55
:10C0B0003EFFE7FE03FBE001AFDEE7FE00F7F040E6
:10C0C0003E633AE6E7FD00AA08B7F8000C3EC0540C
:10C0D000E00418A239E98F618FF13BEEF0403C6F2C
:10C0E000C3FFC77EF1FFC47FC7FEF00016001481B6
:10C0F000E201C3FFE201C77FF201C47FE201C7FF93
:10C10000E8393C0CE0263B88E0243C09E836398CD1
:10C11000F0373C03E02F3F83E0253989E0283F08D2
:10C12000F8173B47E0053FC5E0083A48F0007B8739
:10C13000396C7A88F0403DED7C0AF0193CC6E0028B
:10C140002DCEE0433E87E0433F0E7F047E8BE2012D
:10C15000C97F13003F66E06E39A2F0433E03E0045E
:10C160001FEEE400C54CE8403F7C7D05396E7F86BC
:10C17000E00302213F6F3F1AF0006507668A620BF9
:10C18000E000C746F0403EE33AE6E201C27FF01A23
:10C190003D5D7F09F8403F6CF201C77FE8403CEE0F
:10C1A0003C64E003D4CB3F68F0002D06F000248609
:10C1B00067882783F0012637E200CF64E002052A72
:10C1C0006404E8403CEEE201C47F3A9EE003D4B64A
:10C1D000F200CE00E3FFC2FF0509F8403C7C0506F3
:10C1E0006689978D3FF80302B40DE200CC00050488
:10C1F0003B18E3FFC37FE8403FEEE1FFC7FFF0439A
:10C200003E0FE840397CF8403EEE0545F201CDFF97
:10C210000185E00418A2F0008DF13A63C201E04309
:10C220003A04E8403A7BE001032F6685F00065069A
:10C23000F000660BF01A3D1DF201C67FF000C54606
:10C2400000ACE200CFE4E000055D64043CE2E20102
:10C25000C47F3A9FE003D472E800978AE3FFC2FFED
:10C260003FF8030DE0433F82E0001080E02F3F9154
:10C270002786F0243C142203E800B40AE200CC0034
:10C2800005043B18E3FFC37FC182E0433A03E84063
:10C290003A7B39E2E00003793963C101E201C17FF1
:10C2A0003CE2E8403C6CE003D4493A773FE801CAFD
:10C2B000F000248467082F05668726C4670A274292
:10C2C0003CE3E8403C6C7F83E003D438F0403F68B7
:10C2D00064043CE2E201C47FE003D43067833402AB
:10C2E000F00E3702E00D37813F183F1DE0433F1E3F
:10C2F000E02F3F6FE0433F9FE200CFE4E7FF0227DC
:10C300006687E0002EC1F00024BFE200CF81E0018B
:10C3100002156705678639633F9EE0018F5F2F3EF8
:10C3200000BA14813C647F01E003D40865843EE8D0
:10C33000E201C5FF3C6B14807E827D83E003D3FE67
:10C340006682670134023682E00A37013E983E9ADF
:10C35000E0433E9DE02E3EEEE0433F1EE200CF6410
:10C360006583E000055514803C6B3A9EE003D3E6FC
:10C37000E200CC00E3FFC2FFE7FE023CF8403EECE7
:10C38000E7FE00C6396367872F89F0002C88668531
:10C3900067863F9D177FE001AF5FE802392D670593
:10C3A0006786C1013F9E3AF6A97F1780029CE0266E
:10C3B0003B0FE1253A8F3AD6E0413AC5E40F32A867
:10C3C000E40F37C86685F0006706F01E3F1DE800E1
:10C3D000AFEEC02CF8000F280BE17C84F0007E0B40
:10C3E000E7FD00B722F03F66C70132A4E1253ABE5F
:10C3F000E001177FE12E3A9E2F07E0263B0F3FE535
:10C40000E201C7FF2360E00117FF00DDF8403F6C49
:10C410006787E7FD2FFDF7FD24FBE200CF01022C2B
:10C42000670567863F9EE0018F5FE7FD2F71177FED
:10C43000E001AF5FE7FD00EC3CE3E8403C6C7F834C
:10C44000E003D37CE200CC0039636783E7FF052774
:10C45000668567063422E02F3C3F3F1DE001167FD2
:10C46000E0018EDEE02F3FDC3EFFE7FF0398E001B6
:10C47000AFDEE7FF0094E8403CEEC481E201C4FF78
:10C480003C647F01E003D35AE200CC006701E7FD82
:10C49000053F668567863422E02E3C3E3F9DE001E5
:10C4A000167FE0018EDFE02E3F5C3EFEE7FD03B02D
:10C4B00000C0F0403EE33AE6E7FD00AA08B7F80006
:10C4C0000C3B39EDE004196EE400C1CCF0004BB335
:10C4D000E00F39138F0FF0004B37F0004D3BF000A9
:10C4E0004DBFE0012715F0031CBCE8018FC927866A
:10C4F0001783E12E3FAEE0012739E0011FED3B6AD3
:10C500008D0FE0011FEC1700F0403C69E009391382
:10C51000AF6935288F8FE0041F6D3BE83F1314008F
:10C520003FCAB40EE00E37C23F7BAC793A6C3AEDAD
:10C53000E00103903FFB0491E400C78337823DFF95
:10C54000040CE8403EE6E8403E6715803D65E84063
:10C550003CE83C67EFFFDBC0E0011FEF8F0FE0011D
:10C560001FEE37288F8F3FCEE00E37C23F76E000B8
:10C5700002E53F6FE400C7033702E02E3B1E270FA2
:10C58000E12F3FA6278CE8403EEBE8403E6A15804D
:10C590003D65E8403CE83C67EFFFDD98E8018FC966
:10C5A000E00E391327B78E6EE0018D8EE0018F9E6D
:10C5B0008EFEADEEAFFEE001AE0EE001AE9EE00EEF
:10C5C0003913E0018E1EE0028E9EE0028D2EE00BFC
:10C5D0003E1F3E9A3DFD0505E002AE1EE002AFAEF5
:10C5E000E00539139F95E200CF81058CE0018B4572
:10C5F000E0018EB58FE5E0018F053B1D3F9E3FF6C4
:10C60000023939139F92E200CFFE010DF8000DA808
:10C610000BE1E0018F9E8EFE37C13F9DE201C7FF17
:10C62000AFFE00CE8F62E0018F82E001AF42E001F9
:10C63000AFB2F8000DA80BE1E8403EEBE8403E6ADF
:10C6400015813D65E8403CE83C67DD3FE7FF00A819
:10C65000E8403EE6E8403E6715813D65E8403CE83D
:10C660003C67DB39E7FE00FAE8038FC9E7FE2FC716
:10C6700000CEE0031FDE32243A1FE0018C848C746C
:10C68000E003D25CE0049785E0403FF8040823070C
:10C69000E00317F4E0283C1FE7FF2435E00F3913CF
:10C6A0008EEFE0018F0FE001AECFE001AF3FE7FF7B
:10C6B00000AA000008B7F8000C38E0051F8CF00352
:10C6C00019BCF0009A0FE8018DC3E0041FA59F0F6D
:10C6D00025ADE8018EC31600E200CE82E8038FC3C9
:10C6E000E01216E03DECE06B3AADE200CF83E001F2
:10C6F00002CAEB9B7EB4E9FFC6FE37A13F9D998F2E
:10C700003DF3E003059C3D6BF040386B3B6EE84029
:10C7100039643BE3E01012A0E0021240E00110F0A7
:10C72000F0031090F0403AEC0093E0191500F00C83
:10C730001040E00210C0E8403B64396E3AEB3A6BBF
:10C74000F04038E13BEAE84039E0F00612A0E00FA3
:10C750003424E0031C5EF004196E3C1FE400C4CCDA
:10C76000F0009B08F0009B98F00C39191400F801B8
:10C770008C43F92D3B54F12F3BDEAC0CE3FFC6FF9D
:10C78000E001AC2CE3FFC7FFE004AC4CF002B33C8B
:10C79000F002B3CCF0002413E8018E43E6FFCE7C18
:10C7A000E0002664F0083A2DE8403E643EEF3FE8A2
:10C7B000F0403A6EE3FFC7FF3F6CE00A3F2A3FFAC2
:10C7C000051DE8403EF00394F00C39191501F131D4
:10C7D000389DE001AD2CF00120EBE122392FE00182
:10C7E000216717851405AF8CF8000C280BE1F810B1
:10C7F0003A20E8403EF0E0010206E12C392FE0004B
:10C800002657F12B389DE00025D3F00C39191582FD
:10C81000AD8CF0013A213EF1E0010221E8403E6496
:10C82000E1EFC6603EFCF00C3919E001027A8C0C95
:10C830003FF4E00003CA3EF6E00105982C13F00C2B
:10C840003A93E3FFC67F3F2C3FFE050C3EFC048578
:10C85000F00C3A2C3EFC0506E8093C9217891409B5
:10C86000AF89F8000C280BE1E0083F2FE8403E6458
:10C870003FED3EE8F0403A6EE3FFC6FF3F6CE7FF56
:10C88000009EE01515203B6EE8403964F040386AA0
:10C89000E01012A0E0021240E00110F0F00310904E
:10C8A0003BEA39EAF0403AECE7FE00D33FF21400ED
:10C8B00002C0E210CE9FE7FF02AEF00C39191583DB
:10C8C000AD8CE7FF00A83FF5E00003E43EF6E7FF8C
:10C8D00002B7E0043F243FF4E0010206E0053F25F3
:10C8E0003FF5E000054C2407E0001603E12C3C1C5A
:10C8F000E7FF2626E8093C9217831403AF89E7FF78
:10C9000000B2F00C391915023FF2E001AD2C02869D
:10C91000F0013A213EF1E7FE0266E8018E43E200B3
:10C92000CE02E00005F6E0073F273FF7E000056A8A
:10C93000F00C3A233EFCE00005653F2B3FFEE80982
:10C940003C92E000054CF00C3A2B3EFCE000054721
:10C9500017881408AF89E7FF0086F00C3919158293
:10C960001402AD8CE7FE00E6E0043F243FF4E00053
:10C97000025DE0053F253FF505361603E12C3C1C22
:10C98000E7FF2E3AE02C3C0CE7FF2E36E7FE00D8FE
:10C990003EF6E7FE02D5E0043F243FF4E000024605
:10C9A000E0053F253FF5026AE7FE00CAE8018E4335
:10C9B000E200CE0205ADE0073F27E0273F9723A125
:10C9C000E12C399D261E3F2BE02F3F9EE8093C922B
:10C9D0002785E12D3D9DE7FF2EBD17861406AF8903
:10C9E000E7FE00C124061602E12C3C1CE7FE2628C7
:10C9F000E8093C9217821402AF89F8000C280BE179
:10CA0000E8093C9217871407AF89E7FE00ACE809F4
:10CA10003C9217861406AF89F8000C280BE11583A9
:10CA20001403AD8CE7FE00861602E12C3C1C2E613F
:10CA3000E02C3C0C2E5EE7FE00833D63F040386343
:10CA4000E7FC00E608B7F8000C393BE93B683AE739
:10CA5000EFFFD4C7E400C2CCE0031F5EE00F332435
:10CA60003F9EE004196E3F65F80F0803C72CE001F4
:10CA70008C8FE0033915F0403C688C7FE00F391E45
:10CA80008A03F80F0813E003D059E003B463221CB3
:10CA9000E002172CE00F3424E02F3FBE1700E00423
:10CAA000B403E004B413E008AFC3E008AF53F000F0
:10CAB0002418F200CC01013E1201178D3C64AFD363
:10CAC000F8000CA80BE1AA53391517811700B7928B
:10CAD000AFC2E007AF623C64F8000CA80BE13CE792
:10CAE0003C66EFFFD533E0001F841723E200CA0243
:10CAF000AF0FE00001581783E02F3A0FE0002FC975
:10CB0000F0001409E82F3A08E0002FC33FE4C7F90A
:10CB1000E201C7FFF0001481F12F3CAF2F98178579
:10CB2000E02F3A0F2F94E200CA06E000014D3A6F61
:10CB300000CCE0018FA327861788E8403A68AFD37E
:10CB400000CB1784E8403A68AFD300C6E00339153C
:10CB5000E0018FE32F90E0031FBCE0018FCFE200E4
:10CB6000CF820589E0018FA3E200CF810135E20089
:10CB7000CF820139E200CA05E00F3915011AE2003F
:10CB8000CA08011C17031201AF5FE7FF009F3CE7D3
:10CB90003C66D851E00F391517031201AF5FE7FF6C
:10CBA00000953CE73C66D847AA531201E7FF008E88
:10CBB00017061201AF5FE7FF008917091201AF5F87
:10CBC000E7FF00843CE73C66D836E8403A69F0006D
:10CBD000AC53E7FE00FB3C66EFFFD7962C08E00164
:10CBE0008FA300C63C66EFFFD7DB2445E00F391565
:10CBF0001701E001AF6FE7FF00BFE0011FEA8D8F73
:10CC0000E00025E608B3E00319DE8FC33FF8E0003B
:10CC100001603F6317810086E0028E4EC7103E78A8
:10CC2000010A3E6FE201C67F3EEF3DFC3FEDC7814A
:10CC300002F409E1E00F36A43F933DE8E400C5CCDF
:10CC4000E0041E6EF04039EBE0001CBCF000C1AC0B
:10CC5000E0041D36F013399C3E1B99091701E003CF
:10CC600095EC950AF8130803373836A43F423DFA8D
:10CC7000F80F0813E00F399DB7098CFFE0018F8F83
:10CC800003043DEAE003B56C3E93E0041F223968DB
:10CC90008E7EE0021F6BE0AF3E09A70E37A13F9EDC
:10CCA000B58F3D689E1D9D8D14801401E005DAC787
:10CCB000E0031F5F3C62E400C4068F8E3C13E00378
:10CCC000C461C7811681AE88AF8E09E138823FE327
:10CCD0001680E7FF00B408B7E1FEC060E0031CDE89
:10CCE000E0011520E2007C04E006DC6AE0031C5E43
:10CCF000E0011520E00114FFE006DC9CE2007F0467
:10CD00003A60E0031D5EE001C2243FEE148012FD94
:10CD10000085C7903A7FE000014C8DCF3EEBE400E8
:10CD2000C686E201CDFF3E9AE003C6E001738E8D18
:10CD30003ED52EF08B8F8B1F89AF893F88DFF000A7
:10CD4000886FF00088FFF001890FF001899FF001E2
:10CD50008A2FF0018ABFF0018B4FF0018BDFE001D9
:10CD60008C6FE0018E7FE00D34A4C7903E9A3A7F2D
:10CD7000C481AB8DE201C4FFAB1DA9ADA93DADCD12
:10CD8000A8DDF000A86DF000A8FDF001A90DF001EC
:10CD9000A99DF001AA2DF001AABDF001AB4DF00153
:10CDA000ABDDE001AC6DE001AE7DE7FF01B8E00373
:10CDB0001C5FE0031D5EAC8814800085C7103F7FB8
:10CDC000E00001588DCE3EEBE400C686E201CDFFC7
:10CDD0003E9AE003C6E001738E8DE200CE8101EF42
:10CDE0008E88F000888E3E99F000891EF00089AE92
:10CDF000F0008A3EF0008ADEF0008B6EF0008BFEC1
:10CE0000E0018B8EE0018B1EE0018AAEE0018A3EDC
:10CE1000E00189CEE001895EE0018E7EE00188EECE
:10CE200036A4C7103E9A3F7FC481F000A88DE2016E
:10CE3000C4FFF000A91DF000A9ADF000AA3DADCDE2
:10CE4000F000AADDF000AB6DF000ABFDE001AB8DB2
:10CE5000E001AB1DE001AAADE001AA3DE001A9CDD2
:10CE6000E001A95DE001A8EDE001AE7DE7FF01ACC6
:10CE7000E001C0200BE108B43A68E00319D8C27F92
:10CE800011000088C101E201C17FE200C90AC18628
:10CE90000117E0808F94E200CF840115E200CF8873
:10CEA00001F28F83E200CF8101EE3C62C101EFFE0F
:10CEB000DEF5E201C17FE200C90AC18601EB0A2169
:10CEC000E7FE008B3C62DE9A00DE08B1F004196ECA
:10CED000E400C4CCE0031DDEF00F3919E001966FC9
:10CEE000F002908F3424E00D3D98E0413D2CF84154
:10CEF0003B21F0009A0DE0019F4FF0009A9DE00168
:10CF00009FDFE8403D76F0173A2EF00D3AAF041C53
:10CF1000F0012383F00E3382F00138BE3FECE200D3
:10CF2000C880E3FFC7FF0507E04138AEF0403B7122
:10CF3000E000047AE80F3FA1E0433E1FF00E3919EC
:10CF4000E001B66E0083F0001080F00F3919E002A6
:10CF5000961FE001957FF04139ACE0413FAAE840DF
:10CF60003FF3041BE00026DDE0103682E8013E308E
:10CF70003F6AE200C880E3FFC77F0507E84138A0A9
:10CF8000F04039F1E000045D3F2CE0433D1EF00F1E
:10CF90003919E001B57F00821600E8093C92E001F2
:10CFA0009FB9E0019F293F9DE0051E8C3F9C9E0D8F
:10CFB000E0041EA5E80E3F179E8DF0001380E80EDA
:10CFC0003F11E0019569E82E3F67E82F3FE7E02F2A
:10CFD0003EDFE02E3E5EE0413EAAE3FFC77F3D9884
:10CFE000E3FFC7FFF0403B7DE001B729E001B7B99F
:10CFF000F001B249F001B2D9B70BB79B040CE001C4
:10D0000097F9E0413FAFF04039FF0405F000ABD99C
:10D01000F007ABE908E1F84038E7E7FF00983E6D1C
:10D02000E7FF00BD3D71F04038EC1600E7FF040853
:10D030003FAEE0433E1FF04038EEE7FF00813FF196
:10D040003E6A1500E7FF0425E80E3F20E0433D1E41
:10D05000E8403E60E7FF009D3F69E0031FDEE0041B
:10D060001D6EE400C74C3424E00D3D1EE00C3F98DB
:10D07000F0009A0CE0029DEDF0009A9CF0029B7D7E
:10D08000F00B3A2BE0433D9BF80C3AA6E0433E1CE4
:10D09000E0173584F001B24DF001B2DDE001B5EDED
:10D0A000E001B67DF002B38DF0002BBBE00D3D1E1C
:10D0B0001583E002B58D3604E00D3D1EE0002643E9
:10D0C000F04039EEF000C1ACE002B61DF013399A21
:10D0D000F81308033C1FE0041EA2F80808133F1AC7
:10D0E0008E788EFDE0018F88E400C486E0AF3E0DAF
:10D0F000E0021EEBE003966EA68D37A13F9DB60FB2
:10D10000168AE0031FD8F000B3183C9F1780B78938
:10D110009F88AEDEF001B33EE001B7AE3882F20088
:10D12000CB800208F3FFCBFE044715FDE002B58D6E
:10D1300000C3F200CB82E7FF053B3604E00D3D1E45
:10D140002E401601E7FF00BE08B7F8000C3EC0787D
:10D15000E0031B5F8A86E00022E6F0031C5E1100FC
:10D160003A68E0001BBCF0031DD8F0041F6EF00409
:10D170001EA2F0021E6BF0011C85E84039E8C27F58
:10D18000F00015013F6216FF00ACE200CF82E00024
:10D19000014EE200CF83019F3FE9E400C786E8002B
:10D1A0008E7DE80F3F9BB70F3DE98C73E0018F83C5
:10D1B000E400C5CC9D07E0AF3C0CF0093539E80030
:10D1C000A60CE80B3D9E3CCAE00395EB37A13F9CC3
:10D1D000B487B58FC101E201C17F3AF2C19001224B
:10D1E000E0808F948CC3E200CF81E6FCCCC901CEF5
:10D1F000E400C4868F86E8093C983E6FC67FE00352
:10D20000C4E027E9E8008F89C101AE06E201C17FD1
:10D21000AEC3C78116033AF2E800AF89C190AE09E8
:10D2200001E0C008F8000F280BE19E07F00F353928
:10D230003FCC3C627E817F02B787DF0F6681670249
:10D2400000CA0000E0041FEEE0041DECE1FF167DC3
:10D250009F1F3EEEC6FFE3FFC6FF3EFCC7010282F2
:10D26000B71FE0098F0F3EEEC6FFE200CEFCC701FC
:10D270000283E009AF0FE000C7CC3FFB01EAE00307
:10D280001F698F8EE201CFFF0106E200CFA2029557
:10D29000C781AF8E1600E0031FBEE0031EBD8F4F97
:10D2A0002706E200CF54C7010286AF4FC7863EFF74
:10D2B00001F73882AE4F00FB17FFAF8E00ECE004A1
:10D2C0001FEEE400C44C17003C1F8FD8AF58E00796
:10D2D000AFE8388208B7396839E93AEA3B6B3A6C0B
:10D2E000E00F3925E0413F2FE200CF070227E00E93
:10D2F00039A6E0413EAEE200CE870220C781E200BF
:10D30000CF820285C701E200CF0205A83CE33C6260
:10D31000E002DC143C7405123AF205923BE23B73E6
:10D32000C381E201C3FF029304A83967E00F3925E6
:10D33000E0413F2FE200CF07055B14000BE10390B3
:10D340003BE23B73C3FFE201C3FF05EF3E643DE6F2
:10D350003D653CE33C67DFBF241914010BE13B73DF
:10D360000586C181E201C1FFE7FF00BC03F7C1FFF1
:10D37000E201C1FFE7FF00B63E643DE63D653CE3E8
:10D380003C67DFA92C6BC1FF0082C181E201C1FFB4
:10D390003C623E643DE63D653CE3DF9D39682C5EC2
:10D3A0003E643DE63D653CE33C67DF95E1283C0299
:10D3B0000BE1000008B7F8000C3EE200CD81110A35
:10D3C0000184E0031FDF890FE200CC09E00102BF06
:10D3D000E0031FDE34243C1F8A78E0018B08E20062
:10D3E000CA010588E0041F228FEEC7FE3A7FE001E4
:10D3F000043AE0002159F0031CDEC17FE0031FD78F
:10D40000E6D8C9421380F0031C3CF0041DEE3AEA52
:10D41000F0403EE939EBF8403F69391FF000150351
:10D42000F0001602E1273E07E8008FCEE6FCCFCFE2
:10D43000F0403EFF013329BB3EEFE400C686E80D15
:10D440003E99E003C6E08E8DE200CE830127E40022
:10D45000C7CCE80F3F9BE0028E9FE200CE8402958E
:10D46000E0028EAFE200CE8402908EDF3FEDC7FC7B
:10D47000E201C7FBE12F3F832788E1FFC6F5E20108
:10D48000C6FFE92F3E9C2F8AE8008D7EE8018D8E35
:10D490003E653CE63C64DF1F2C3EF000C710E840D0
:10D4A000397E01C31400F8000F280BE1E8009F8EBD
:10D4B000E202CFBF0284E8018FC800F0E0051F0C34
:10D4C0009E8EE1FDC6C13EFFE8018FC805672FA70C
:10D4D000E8008D7EE8018D8EE00F3A2AE0413FAFF3
:10D4E000E00D3B2BE201C7FFE0413EADF12C3D2FAB
:10D4F000E201C6FF264EF12C3D2D264BF12F3E2F8B
:10D50000F12D3E2D3FCD27C52BC93E653CE63C6441
:10D51000DEE224441401F8000F280BE1E8018FC873
:10D5200027D8E0041F25E8009E9E9F8EE8018E48C4
:10D53000E1EFC7E0E02F3E9FE7FF2FB1E010179F1C
:10D54000E12D3FADE7FF2EAB00C43F69E400C74CBF
:10D55000E0041FEE3F9EE0068A3FE0068B4FE7FEA9
:10D5600000C0E200CB0105868FFEC7FE3B7FE7FFD0
:10D57000041BE0031FBCE0018FCFE7FE2FBCE7FFD9
:10D580000093000008B53AE91501E004196EE400C3
:10D59000C2CC3A6939E8EFFEDBD5E00F39159D1FA3
:10D5A000E0001F848F8FE12F3D1F2F86E00117FFC2
:10D5B000E02F398F2792E200CC01058511013C62F2
:10D5C000E0000AE1E0010106E200CD12E001028B79
:10D5D000E201C9FFE0010116E0031FDEE00E31A405
:10D5E0003F9E9A8F991FE0031FBCE0018CCF249AC5
:10D5F000E0018F4FE000276AE0041F25E0018FCF94
:10D600009F0EE6FFCFFFE1EFC760E00027D9E210F1
:10D61000C91FE00005F3397EE000055814023CE81C
:10D62000008A3F691402E202CABF02BA148134BE02
:10D63000E201C4FFE0031EBE17808E4DE00E349F52
:10D640003E7AC7813DEFE201C5FFE6FFCF7E059739
:10D6500027163E2AE200CE1C02129F1DE00E392E34
:10D66000E008C73FE210CF7E028A9F0DE00E3AAE7F
:10D67000E008C73FE210CF7EE7FF05A23C7BC686ED
:10D6800002DD1100E7FF249D3E623DE2E0001578D7
:10D690003CE43C63DE90E1223C023C620AE1E005AE
:10D6A0001F8C14809F8FE1FDC7C13FF50244178294
:10D6B000E00937BEE201C4FFE7FF00BE397E021D6C
:10D6C000E210C91FE7FF05AC17021404E7FF00AD25
:10D6D0003CE43C63EFFEDDFAE7FE2C72E00F391507
:10D6E0009D1FE201C9FFE7FE01F93915E0029AB278
:10D6F000E0029942E7FE00F914021481E7FF009C62
:10D700003CE43C63EFFEDDE2E7FE2C5AE00F391506
:10D710009D1F00EC08B7F8000C393B6839693A6A7C
:10D72000EFFEDE5FE200CC0139E80193E400C14C7A
:10D73000E0041FEE391F2A071784AFD23C63F800BC
:10D740000CA80BE117883C63AFD2F8000CA80BE1E2
:10D75000E0031BDEE0193324E80F3B99E0018C8FD6
:10D760008C7F3A62E0041AEEE400C24CE002D9E693
:10D77000E00F3A94E004970F3F780303E004B40FFE
:10D78000E00F3A94E0018FEF27ADE0183A94E801FA
:10D790008E68E200CE01012B3CE23C66EFFEDD9696
:10D7A0002413E00F3A94E0028F8F278911813A15F4
:10D7B000178B3C63AFD4F8000CA80BE13CE23C664D
:10D7C000EFFEDEC42C743CE23C66DEDDF0403C68DB
:10D7D000241B3A15178DAFD411813C63F8000CA8B7
:10D7E0000BE13CE23C66EFFFD22700D03DECE004C9
:10D7F00015083CE23C66DDDF2C70E8018FE8E200B2
:10D80000CF81015000CA3D683CE23C66EFFEDF2B51
:10D810002C06E200C982015E118100E0E8073B9915
:10D820009C979C073A15F000AC54EFFFD050118242
:10D83000E9283C083998E7FF0083000008B73B68F7
:10D8400039E93A6AEFFEDDCDE200CC013968018F9B
:10D85000E400C1CCE0041FEE399F2A051784AFD342
:10D860003C620BE117883C62AFD30BE1E0031FDEA3
:10D87000E00E33243F9EE0018C8F8C7F3AE3E0047E
:10D880001A6EE400C2CCE002D959E00F3A15E00468
:10D89000970F3F780303E004B40FE00F3A15E0015F
:10D8A0008FEF27A4E0073A15E0018E67E200CE0172
:10D8B0000122E0028F8727A9E200C90201111500A9
:10D8C0003CE33C66EFFEDECF3A152C30E0001F84CF
:10D8D0009F148F8F3F7F02AF11013C620BE111015A
:10D8E0003A15178D3C62AFD40BE13CE33C66EFFF89
:10D8F000D1A300D93DECE00415083CE33C66DD5BB8
:10D900002C6CE0028F872F863CE33C66EFFEDE1E28
:10D910002454E00E3A15E0018FEEE200CF8101CDF4
:10D92000396F168B3C62AEDE0BE117801102AFD46B
:10D93000E7FF00983CE33C66DE262405178DAFD454
:10D94000110100CC1102AC54E7FF008C08B7F800BD
:10D950000C393B683969EFFEDD44E200CC013A68DE
:10D960000139E0031BDEE0193324E80F3B99E001A5
:10D970008C8F8C7F39E2E0041AEEE400C1CCE00227
:10D98000D8DDE00F3A93E004970F3F780303E004FB
:10D99000B40FE00F3A93E0018FEFE00027C0E018EA
:10D9A0003A93E8018E68E200CE01011F3CE23C663A
:10D9B000EFFEDC8C2C263CE23C66DDE5F0403C686A
:10D9C000243A3995178DAFD312013C64F8000CA8A6
:10D9D0000BE1E0041FEEE400C14C391F1788AFD201
:10D9E0003C64F8000CA80BE13DECE00415083CE2B7
:10D9F0003C66DCE12C6AE8018FE8E200CF8101D7C8
:10DA0000E00F3A93E0028F8F27A212013995178B0E
:10DA10003C64AFD3F8000CA80BE13CE23C66EFFF9E
:10DA2000D10BE0183A93E8018E68E200CE01E7FFDF
:10DA300001BF00DB3D683CE23C66EFFEDE142C0ECD
:10DA4000E200CA02E7FF013F120100C03CE23C666F
:10DA5000EFFEDD7CE7FF243100D9E8073B999C9776
:10DA60009C073995F000AC53EFFEDF311202E92834
:10DA70003C083A18E7FF00B608B73B683969EFFE83
:10DA8000DCB0E200CC013A680134E0031FDEE00EB6
:10DA900033243F9EE0018C8F8C7F39E2E0041AEE44
:10DAA000E400C1CCE002D84AE00F3A93E004970FBB
:10DAB0003F780303E004B40FE00F3A93E0018FEFE7
:10DAC00027B8E0073A93E0018E67E200CE01011A21
:10DAD0003CE23C66EFFEDBFA2C213CE23C66DD5387
:10DAE0003BE8243312013995178D3C64AFD30BE129
:10DAF000E0041FEEE400C14C391F1788AFD23C642C
:10DB00000BE13DECE00415083CE23C66DC542C0ED5
:10DB1000E0018FE7E200CF8101DCE00F3A93E00201
:10DB20008F8F27A93995178BAFD312013C640BE176
:10DB30003CE23C66EFFFD080E0073A93E0018E675D
:10DB4000E200CE0101C600DE3D683CE23C66EFFE2D
:10DB5000DD8A39952C179F93E203CF9005E7E20009
:10DB6000CA020114E0018FE3E200CF81015F1202DB
:10DB7000AC5300C63CE23C66EFFEDCE8E7FF242F36
:10DB800000D21202ABD3E7FF00BC178D1201AFD356
:10DB9000E7FF00B708B7F8000C393A69E004196EDE
:10DBA000E400C24CF0041C36E0193914E80397690C
:10DBB000E80097883B693F7F3BE8E0031ADEE0031B
:10DBC00034240433E0183914E8008FD8170AE12E02
:10DBD0003F8E27022F8DE200CF8DE0010292EB9A5B
:10DBE0007F7CE9FFC77E37A23F9EA78F3F82E00F71
:10DBF0003A93E0018C8F8C7FE002D7A0E8049798DD
:10DC0000E00027F3E00E3424E02E3F3FE201C77F1F
:10DC1000E00D3914E0088FCDE004B41D3FFE8FDD28
:10DC200003DBE008AF4D00D8E00F3A93E0018C8FA2
:10DC30008C7FE002D783E80097883FF80244E8032E
:10DC4000B46900C13CE63C67DF1839959F839C931B
:10DC50003914E002B7B2E002B4C2F8000CA80BE13C
:10DC60003CE615003C67DD5739959F839C9339143A
:10DC7000E002B7B2E002B4C2F8000CA80BE13CE647
:10DC800015003C67DDDC39959F839C933914E002D5
:10DC9000B7B2E002B4C2F8000CA80BE115003CE6F4
:10DCA0003C67EFFEDCE0E0002442E00D39148E5DBD
:10DCB000E00E3A93E200CE0D9F8E9C9E1402013C32
:10DCC000E00E39141680AEDE00C43CE63C67DE3F51
:10DCD00039959F839C933914E002B7B2E002B4C235
:10DCE000F8000CA80BE1E20ACC46051617FFE8087D
:10DCF000AFC8E804B418E8008FD8E7FE00EE399505
:10DD00009F839C9339141400E002B7B2E002B4C2BE
:10DD1000F8000CA80BE1E00E3424E00217ACE02E72
:10DD20003F3FE201C77FE7FE00F539959F839C9353
:10DD30001401E7FF008F8F0DE02D3F082E8616851A
:10DD4000E02E3F0DE7FF273E3C6FEFFEDDC039952B
:10DD50009F839C932C041402E7FF00B41403E7FF95
:10DD600000B1000008B7F8000C3B39E8E004196E78
:10DD7000E400C1CC3B68E00E39138FDE1400168A34
:10DD8000E1243F88E12F3F8D3A5FF0029C3EF00294
:10DD90009CCEE000225CE0018FEEE00227B2E00FB3
:10DDA0003913E0028F8FE00227B7E00F39138FCFCE
:10DDB000E0031ABCE200CF83E00105CDE00F391388
:10DDC000E0018E6FE200CE01E003010EE01A39138C
:10DDD000E8008FDA16FBE00E3FDDE200CF02E00143
:10DDE00001CFE8009F9AE203CFF4E00102C5E20010
:10DDF000CE01E00301013CE6E001147FEFFEDA66AC
:10DE0000E0032C09E00739138FD7E200CF86018C9D
:10DE10003CE6E001147FEFFFDBB724068FD7E2007A
:10DE2000CF86E001012A3CE6E001147FEFFEDAD95B
:10DE3000E0041FE68F8F3FC8E201C7FFE00227D151
:10DE40001200E1243C0413880085E0031ABC12018F
:10DE50003BE8E0018FC5E0002FD5E0041FA59F8FB0
:10DE6000E1E7C781E8403FF9E0000254F20CCC3F03
:10DE7000E00102BC2220E0018E45E0002E51F202BA
:10DE8000CC3FE00102F016011502E0031EBE178030
:10DE90001481E00E361FC7813DEFE6FFCF7EE20121
:10DEA000C5FF2706F000B40DF000B49DACCD3D7B5E
:10DEB000C68602F0E0041EEB17003E93E0041E6AE3
:10DEC000E00F3913B71D1580B71F399CAF4F3C6762
:10DED000AF5FE002AF0FE004AF4FBD83E001AF3FA3
:10DEE000E002AF1FE002AF2FE008AF4FB58DE008B2
:10DEF000AF5FE004B73FE009AF0FF8000DA80BE1FA
:10DF0000E8403CE9E8403C68EFFEDCB5E7FF2C3434
:10DF1000E0031FE91701AF0FE7FF00AEE0018FC577
:10DF2000E0012792E0041F25E0018FC59F0EE6FF68
:10DF3000CFFFE1EFC760E00027FFF210CC9FE7FFC3
:10DF400005A4F0403CFEE000057F16023D6CE7FFB3
:10DF5000009EE0018FB5E200CF81E7FE01B1E00451
:10DF60001FB59F8FE203CF900286E0031F8F8F8F34
:10DF7000E7FE27A612001388E7FE00EDE200CF03BC
:10DF8000E000017F3F6FC77C3F5DE201C77B2773E5
:10DF90003BEFC3F5E201C3FF1402E1283C272C6BE1
:10DFA000E200CF893BE8E7FE01D63CE6E001147FC2
:10DFB000DAEAF0403DE81388E7FE2C4D3CE6E0014C
:10DFC000147FEFFEDA0EE8018FEAE200CF8101094B
:10DFD000E0041FE68F8F3FC8E201C7FFE001278101
:10DFE000E9243C0BE7FE00B7E0051F8C9F8FE1F3AF
:10DFF000C7C1E8403FF8E7FE053FE7FF008B3CE67E
:10E00000E001147FEFFEDE18E00F3913E0028F8F7E
:10E01000E7FD2FCD3CE6E001147FEFFEDA97E00F3D
:10E0200039138FCFE0031ABCE200CF83E7FF0593DB
:10E03000E7FD00C6F0403CFEE7FE0227F210CC9F51
:10E04000E7FF0585F202CC3F16040589E0051F8C29
:10E050009E0FE1FDC641F02C3C2C36231504E7FE53
:10E060000096E0051F8C15029F8FE1FDC7C1E840B7
:10E070003FF83FEAE06F3A2C3E6FE7FE00883CE64F
:10E08000E001147FEFFEDA62E0041FE68F8FE7FE07
:10E090002FF33CE6E001147FEFFED9A3E200CC01B0
:10E0A000E7FE016A3CE6E001147FDA6DE7FE2C64CE
:10E0B000E8018E6AE200CE0101933DECE004150810
:10E0C0003CE6E001147FD977E7FE2C56E8018FEAA1
:10E0D000E200CF810185E8028F8AE7FE2FCD13840D
:10E0E000E7FD00B99F9FE200CF92E7FC02F112002A
:10E0F000E7FE00C33DECE00415083CE6E001147FB8
:10E10000D95AE7FE2C39E8018FEAE200CF81E7FC1B
:10E1100001F4E00F39138F5FE200CF06E7FE012C18
:10E12000E0028F8FE7FD27811200E7FE00A60000C6
:10E1300008B7F8000C3EE1FEC07C3C60151414806A
:10E14000E000C460E006D2763C60117F15141480B4
:10E15000E000C474E0006960E006D26C3C60E0035B
:10E160001A3C150A1480E000C440E0006974E0061F
:10E17000D261E00A8F84E0011F051680E200CF81A2
:10E18000AE8EE0020177E0018FC4E201CFAAE00287
:10E190000171E0001FBCF0041D6E1700E0041E6C4E
:10E1A000B70FE8403FEA8F4F3EEEC6FFE201C6FFE1
:10E1B000E201CEFDC7010282AF4FE000C7CC3E7F37
:10E1C00001F3E0031EDFE0031ADE8F0DE200CF0152
:10E1D000E00805ABE0041FA53DEE998FE0051F8C1C
:10E1E000C5FF9C8FE0031FD7E6D8CDCB3EE03D9F17
:10E1F000F0403CE5E1EFC1E0E1EFC4E0E000C6C083
:10E200003FE5F00013001101E0001401E0018E442D
:10E210009D1F2606E210CD1F058C3D73030A9E0F3D
:10E22000E210CE1F05833E790407E0018E442E04E0
:10E23000F0403B68A90DC7903DFFC68101E8F0059D
:10E240002B3913003BE6F0001580E92E3B8BF004E0
:10E250001CA27F08E2017F84E80F3F9BE0488FCF3C
:10E26000E00227B9F00335A4E200CB81E00F3A9336
:10E270008C7F1100058F3FE0E000C7E08E8F3E628B
:10E280003EF8C601C7820106396CE201C17F3977C9
:10E2900001F6E00F3A93F0009C1FF210CC1FE00251
:10E2A00005A6E0011FED8E0FE0011FEC36288F8FD1
:10E2B0003FCCE1EFC7E0F0403C7FE0020318E00113
:10E2C00017FFF04039EFE0011F6FE0011EEE8D8E69
:10E2D0008E0D35A8E00D3A939E8D3E4BE1EFC66062
:10E2E000E02C3E1D2607E010161FE12C3E9CE004AA
:10E2F0002E0FE8008E79E200CB01E00B3A93E001AB
:10E300008C8BE0123641E00305A63E60E000C67447
:10E3100011008D8C3D623DF9C501C6020106396AC6
:10E32000E201C17F397601F6E8403CF2E00103A743
:10E33000E0018E44F001147FE00126213E66C67F95
:10E34000397CE0010144E0018E44E0032612F8002C
:10E350008F79F00C37413E79E003028BF0403C7935
:10E36000E00116FF3F6DE86E3DA8F0403F79F040B8
:10E370003C6EE86D3BAEF0403F6DF04039F8E00197
:10E3800016FF3F6DE86E3DA33FF8F04039EEE06DBB
:10E390003BAF3FED39958943E6FCC9423EE2E400DC
:10E3A000C6863E95E003C6E0F0008E0DF001263CE7
:10E3B0008C739D939D03E0018C833EE2E8403E6BAD
:10E3C000F00079817F82F0007C03F0007F04EFFF92
:10E3D000D077F200CE021400E002012CE8403E6B40
:10E3E000E0031F5FC601E2017E84E80D3E9B8F8E35
:10E3F000F0403DECF201C5FFE8403FFBE04AAC0DC8
:10E40000E7FE02AA11003A60E00319D8C2273AE2F7
:10E41000E002132C0089C101E201C17FE200C90AB8
:10E42000F000C54C011E8F83E080AA94E200CF81EA
:10E43000C18601F2E8088FCA3C622F88E804979AE7
:10E4400037A4E02F3FB6E808AFCAC101EFFFDC8C6C
:10E45000E201C17FE200C90AAC04F000C54C01E44E
:10E460003C60C434EFFFD6723C60C428EFFFD50592
:10E47000E001C004F8000F280BE12121F0403EE24A
:10E48000F1FFC6FFF8433E8DF00A36A1E2007F742B
:10E490003D1E8E1AF840396D36243E159D8CF1FFD5
:10E4A000C17FE00B3EABE021C5DFE243CDBEE0051E
:10E4B00005C0F8433E82F3FFCEFF01E73E66C67F0C
:10E4C000397CF001147FE7FE01C0F8008F79E7FE88
:10E4D00000C7F001177FF8403C6EE8403FEEF8407F
:10E4E00039EEF00335A4E7FE00D7E8008FE937C125
:10E4F0003FF8E00005CEE0018FC4E0002FCAE00144
:10E500008FC4F00111FF6708F0403F67F1FFC77F3C
:10E51000E0002755E82F390EE00027D1E8008FE909
:10E52000E7FD00D33EE2E0041F6EE400C6CC3CE20F
:10E530003E9EF001AE3DE8403C6BF001AE4DF00276
:10E54000AE1DF002AE2DF004B63DF009AE0DF000A8
:10E5500079867F85EFFFD0B06785F0006186E001A6
:10E560008C838C739D939D033EE2E8403E6BF000EC
:10E5700079817F82F0007C03F0007F04EFFEDFA052
:10E580003CE2E8403C6BEFFFD25FE7FE00A9F00100
:10E5900011FFE0012943E0018FC4E7FF2FB6E80037
:10E5A0008FE9E00C37C13E78E7FD058F6708F04042
:10E5B0003F67F1FFC77FE7FF2F2FC101E201C17F56
:10E5C0003BF2F0403E62E0433F82052FE00C3121F8
:10E5D000E2007EE03E1D8E1CE00A3624E00C3A9AF2
:10E5E0009D9CF00B3C2BE021C5DFE243CDBE0291A8
:10E5F000E00100C18E1CE00A3624E00B3A9A9E1B13
:10E60000F00C3C2CE021C65FE243CE3EE00105B3B6
:10E61000C781E0433F8F3BFFE00C37A1E2007EE083
:10E620003E1DF0403E6F0267E00117FFE7FC00CDA2
:10E630003FE2E400C7CCE0041EEE3CE23F9D8FDFEA
:10E64000E8403C6BE200CF8AE003016ADAA4E7FD10
:10E6500000C7E8403CF20383E0018E441100F00162
:10E66000147FE7FC2B6DE0018E44E7FC2E72C101A4
:10E67000E201C17FF0403E62E8403B7CE04339026A
:10E68000E000056FF00C3621E2007F743E1E008E24
:10E69000C101E04339023976E00C3121E2007F7498
:10E6A0003E1EF0403E62E000035C8E1CE00B362410
:10E6B000E00C3A9B9E0CE00C3EACE021C65FE243CE
:10E6C000CE3E02E7F00D3621E2007F743E9E890DBA
:10E6D000E01E3929F201C77FF200CF01E002018973
:10E6E0003EE6C6FFE8403EFCF8008F79E7FC0138C3
:10E6F000E8403EEEC6FE397DE0030364F0403F6231
:10E70000F000C702F201C77FE7FC00AAF001147F06
:10E71000F8403F68E7FC00B3F0403E62F1FFC67F7F
:10E72000F8433E0CE2007FE0F00B36213D9F8F9BCB
:10E73000E8403D6C37A43F959E1FC57FF00C3C2CF4
:10E74000E021C65FE243CE3EE0030593F0433E0A7C
:10E75000F3FFCE7F01E8F00111FFE7FE009EF040DD
:10E760003C79F001177FE7FC058AF8403C6EE7FC36
:10E770000086F00F3621E2007F603F9E890FF04156
:10E780003908F0123912F201C17FF001290BF8406B
:10E790003F7CE8008FE9E7FB01183EEFC6FE397DBC
:10E7A000E00303053FE2C782E201C7FFE7FB008DFC
:10E7B0008EF5F0018E0513013BE6F0403DE6118039
:10E7C000E0006EE0F0006E74F00014003E60F802AD
:10E7D0008EF9E000C660E8403FE80083E0808EAC40
:10E7E000F0403EFDE40237C8E00104E3E00201131B
:10E7F000F000C401F40F3428E40D37C83EF704EFED
:10E80000F0403AE7F0183421E2007EE0F000C281E7
:10E81000F0183C1DE8403BE5E201C3FFF800AE887C
:10E82000F800AD98F00014003EE0F8038E89E00097
:10E83000C6F4E8403FE80083F0808E2DF8403EFCAF
:10E84000E40237C8E00004FDE001012EF000C4013D
:10E85000F40F3428E40C37C83E7604EFF0403B66F2
:10E86000F0183421E2007FF4F000C301F0183C1FDF
:10E87000E8403B66E201C37FF800AE88F800AD983F
:10E88000F000C581F201C5FFE8403F7BF000C49075
:10E89000E7F9015BF0004E74E0004EE0E7FF009600
:10E8A000E00F3A9AE0183A93E0018D8FE8018C88E6
:10E8B000E00016643D62F0007986F8403EE8F00022
:10E8C0007907EFFFD509F000C688F0006186F000F7
:10E8D0006107E0022C05F200C903E8008C78E00330
:10E8E000028B3FE2C7FEE201C7FFE7F900EEE00D51
:10E8F0003A9B8D7DE00016643DE27F85F0007986CD
:10E90000EFFFD4EA6785F0006186E0012C6DF1FF2E
:10E91000C77DE01D3A93F200CF01F8403E6DE8015B
:10E920008C8DF000C607E8008C7DE00202B9F04053
:10E930003F62F1FFC77EF201C77FE7FA009115122F
:10E940003CE3E2007C4C7F06E005DE74F01C3421E1
:10E95000E81E3B28E2007FF4E80F3F9CF01E3721C1
:10E960003CEFE8403D6EE2007C4C7F85E005DE2810
:10E97000E8403C6CE2007EF4C402E8403D6EE200F8
:10E980007CCC3C1DE005DE1C6785F0403B66F0005A
:10E99000C301F000AE8FE8403B66F000AD9FE2019E
:10E9A000C37F67063B72E7FE02EDE7FE00D9151252
:10E9B0003CE3E2007C4C7F06E005DE3CF01E3421A7
:10E9C000E80F3BA8E2007EE0E80D3E9E37A13CED5B
:10E9D0003D6FE2007C4C7E877F85E005DDF1678539
:10E9E000E8403C6E3D6FC402E2007FE0E2007CCC78
:10E9F0003C1FE005DDE56687F0403AE7F000C281A4
:10EA0000F000AE8DE8403BE5F000AD9DE201C3FFB4
:10EA100067063BF2E7FE0288E7FD00F4EFFFD257FE
:10EA20001400E7F900DDE7F82F0EE7F900EDF0003C
:10EA30008E0AF0403F69F1FFC77FF81E3F2CF201BC
:10EA4000C77FF0002F71F001147FF7F826F9F2006C
:10EA5000CE01F0001400E7F805F3F840396CF1FF3F
:10EA6000C17EF8403C62F201C47FE7F800E9F000A3
:10EA7000888BF0403EE8F1FFC6FFF81D3EA1F20191
:10EA8000C6FFF0002EB8F00111FFF7FB2606F200DA
:10EA9000C881F0001180E7FB0580F84039E1F1FF03
:10EAA000C1FEF201C1FFE7FA00F83EEFC6FF397D73
:10EAB0003FE2E7F8030AC781E201C7FFE7F80085F4
:10EAC000E8403EEEC6FF397DF0403F62E7F803487C
:10EAD000F000C701F201C77FE7F800C2E8008C78B8
:10EAE000E7FC00D7E00D3A93E0018C8D8C7DE7FBCD
:10EAF00000F9E01E3A93E0018D8FE8018C8EE8402A
:10EB00003EEEE8403D61C688E0001664F00078877C
:10EB10007E89EFFFD3E1F0006087241CE8008C7E43
:10EB2000E7FF00B38D7CE8403DECE00016647F8594
:10EB3000F00079867E87EFFFD3CF6785F00061868E
:10EB400066872416E00C3A93E0018C8C8C7CE7FEFF
:10EB500000FCF200CE83E8008C7EE00102A9F840C0
:10EB600039E1F000C182F201C1FFE7FA0096E01D31
:10EB70003A93F200CF03E8403E6DE8018C8DC60762
:10EB8000E8008C7DE00002E0F840396CF000C10242
:10EB9000F8403C62F201C47FE7F700D2F0403F69E1
:10EBA000F000C702F201C77FC17EF0403F72040C43
:10EBB000E7F700D6F0403F6DF201C77FF0403F72AB
:10EBC000E8008C0C033CE8403CEE7F85F000798641
:10EBD000E001DFB4E200CC64E8403EEEC681678528
:10EBE000F00061860268E00D3A93E0018C8D8C7D27
:10EBF000E7F700B63FE8C782E201C7FFC17E397F71
:10EC0000E7F60563F8403E6800863FEDE201C7FF86
:10EC1000397F0511E8008C8D3C6F7F85F000798687
:10EC2000E001DF8C6785E200CC641681F00061862C
:10EC30003E9F026CE8008C7CE7F600C7E8018C8DF3
:10EC4000E7F7008EF0403969F1FFC17EF8403C6281
:10EC5000F201C47FF000C602F8403C7CE7F6057084
:10EC6000F0403F6C008BF0403C6CF201C47FF840F8
:10EC70003C7CE8008C0EE0000549E8403CE87F85DC
:10EC8000F00079867E87E001DF59E200CC64E8403D
:10EC90003E68C67F6785F000618666870265E00C86
:10ECA0003A93E0018C8C8C7CE7F600CAF04039E89E
:10ECB000F1FFC1FEF8403E61F201C1FFF000C60263
:10ECC000F84039FCE7F80569F8403EEEF0006709C6
:10ECD0000088F04039EFF201C1FFF84039FC05111E
:10ECE000E8008C8EE8403C63F0007986E001DF2686
:10ECF000F0006186E200CC6417FFE80F3F93026AE0
:10ED0000E8008C7DE7F800C9E8018C8DE7F60098F3
:10ED100008B3E0041FA2396889DFEFFCDFE6241B9B
:10ED2000219B3EE23F63E400C6C6C77FE201C77F86
:10ED30003FE23F1DE401C78CE0021EED37213F9DFD
:10ED4000E0021EEC14003F1DE080969F3FFEE0288D
:10ED50003EE801FB09E13C6309E1000008B7E0047B
:10ED60001FB11681E0028F2F3FEEC7FFE201C7FF00
:10ED7000E12F3F9D2787E00017C5E12E3F0F1200CE
:10ED80002F2BE0041FA28B4F232911803BE8E04387
:10ED90003A993A6339633C623CE7E001DECF3AF8E6
:10EDA000E0413FA8C1013EE4E0433F1FE201C17FD3
:10EDB000C68105043A6DE201C27F3FF3E0633A2E5B
:10EDC0003B7201EAE200C9CF050933211403E028B0
:10EDD0003B38E0243A183C640BE112013C640BE13F
:10EDE00008B7F8000C3EC07CE0041AB1E0041F2212
:10EDF000E0028FA5F0008C5EE200CF828BCEF000A7
:10EE000094F5936502A1E0022F9EE0001A278F84FB
:10EE100027AC118039633C62E001DE9CE204CC58EF
:10EE2000C1013FE3E201C17FC781050439EFE2017F
:10EE3000C1FF8F843FF202F0E200C9820596C00450
:10EE4000F8000F280BE1E200CFC00160E200CFC55F
:10EE5000E0010179E0001A27F0008C04F003241887
:10EE60001380F0403C6700D6E0032392E41C334F4C
:10EE7000F01C3E16F01A3421F0021DFD1180F01C2A
:10EE80003601F005C53AF8413E4CF81A3D1B3F6388
:10EE90003963F0403F63166CF0001681E880979A62
:10EEA0003FF60504C181E201C1FFE0022714E840FA
:10EEB0003F6DE200C9870583E8403F6EC101E20172
:10EEC000C17F3BF201ECE0021FBEE0001BADE001A0
:10EED00097AFE00F96A7E0413FCFF0041D7CE02DF7
:10EEE0003EAFE8008F8A2683E0022F1E2784C7FFEB
:10EEF000E800AF8A1300A784EBFFC7FFE00027D428
:10EF0000E0019FA513003F6FE222C700E222CF007D
:10EF1000E000014AE210C780E00027C68B042323EB
:10EF2000E0001F93F0021E6C8F8F37A1E80F3F9C0B
:10EF3000978FE8403FF9E00202373EE6E0001F14F9
:10EF4000C6FFE6D8CEFD3E9E008BE1808FAE37A196
:10EF5000E80F3F9C978FE8403FF9E00202253EFE14
:10EF600001F51300F0001E99E8008F8D279CF00238
:10EF70001E6C1180F7FF15D8E00F31A13F97E00418
:10EF8000C7F98C0FE00F3421E80F3F9C978FE840C2
:10EF90003FF9E0010275C181E8008F8DE201C1FFF8
:10EFA0003FF302EB2118F0021DFDF0183421F004AC
:10EFB000C42EF8183C1B1180F7FF15ECE8809798D9
:10EFC000E8403FF9E001021EC181E201C1FFE040DB
:10EFD00039F201F5E0001F9D978FE202CFAB020AE4
:10EFE000E0019FA53F6FE310C700E210CF00E001F2
:10EFF0000133E0031FC61700AF0FE0041F7B8F8EA5
:10F00000E0012F89E0031F6B8F8E2B22C781E20165
:10F01000C7FFE200CFB2059EE0019FA516B2E21045
:10F02000C780AE8E2785E0011F9C1701AF0F170028
:10F03000E0019FA5E800AF0AE70BCF9EE001B7A56E
:10F04000008AE8403BE8F0001400E7FD00E0278379
:10F0500037C1AF8E1680E0019FA5E0079F57E70AF2
:10F06000CF9DE001B7A52F2E8F8427ACEA187FF142
:10F070008F0FE200CF310283C701AF0FE0019F2560
:10F080003EEEE202C68026A08F8FE200CF84E7FD2D
:10F0900005D8E01096971781E70ACF1FE3F9CEE075
:10F0A000E001B725E7FD034DE0019F253EEEE202BA
:10F0B000C680E7FD26C6E70CCF1FE001B725E7FDB8
:10F0C00000C0EA187FF11700AF0FC004F8000F2846
:10F0D0000BE1E84896EAE82D3E99E7FD26ECE02DA5
:10F0E0003B1FE7FD26E8E8403FFCE7FD05643CECFC
:10F0F0003C627E01DE346601E7FD245BE7FD00DE55
:10F100003C63E8403CEBDE2BE7FE2C601301E7FE9E
:10F1100000E3C7FFE201C7FFAF8E1780E800AF8AA8
:10F12000E7FE00F2C781E201C7FFE200CF8AE7FDF8
:10F1300005E1E0019FA51701E70BCF9EA304170A85
:10F14000E800AF0AEBFFC37FE001B7A5E7FD2B5A4C
:10F15000E7FE00ADE0031EC68F0DC701E201C77FC9
:10F16000E200CF09059D3F6F1780E70BCF1FAF8DE2
:10F17000179DE001B725E0041F7B00CFE8403CEB82
:10F18000DDEEE7FE2C0A1301E7FE008EF0041D7C85
:10F19000E0001BADE8008F8A1100E7FD00A9AF0D6C
:10F1A000E7FE00AD1301E7FD00DF08B3E002196BD5
:10F1B000E0041558A40214B2EFFDD54A39E8A402C0
:10F1C000154EE7FB14A8EFFDD543E0021F26E00E25
:10F1D0008FCEE00E8F5E3FBE3F6FE400C70637C3A1
:10F1E0003743E12D399E2694E12D3F982691EA1868
:10F1F0007FF38E8FEA187F741600E200CE84AE0E85
:10F20000029EC681AE8FE0031F888C0F09E1E128C2
:10F210003C1E241CE12F3F932799EA187FF48E8F20
:10F22000EA187F731600E200CE84AE0E05EBAE0F37
:10F230001402E0031F881702AF0F09E1AE0F14019B
:10F24000E0031F881701AF0F09E1EA187F731780E9
:10F25000AF8EEA187EF4E0031F081400AF8DAF8E66
:10F2600009E1000008B7C074E0021B263AE93BE858
:10F270003A6A1480150CE2007C04396BE005D9DA97
:10F28000E00E89D639F5E00002C63C64EFFCDD0FE4
:10F290002405E00E8F463F77029A3FE03EE0C784A8
:10F2A000C690210BE0001400E180971F3FFDE0288D
:10F2B0003F5801FBC00C0BE1E0403C62E180971F2E
:10F2C0003EFFE0283F6801FBC00C0BE13FE4E40097
:10F2D000C7C63997E00D3F933DEDE0021E7DE00289
:10F2E000C59835A13D9C9D8BE200CB817585058736
:10F2F000E002C69736A13E9C9E8D7686C77E3BFE79
:10F30000034D3F93E002C79937A13F9C9F8F7787BA
:10F3100000C53C64EFFCDCE9E7FF24393FE4E4008E
:10F32000C7C6E0021E7DE00D3F953F6DE002C718A5
:10F3300037213F1C9F0E770222883F6DE002C717DE
:10F3400037213F1C9F0E77033F63C77F3AFEE7FFDD
:10F35000031E3F95E002C79937A13F9C9F8F77849A
:10F36000E7FF0095E0001F9DE0001F2D978F140020
:10F37000E207CFB60527E00F97AEE3FDCFD4032217
:10F38000E0021FA6E010966EE00E8FCFC7FF3E7F13
:10F390000199E0001F998F0F2715E0001F958F8FAF
:10F3A0003FFC01113EEEE0001F8AC6FFE6D8CEFD0D
:10F3B0003E9F0085E1808F2F3F7C01053EFF01FBD2
:10F3C000140038821401388208B7F8000C3EC06877
:10F3D000E0041931F0001C27E0019FA21200E6D1E1
:10F3E000CF9FE0021B3EE703CF94E8008F08E001C7
:10F3F000B7A2F0009526E0019BE6E0052F33E00080
:10F4000019ADF0021EFDEA187FF08E8F1600E200A3
:10F41000CE840284C6811601AE8FF0001281E00016
:10F420001F17E0019FA29E8EE0001F1E9DA29D0E51
:10F43000E70FCF9CE0021E593E9AE02D3E9B8A0CBE
:10F44000E0041AC3E709CF9DEF08CF95E00D3A9489
:10F450008C0DE001B7A2E0041FA28DDFE00024467E
:10F460003FE4E400C79EE0011E1DE0031C853E1F33
:10F470003C9F8E8C8F89E0031D27E0AF3E8BE0021E
:10F480001EEBE80F37B5A38D3EE4E400C6BC3F9702
:10F490003D1D9F8F9E8AF0009B923FADE0433F9FB2
:10F4A000E0413FAFE8403FF7E0080260C47FE2017F
:10F4B000C47F3C1C0096E0808F9CE0808E99F08099
:10F4C0009B1AE0AD3F8B36A13E979F8DE80F3FA67C
:10F4D000E0433F9FE0413FAFE8403FF7E00802468E
:10F4E0003C7C01EAF0001281E8008C8824B5E0023F
:10F4F0001FEB3BE43E64E400C3BCF000A20FE0035A
:10F500001FA6E400C61EF0011B9D3B9FE0031F8564
:10F51000C67FF0403B69F1FFC37FF0173B9C3E1F65
:10F52000E0001F90FED8CB76E0001EA6F0163B1F31
:10F530008D1D8C0D3FEAE0AF3C0BC68237A1E80F72
:10F540003F94978FF0403B7DE880AC17E080B79701
:10F55000E080AD1C01EE3A15AC841680E0019FA25C
:10F56000E0001E19EF08CF95E33FC7FFE70CCF9DE2
:10F5700096F28C0CE001B7A27E83E0092418F040DB
:10F580003BE8E0001F8AF1FFC3FFFED8CBF7F04055
:10F590003B6BE0001B95F0173B9FF1FFC37EE7003C
:10F5A0001681E0FF17FF8A178E073D64E002C51839
:10F5B00035213E1BE80A3D1D3AE4F0403AE4950A45
:10F5C000E002C618E002C297F002C299E200CA0146
:10F5D000362132A1F01532A1E80C3E1DC382E805A8
:10F5E0003A9DF8153A9DE02F3D5FE02D3D6D058673
:10F5F0009505E02F3D5FE02D3D6DE8403A7603072D
:10F60000E8009505E02F3D5FE02D3D6D960CF04044
:10F610003BF7E02F3E5FE02D3E6D01C6F000130585
:10F62000E9363C16E00024CC3BE9C3FFE0001E10A5
:10F63000E6D8CBF7F0403BEBE0001AA6F1FFC3FEA3
:10F640003B9C8A158E053D64E002C51835213E1BA2
:10F65000E80A3D1DF0403AE4F0403A64950AE002C1
:10F66000C618F002C297F002C219E200CA013621A0
:10F67000F01532A1F0143221E80C3E1DC282F815BB
:10F680003A9DF8143A1DE02F3D5FE02D3D6D058752
:10F69000E8009505E02F3D5FE02D3EEAE8403A772F
:10F6A0000307E8009504E02F3D5FE02D3D6D960CCB
:10F6B0003BF5E02F3E5FE02D3E6D01C4E0413FAFE2
:10F6C000E0413E2D3FFC120102096703E70017816C
:10F6D000E0243F1DE12D3E8F3A5DE0001F9CE001DC
:10F6E0009EE6960F3FEDE5FFC7FEE02F3F9C278388
:10F6F000F0042B6AE0021FA6E00E8BDFF00E8E4FA7
:10F70000F00A3E17E001252617803DEF3AEF3E6FE5
:10F710003621E80C3E1D960CC781E3FCCE0CE201BD
:10F72000C7FFF0403BE53D9CF000C3813E6F030501
:10F73000E8403AE7E201C2FF3FFA046BE02B3DBA32
:10F74000E3F9CDE0E001030635013AFAE0010402F5
:10F75000E01C8FE3E00327B0E0032C39E0019EA218
:10F76000F8008D083E6DE280C6003FED2605F200F0
:10F77000CD01E005017FE01C8EF3E01D8E033E9C71
:10F78000E00426C4F0062D08E202C780E00527D772
:10F79000E0109793E3FCCFF0E0050351E01D8FD319
:10F7A000E200CF88E00502CBE00523C93E67C67FB3
:10F7B000E0021FECE6D8CE7CE0021F6D3E1F1680F3
:10F7C000E080979EE3FDCFD437853F9D0303E04360
:10F7D0003E9F3F7C01F6E3FFCEB5E0050330EA181B
:10F7E0007FEF8F0FE200CF0AE0070583E0019FA2C1
:10F7F0001701E70CCF9EE001B7A2DAF3E0041E2266
:10F80000E0019F22E0099FACE0001E1737C19E8CEB
:10F810001600E707CF1C3EFFE001B7220286E0009A
:10F820001E9E9F0D3F7F0588E0019FA21701E707FD
:10F83000CF9EE001B7A2DCBA2408E0019FA2170125
:10F84000E707CF9EE001B7A2C018F8000F280BE130
:10F85000E200CA01E7FE017EF0062642E8403DECE8
:10F86000C5FFE201C5FFE00F33A13D973E6FC67EA5
:10F87000E00B35A1E80C3E1DE80B3D9DE080951C9A
:10F880003AE4E3FFCD1CC28103043A65E201C27F82
:10F890003DFC01F5E00623ECF0403B67F1FFC37F40
:10F8A000E0021D55FED8CB761580E0021FFDE00278
:10F8B0001E54F0163B1A3AEBF180939FE080951CA2
:10F8C000F0403B7FE8053A973D9A01F7E0253AB7CB
:10F8D000E02B3DB7E0433A95E0433D9BF0062642DE
:10F8E000E00F33A1F8403B6CF1FFC37FF201C37F0F
:10F8F000E00C33A1F0163B17C7FEE001C60AF01674
:10F9000033211500E80F3F9DE80C3E1DF8163B1D06
:10F91000F0403BEAF080921FF080929CF0403B7FE9
:10F92000F8173B94E80A3D1501F6F8373BBCE82A86
:10F930003D3CF8433B97E0433D1AE7FE24E0178047
:10F94000E12F3C0FE7FE27DBE8403FECC7FE3A7FA4
:10F95000E0010406E3FDCAD4E7FE0351E7FD00FA27
:10F96000F0403CE7F1FFC4ECE0433B97E00019AD09
:10F97000F0021EFDF0041E41F0403DE4F8433C99C6
:10F9800012817B823EE4E001C6A6E00F322136A15F
:10F990003F93E002C7CD3E938B8DF0008F0FE80FB1
:10F9A0003BCE27BD2B87E0021E358F8CE8403FFE03
:10F9B0000136E8008F8C3FF70130E8403FEEE0026F
:10F9C000C7DE37A1E80F3F9D978FE200CF9D020C65
:10F9D000E8403FEEE002C79837A1E80F3F9D978FC0
:10F9E000E200CF9D05353C65EFFFD99467023F7873
:10F9F0000229E8403CEE3C67E001D8A0F0403D78A9
:10FA0000E004044EC201E8008F88E201C27F3FF4A7
:10FA1000E7FF02BAE7F900F9F0012F4DE8403FEEA9
:10FA2000E002C79837A1E80F3F9DE0019E22978F23
:10FA3000E703CE15E200CF9DE001B62205093C6543
:10FA4000D968E8403C6BD965F0403CF80553E001CB
:10FA50009FA2E703CF95E001B7A200D5E7FC17F01E
:10FA6000E0253F95E7FD22CBE7FF161CE02B3E1B70
:10FA7000E7FD25C5E8373F97F7FD23C1E7FE17EA05
:10FA8000E02A3F9AE7FD253BE8403FECC7FCE04019
:10FA90003A7FE7FD0434E0109793E3FDCFD4E7FD10
:10FAA000032EE0119793E203CF90E7FD0528E01CB9
:10FAB0008FE32F8CE0433E9DE00F9793E0413ECDD6
:10FAC0003EFFE7FC054DE7FC244BE000245A1600FE
:10FAD000E0001281E001127FF0403D6CE00D362124
:10FAE0003FEC3E93E004C6F9E002C7BCF0008D8D08
:10FAF00037A13F93F0008C8FE8403CEB15013DE5CA
:10FB00003C647E01DBB0F0403F683DE515013CE41C
:10FB1000E8403C69DBA8E8403CEB3DE5E8403D6A55
:10FB20007C023C64DBA0F0403DE83DE5E8403D6AF6
:10FB30003CE4E8403C69DB97E00197E66601E04180
:10FB40003FCFF0403F7F0309E00196D66702E041D6
:10FB50003ECD3F7DE0030433E8403FFB0508E00174
:10FB600097D6E0413FCF3C7FE0030429E0001E9997
:10FB7000C6018F8DE201C67F3FFCE7FF02B1E00FB7
:10FB800097A3E3FECFB8E7FB036BE00F9693E3FC8C
:10FB9000CEF0E7FB03653F9DE3F8CFFCE7FB036096
:10FBA000E0019FA21681E70ECF9DE001B7A2E7FB1F
:10FBB00000D7E0021EB58F8DE8403FFEE7FD01FF54
:10FBC000E7FE00AEE0413FCCE0001E1D37A21585E8
:10FBD000960CE02F3FBBE0413E2C3FFCE7FB050CC1
:10FBE000E00F34A2E02B3FBB3DF8E7FB0305E0024A
:10FBF0001FA61201E00E8BDFF00E8E4FE80A3B9C31
:10FC0000E7FB2D04E7FB00A6F001252CE0021FB561
:10FC10001400F0008B8FE0041FC1E0019A668A8F08
:10FC2000E0019B56E0001D263E681481009FE12BF9
:10FC30003CAD25A1E002C69836A1E80D3E9D3F9758
:10FC4000968DE002C79837A13EF4E80F3F9D978F4D
:10FC500003063FF60304C401E201C47FC601E201CA
:10FC6000C67FE8403E7AC50203988F8A8E9AE12BC0
:10FC70003CAF2DDE2F84E8403EF7015D3FF501EFFC
:10FC800026DAE8403EF70157C601E201C67FE840A8
:10FC90003E7AE000C50204EAE200CC010588E001FA
:10FCA0009FA21701E70ECF9EE001B7A2F000255AF0
:10FCB000E004D4FAE0002C56E8008F88E00027D258
:10FCC000F00064836683F0193482F8413CC9E04156
:10FCD0003ACD3A683B68F0001501F8433C99E0439F
:10FCE0003A950088C201E8008F88E201C27F3FF4A4
:10FCF00005B8E00F32213F93E002C7CDF0008D8FB1
:10FD00003D65E8403CEB3C66E001D7E82C6CE84000
:10FD10003D69E8403CEBE8403C6AE001D7DFE200A7
:10FD2000CC0201E1E0019FA21701E70CCF9EE001A8
:10FD3000B7A2E3FFC7FFE7FA00A9EA187FEF1700B1
:10FD4000AF0FE7FA00DCF200CF03E7FE05DFE001CA
:10FD50009FA21681E70ECF9DE001B7A2F7FE2D58B6
:10FD6000E0019FA2E7FA0092F0001280E7F700BEE0
:10FD7000E0001F198F8EE200CF8202861780E70E07
:10FD8000CE9FE001B6A2E01D8F83E01C8EF33F9D65
:10FD9000E7FE27BEE0001F928F8FE200CF86E7FECE
:10FDA00002B7DAE1E7FE2C34E00F9793E3FDCFD4FE
:10FDB0000407E00F97A3E3FDCFD4E7FE0329E84053
:10FDC0003E6C3FE73EE7C7FFC67FC6FBF1FFC67D3F
:10FDD000F0403F68F0403DE81201E7FD12D4F0002A
:10FDE0007E027E047E857F86009D6702E8403F7C20
:10FDF000052B6604E82B3E0C2DB1F02B3C8B2DAE71
:10FE00006686F0403CFD012AE8403FEBC781F800E0
:10FE10008D08F0403DEFF201C5FFF8403DFAE7FFE5
:10FE20000394E8403E6BE001C62636213E13F00005
:10FE30008E0CF00D35A13E93F200CE01E002C6CD4E
:10FE4000F0008C8D02D3F200CC8105886785F02B01
:10FE50003CAF2D84F02B3E0B25CD3DE41501E84051
:10FE60003CE9E8403C6CD9FFF0403D683DE41500BA
:10FE7000E8403CE9E8403C6CD9F6E0283A982C058B
:10FE8000E83A3A9AF0002539F8403BEEF000C38496
:10FE9000F8403F67F201C77FE7FF00B8EA187FF03C
:10FEA00016801601AE8FE7F500BAF0403B68E70018
:10FEB0001681E0FF17FFE7F700B7E0019FA2168168
:10FEC000E70ECF9DE70DCF9DE001B7A2E00F97A30E
:10FED000E3FECFB8E7F80344E7FC00D92BB83A6754
:10FEE0003DE73AE73D67F0403BE7E7FA00A8C70186
:10FEF000AF0FE7F90084F00026126704F0403E7E61
:10FF0000010DF0002CA9F8403BEEF000C381F84051
:10FF10003F67F201C77FE7FE00F9F000248E678695
:10FF2000F0403CFF0109F7FF26706784F0403E7FF8
:10FF3000016BE7FE00EBE01C8EF3E01D8E033E9CA0
:10FF4000E200CE82E7FE0562E7FF00A0E8403A6CDF
:10FF5000E7F900A46606F0403CFCE7FE01D700D4B8
:10FF6000E8403D6CF8403BECE7F900E93DE73AE753
:10FF7000E7F900BA08B7F8000C39F0011C51E004A9
:10FF80001B59E00219BEE8008A881781AF86E0019C
:10FF900017C8B793E00732C1E0011796B7A3AB9338
:10FFA000EFF8D9F2E0001FA78A0F2239E0001F9D69
:10FFB0001100F000948F3C62C101E001D5CBE20159
:10FFC000C17F3A7201F91788E1243A1F2224E00424
:10FFD00017D7E82F3FA9279FE0031EBC17B2AF8DAC
:10FFE000E00117C8AB93B793E0011796B7A3E002FF
:10FFF00017ACB7F3E7FD17D4E001B78317A5AF9DA2
:020000021000EC
:100000008F86E00027CDE0011FA11701AF0FF80098
:100010000CA80BE11786E122391F29321780E00373
:100020001EBCAF86E0011FEBAA938C8FE0011FD7A7
:1000300034A88D0FE0011FD035288D8FE0011FE916
:1000400035A88E0FE0011FD33E498F0FE0011FCC72
:100050003F4A8F8FE0433F1E3FCBE0433F9FE6F692
:10006000CD8CAD8DE0413D4FE6F6CD8EB613B72376
:10007000B7F3E001B503AD9DF8000CA80BE1E00576
:1000800017BBE8393FA9F7FF24CBE0031EBC17B725
:10009000AF8DE00117DCAA93E7FF00A7E8008A888C
:1000A00000C2000008B3E003193CE00A8F82E200BE
:1000B000CF81E001011AE00419D917FFAF83DF5B9C
:1000C000E0011FBAE0011F398F8F8E8E8F0337A892
:1000D0003ECFE0021FBEE001274AE0041DB6E04328
:1000E0003E9DE0018E32B68B9F1FE0012E54E0034F
:1000F0008ED2F001918FE200CE81E0010172E00327
:100100008ED2E200CE82E0010179962FE0011D112E
:100110008E8A268A968BE0018D2A3EBAE00015640D
:10012000E02D3EBAB68B8EC2E201CEAA0113E001E9
:100130001EEB8C8DE0011ED734A88D0DE0011EE969
:1001400035288D8DE0011ED33DC98E8DB5CF3ECAB9
:10015000B6DFE0011DE8E0011ED6F0008B0BE001E8
:100160001DCAF0008A0DF0008A8BE0011DC8E00175
:100170001ED2F0008B8BE0011DE68E8D8C0BE00112
:100180001DCEF01432288D0BE0011DC7E80D3EC4D2
:10019000F0011A558C8BE0413ECDE0041DBDF016F8
:1001A0003328F01532A8F01733A8E0018932B6BF22
:1001B000E80A3D45E8008E84E8083C46E8093CC76B
:1001C000E001B10BE001B61BF001B1ABE001B73BC0
:1001D000E001B42FE001B55FE001B4EFE001B57FCD
:1001E000E002AEAF09E1E0011FEBE0011F698D0FF6
:1001F000E0011FD78D8EE0011F538F8F8F0E37A820
:10020000E0011E503F4FE0011ED4E0011FCC352815
:100210008C0CE0011E4F3DCA8E8D8D0FE0011FBA80
:100220008E0C36A88C8FE00119D1E0021FBE3E4D26
:10023000E0011EB9E0433F1E3428F6F6CB8BB59F94
:100240003D488D83E6F6CC0E8E8DB72FE0413E4CB7
:10025000E0041F5934A8F000AB823EC9AD9F158061
:10026000AC12B57FE001B60FAD8EE0031F5F8F0EBD
:10027000E7FE2F35E0048F6FE7FE2F31E0041DB657
:100280003F6DB69FE0433E9DE0018E32B68BE7FEA8
:100290002630952FE400C70AE400C50AE6CDCF0E4C
:1002A000967FE64DCD0AE6F6CC0EE400C68AAC0297
:1002B000E6F6CC0A3683E400C60AAC123603B68BE7
:1002C000E0413CCCE0038ED2B71FE200CE81B52FD7
:1002D000F0433999B67FE001B48FE7FE0192150A29
:1002E0003723E02E3F3A968BE00C3723E02C3E3A42
:1002F000E3FFC77F36A30090E400C707150AE02E8E
:100300003F3A968B3E6EE400C607E400C687E02CB9
:100310003E3AE3FFC77FE02D3EBAE6F6CD0EAD02D2
:10032000E0433E1CB68BE6F6CD0CB71FB62FAD12E0
:10033000E7FD00EEE200CD00E00D35010411248F51
:10034000C4FF3F68E6D8CCF9C77E3C19E080979E91
:100350003EFF3FAA0302B78E3C7E01F9388224FF9C
:10036000C4FFE6D8CCF93F68C77E3C19E00114C74A
:10037000E080979E3EFF050EE201CFC7E00B3FAA4B
:100380003E693FEB0204E201CDC70203E0433E1F9A
:10039000B60E3F7801EE3882E0041FA23DEAE2008B
:1003A000C5848F4FE200CD808FDFE06E39AF3FEE26
:1003B00027163EEEE0021E53C6FFE0021F5237A191
:1003C000E6D8CEFD3E9C3F9EE0FF157FE70016007D
:1003D000E080B51E3F7DE080B61F01FBE0021D53AB
:1003E0001600CD82E798008608B7E0041FA23BE91B
:1003F000E200C3848B5F894FE200CB80E00219D119
:100400003FE6E06F39223A68396F3CE83D673C636C
:10041000DFC4E00021523C62E0021AD0C47FE00257
:100420001E52E00E3121E6D8CC783C133F1C39E552
:10043000E7FF1126E00015DAE00714E8008BE0433F
:100440003F9FE0433E9AE080B79C39F8E080B69E3B
:100450000114E08097933EE2E0413FAFE200CFD944
:10046000E12F3FD9E0413D4F026B3FEBE080B79C6D
:1004700039F8E080B69E01EEE0021D53E0021C5107
:1004800016013DE73CE4EFFCDBB5E0021950170034
:10049000E0809792E2FFCFFF0182B702397301F942
:1004A000E0073321E08095153C643CE6DF443AF2F6
:1004B0003A1701F90BE1E0021D5316013DE73CE458
:1004C0003C630BA1E797009608B1EFFCD3EA2C023E
:1004D00008E1E0021FEB1480A40F08A1E7FF0086EB
:1004E000F0041A221700F0001383E8008EF4E002F3
:1004F0002699F0403AEDF1FFC2FFFED8CAF5F000B0
:10050000C2821580F0041B14E0403E69F0153A9950
:10051000F04039EBE8808F96E92F3FC73FFE018D11
:10052000978CC581E0413FAFE0433F9FE02F3D5FA7
:10053000F013399FE201C5FFC602E8403E7501EBAA
:10054000E200CEA9E001058AE00025D9F02B39BBF5
:10055000F040396DE0433D9BF0001180F0041A93A8
:10056000F0403B69F8403863E8403FE300853FFDD9
:10057000F000C302039CE8808E15C781E92C3E473A
:10058000E201C7FF3E7E01F4E8009606F84038E33A
:100590003E7BF000C081026C3FFDF84039E1F01075
:1005A000381CF201C1FFF000C30204E6E200CEAA4B
:1005B000E001018EF0002186F82B3833E0433D9BAB
:1005C00026A51780F00D3A1FE0048EBD3E6FE92D81
:1005D0003EC7C6013EFE018837A1E00D3C9F9E8DBF
:1005E0003F983EABB68F3FECE8008EF4E201C7FFC8
:1005F0003EFF02E9E200CEA90589C701E201C77FFB
:10060000E200CF03E7FE01F338823E6DE000C62230
:10061000E80C3E14E0808F9CE92F3FC73FFE018E1F
:10062000E8008FE43F9D37A1E0163C9FF8009B0651
:100630003F98F0163B2BF000B30FC6813FEDE2016F
:10064000C7FFE200CFA905E7C701E201C77FE200CB
:10065000CF03E7FE01CC00D9F040396DF80088E403
:10066000F0403AEDF016389DF000C2A2F0163321AA
:10067000F8153A94F0163B19E0403FEDE8808E15EE
:10068000C781E92C3E47E201C7FF3E7E018EE800AC
:100690009606C581E0413E2CE0433E1CE02C3E5ACC
:1006A000F013399CE201C5FFE200CFAAF000C302BB
:1006B00001E6E7FF25A4F02B39BBE0433D9BE7FEB5
:1006C0002ECDF04039EDF040386D0083F80088E41D
:1006D000F00F389DF0403B6DF000C32237A1F816B3
:1006E0003B143F990086F200C92AC782E7FE0164E5
:1006F000E8808E16F000C101E92C3E47F201C17F6F
:100700003E7E01F2960FF8403AE33E7BF000C28154
:10071000026BF84039E5F010381CF201C1FF00E42B
:100720003DEDF040396DF04039EDE7FF00990000F4
:1007300008B1F0041AA21580E8008F65F000122AB3
:10074000F0001181E001270DF0403B6EF1FFC37F07
:10075000FED8CB76F000C3021600F0031BF63EE98C
:10076000F0163B19F040396CE8808F97E6FFCFFF19
:100770003FFB018D978DC601E0413FAFE0433F9FB6
:10078000E02F3D5FF012391FE201C67FC682E840CC
:100790003EF601EBE200CF19E00005EAE000265A40
:1007A000F02C393CF04038EEE0433E1CF0001100E4
:1007B000F0031B76F0403BE9F8403862E8403FE246
:1007C00000853FFEF000C382039BE8808E96C781C0
:1007D000E6FFCEFD3EFBE201C7FF01F4E80096878D
:1007E000E84038E23EFCC081026D3FFEF0403961D6
:1007F000F010381DF201C17FF000C38204E7E2006F
:10080000CF1AE00001F0F0002106F82C3832E04366
:100810003E1CE00127131780F00E3A9FE0018F1E67
:100820003EEFE6FFCF7E3F7BC681018837A1E00E19
:100830003C9F9F0E3F983F2CB70F3FEDE8008F6520
:10084000E201C7FF3F7F02E9E200CF19E00005F6B1
:100850002D8DE8008F65E8403DE3E7FE2F773E6E83
:10086000F04038EEF040396E008408E1F04038EE98
:10087000F8008B75F040386EF8163A26F0173B1EDC
:10088000F000C008F01733A1F8103815F0173B99A5
:10089000E0403FEEE8808E90C781E6FFCEFD3EFB54
:1008A000E201C7FF018EE8009687C601E0413EAD38
:1008B000E0433E9DE02D3EDAF012391DE201C67F95
:1008C000E200CF9AF000C38201E62643F02C393CC7
:1008D000E0433E1CE7FE2F6CF040396EF040386E6E
:1008E0000085F8008B75F8163A26F00F3B1EF04095
:1008F0003BEEF000C38837A1F8173B953F9900867F
:10090000F200C89AC782E7FF0100E8808E97F000E6
:10091000C081E6FFCEFD3EFBF201C0FF01F2968FE3
:10092000E84038E23EFCC081026CF0403961F010D2
:10093000381DF201C17F00E53EEEC688E80D3E9508
:10094000E0808F9DE6FFCFFF3FFB018DE8008FF534
:10095000F00F3A2F3F9E37A1E0013C9F98813F98CE
:1009600038ACB08FC7013FEEE201C7FFE200CF997C
:1009700005E8E7FE00EF08B439E83C6B396B3A69EB
:10098000EFFCD1B32C133C62EFFCD1912C020A6135
:10099000E0021FA6E0071568E00E8C5F3421E00935
:1009A0003A183C130A21E7FD00C5E00715683CE44E
:1009B0003C63DD9700E908B7F8000C39E00219BF85
:1009C0008F8327838F9327B217811200AFC3110043
:1009D000E0021B6CE0021BBEF0001CADF0041C54D6
:1009E00012813CE2E401C48C3DE23C96E00F32B25D
:1009F0003C69E201C5FF220F8F233F5F27108EA3C2
:100A0000E8008F08E30F3EDFE200C901AFA3E80F63
:100A1000AF09010FE0019D273541DFAEC101E200C2
:100A2000C90301E0F8000CA80BE11201AFC300D02C
:100A3000A94300F108B6E002197DE0021A3F1180D7
:100A4000E001128C13018F843CE23C62E004C4B0EC
:100A5000E001C10C3D6527888F14E00F33332F046C
:100A60008F243FDE2783E004DDABC181E200C9842F
:100A700001EB0B6108B1EFFCD1142C10DFDCDF9C23
:100A8000EFFCD10F2406E0021FEB1480A40FDCADB5
:100A9000E0041FFD1700AF0F08E1E0021FEBE002CA
:100AA0001C4FA48FEFFCD82A00EAE0031FAEEA191E
:100AB0007F028C0FE00D34229F8EC6813FFD02170E
:100AC000C781E3FFC7FFE200CF81B78E010BE200D1
:100AD000CF820107E0041F76A70E3F9EE0408C3FC7
:100AE0003882E0031FBCE00A8C3F3882E001147FAB
:100AF0003882E0001F3DE6FDCC588F8EE0031E19C2
:100B0000E704CFB8AF8E16868F8CE704CFB8AF8CD2
:100B10008F8EE6F9CFDF3E9FE200C6852691E20088
:100B2000CF81E0031FBC05921681E004AEFF178061
:100B3000AF8C16808F8EE704CFBDAF8E3882E00376
:100B40001FBC1683E004AEFF38821701E004AF7FBC
:100B50003882E201CC1E3FE901183F68E401CF0072
:100B6000E200CF6F0589E201CC7C011EE0041FD5B5
:100B70001701AF0F388208B13C6EE000DF91E0044E
:100B80001FD51701AF0F08E1E200CC810105E2009B
:100B9000CC8201022CECE0021F38AF8E1701E0047A
:100BA0001FD5AF0F38823C69E72700BA2415E20051
:100BB000CC0305963FE8C7ADE201C7FFE200CF8155
:100BC00002A5E201CC53011DE0021F428F8EC7FF38
:100BD000AF8EE7FE00ECE0031F998C0F388208B15E
:100BE000E0031FA1E0001F03A78F1681AE8E1681C0
:100BF0009F3FE706CF1DB73FE003DF47140008E142
:100C0000EA197F821700B70F00E5E001147F3882F0
:100C1000E0001FBD8F8FE6F9CFDF2786E200CF848B
:100C200001041400388200C3E71600B3240BE0006F
:100C30001FBD8F8FE6F9CFDF27A7E200CF84012603
:100C40003882E0031F19E0001FBDAC8E8E8F8E0E20
:100C5000E6F9CEDDE6F9CE5C3E7D016C8E8E8E0F20
:100C60008D8EE6F9CE5CE704CDBCE0041E53150181
:100C7000AD8EE6F9CEDDAD0C8F8FE0011E1AE6F9E0
:100C8000CFDFAE8C2FDBE7FE00E6E71000D108B324
:100C9000E00219C4E0031F991100153EE00114FFA2
:100CA0003C63A90FE004DCC6E0001C34153EE00103
:100CB00014FFE004DCBFE0031FE5A90FE0031FA859
:100CC000B98FE0021FC2A90FE0001F83A90F09A17D
:100CD000E75C00CBE0001FB8E0041F57E0001DB741
:100CE000167FE0FF16FFB60FC784C7083FFBE04042
:100CF000BEAEE040BE9EE040B61F01F6E0041FC756
:100D00001700B70F388208B7F8000C3CC070E0033A
:100D10001FBCE00319F11700E00A8F8FAF03396899
:100D20002799E0001F38E00F31223F1FE0041FD752
:100D30003123391FE0FF17FF16FFBF82BF92E00487
:100D40001FC7B68EB69E1700B70FC010F8000E284A
:100D50000BE17E813A6C7D827D037C84E000DE388D
:100D600066816582650364842C5DE0031ADF8F85EC
:100D7000E200CF8102D7E0021B33E00E3B128F8EE0
:100D8000E200CF82014FE0021FF49F8F37CF27CAC6
:100D9000E0041FB59F8FE203CF9002C4E0031F8FD2
:100DA0008F8F2FC0E200C90902D18F89E00127A8E7
:100DB000E200CF82E0010130E200CF8101C7F00400
:100DC0001CD7E01B3123F80C3C9BA78CE2FFCFFF24
:100DD000E0010147F0041D47E8009F0AC777E200E1
:100DE000CF32E00102B8A71CE0413E2FE0413DAE0A
:100DF0003E1BE200CE20E001052E3E6FE025C63FFF
:100E0000E24ACE7EE00102A73E6EE025C63FE24AFE
:100E1000CE7EE0001BB8E0183122E00002DFE001E6
:100E20001E6FF00013098C0CE0011E6DE8173B9853
:100E30008D0CE0011E6E37A4F8009A878D8CE82F88
:100E40003FB6E0011E6C37248E0CE80F3F95E82E6C
:100E50003F36F8009B9734283528E200CF803DC804
:100E60003E4AE80E3F17C5FFC67FE0010505E02FAB
:100E70003FDBE200CF00E000057CE02E3F5C3E62FD
:100E8000C60AE0031D5E36243D1CF0001602E00495
:100E90001E46F000AE09E3FFC7FFE3FFC77FB78A36
:100EA0003DEFB71A1401A90C3D62B7843E6EB70D31
:100EB0001482E003D9C48E858F83C681E0001F2E83
:100EC000AE853F1FE0031ED63B12C7811600AF83DD
:100ED000F000AE06A90EAE0DE8073B98177FF81993
:100EE0003C9BE0FF17FF1680B707B717E800BF89E4
:100EF000E800BF99E800B68AE7FE00A9E0001EB846
:100F0000AF8E3122E0041F473E92B50DB59DB78EDE
:100F1000E7FE009DE0001FB8E00E3122E0041C4710
:100F20003F9E9C8F9E1F9F08E0041ED73123B50F64
:100F30003E92B59FE1FF17EFE0093D29E00C3DAC83
:100F40003F7FBC8DBE1DE7FE0282C701B708E7FDEB
:100F500000FEE0001BB8E0183122E7FF00BFE00010
:100F60001BB8E0183122F0041D47E7FF00B7170057
:100F7000E7FF00871780E7FE00FEE0021FA6E00AF9
:100F80008FEF27B1E0011FEFE0011F6E8F8F8E8E74
:100F900037A83ECFE0021FA58F0F3FEDE200CF0143
:100FA000C7FFE3FFC7FF013FE0011F388E0EE001DE
:100FB0001F3736288F0E3F4C3F780596E0011FB64D
:100FC000E0083F288E8FE0011FB536A88F8F3FCDF8
:100FD0003FB83C6E37C83F7FC47FE06F3DA83C2FD1
:100FE000E3FFC47F3882E0011F348E0EE0011F331F
:100FF00036288F0E3F4C3FAE3FF80373E0011E32A0
:101000003C2F8D8CE0011E3135A88E0C3EAEE00FDA
:101010003E4B3C3F3FEE34483F78C7FFE0683DAF72
:101020003C1D00DFE0011FED8F0FE0011FEC3728B2
:101030008F8F3FCEC7FFE3FFC7FFE7FF00B7E00298
:101040001FA6E00A8FEF27B0E0011FEDE0011F6C43
:101050008F8F8E8E37A83ECFE0021FA58F0F3FEDFA
:10106000E200CF01C7FFE3FFC7FFE0000142E0015C
:101070001F308E0EE0011F2F36288F0E3F4C3F7819
:101080000594E0011FAEE0083F288E8FE0011FAD00
:1010900036A88F8F3FCD3C3F3EEEE00F34083F7FB8
:1010A000C6FF140002323882E0011F2C8E0EE001D0
:1010B0001F2B36288F0E3F4CE00C3FAE3E7803745A
:1010C0003FF804A8E0011FAA3C2C8D8FE0011FA966
:1010D00035A88F8F3EAE3FCB3C3F3FEE34083F7884
:1010E000C7FFE0683D2F3C1DE3FFC47F3882E0016D
:1010F0001FEF8F0FE0011FEE37288F8F3FCEC7FF06
:10110000E3FFC7FFE7FF00B5E0083EAFE3FFC47FA2
:101110003882140038820000E0021FA6E00A8FEF38
:10112000279B08B3E0011FEA898F2195C1FFE003E7
:101130001FD7E6D8C9C3E003195E399F9C02C110CE
:10114000DF1DE041B402E0409C72DF7A3973E04079
:10115000B47201F509E13882E0031FDFE0031F5C90
:101160008F8F8F0E2F96E0031ED5AF8D2708E003DB
:101170001F561681AE8EE0031F54AF8EE0011FEAAA
:10118000E0031CDE8D0FE0031C593524E094009829
:10119000E0031ED51781AF8D2F72E0031F5BAF8E6A
:1011A00000EE08B639E8E0041A22E400C1873AE804
:1011B000E0023A133FE2E002C7948B0F3CE3E00207
:1011C000C4993C943C66EFFBDC84E002C1198C823C
:1011D000E200CC8301861786E1283C3FE3FFC47F11
:1011E000E004D57BE00019783C65EFF9DE19E015E5
:1011F0009F523EE8E201C6FF3994E720CF0DE0158B
:10120000B7523F63E002C71AE0159EB28E0E3FE868
:10121000E700CEFCE015B6B2E01A1407E0041F0A9E
:10122000E0159CD2E6C8CE8FAF9EAE8EE004D6A865
:10123000E0159CB2E01A1405E004D6A23FE3E003F7
:101240001F19E002C7953EE38D8FE002C6963FE38B
:10125000E006AB2EE002C7978E0DE004ADBEE002C3
:10126000C1988E8FE004AE2EE01A14018F83E00443
:10127000AE9EE006AFBE1700E014B7F2E0149CF299
:10128000E01EAF34E0041F16E01EADF4E01FAE0414
:10129000E01FAE94AF9EE015AB34E004D671E016CB
:1012A0009F82E01E8F74E01A140AE720CF8EE016AA
:1012B000B782E0169C82E004D6633C650B21E73AD6
:1012C00000E20000E0011F28EA197F918D8EE00105
:1012D0001F27F0011B828E0E8E8F35A8E8009D37E8
:1012E0003E4B3F6D3D7CC701E201C77F0591E001A8
:1012F0001E60E00A34218D8CE0011E5FE80A3D1774
:101300008E0C35A89D0A3E4B3D7CE00002E2EA19B6
:101310007D108D8AE0011CA4C5813E99E201C5FFC4
:101320001600AD8AE008AE0DAF0FE200CF070583CF
:101330001700AF0FE0001780E0011F23E0011E221D
:10134000E1808E9E3F7C3F9DE201C7FF01FAE200F3
:10135000CF8205901780E004B7891701E004B799A0
:10136000E004B7A9E004B7B9E0031F81E009AF09C1
:10137000AF1FE200CD9F05861780E009AF8917A057
:10138000AF8A240DE8009F87E200CF930589E20031
:10139000CFA7EA197F8E05B01700B70F3882E00398
:1013A0001F5CEA197F8E8E8E9F0F26A7C701E3FF71
:1013B000C77FB70FE201CF3405F21680B68F170151
:1013C000E0031F81AF1FE0001FB6AF0F3882E001BE
:1013D0001CA4E203CD74AF0F3E990294E201CD1636
:1013E00005951602E008AE0DEA197D1016801580ED
:1013F000AE8AE7FF009C9F0F2752E6CFCF0EB70FB4
:1014000000DA1603E008AE0D00F01601E008AE0D9C
:1014100000ECC070E0031C81F0403BE03C60F00158
:101420001AA4F0011B23F000C384C40C150016009D
:10143000F00F3A9AF00B3B1A3EEC00852F08C78854
:101440003FFB01099F0F3F7D05FA3EEEC7883FFB3A
:101450003E1E01F9E3FFC67FC502B639E200CD06A4
:10146000C490E980B617E180B698E040B6C901E0C3
:101470005F825E033FFC02A23D6F14005E84E004C5
:101480001F22E0031DF83D7DE0158F3E8D8B0299F4
:101490003DFE010DE0031FF58F8F3FFEE000016967
:1014A000E0031FF48F8F3FFEE000016017803FF8DC
:1014B0000198E001147FC01038823D6C140100DFF8
:1014C0003DFEE000014FE0031FF58F8F3FFEE0007F
:1014D0000153E0031FF48F8F3FFE016C140217804D
:1014E0003F6FE2007D04E00F3421E00C37213F9A8A
:1014F0003E1A9E8F9F8C3DE83E6FE400C603360285
:101500003EFC0313E00C35A1E2007D10E0011DE07C
:101510003E1AE0011D5F8D8B8C8A35A8E0409D2C22
:10152000E00C3DC93D7C049BE6CFCF8F3FFD05C25B
:10153000E00F3721E2007E90E0011F603F9DE00157
:101540001EDF8F0E8E0D3728E0409EAFE00F3F4C20
:101550003EFFE00117FFE06F3AA83C6FC0103882F1
:10156000140217003DE800C91782E7FF00BB17818E
:10157000E7FF009F14023FEC17013DE8E7FF00BEC4
:1015800008B1E0011C0215081480E004D853E00102
:101590001C24E000154A148008A1E09000CBE00371
:1015A0001FF88F8F3FF8010DE0031FF58F8F3FF875
:1015B000010AE0031FF48F8FE0283F88342138822E
:1015C00014003882140138823DE9C5FFE200CD8065
:1015D0001680052C3E6D0088E0433E9AC601E2016C
:1015E000C67F3E7B03213FECC78137A13F989F0F09
:1015F000E0409F9FE3FFC6FFE00F3F2FE3FFC7FFE1
:10160000E0433F1FE200CF323D6DC5320266E3FF8B
:10161000CF4E3F6DC74E0321C601E201C67F3E7B20
:10162000E0433E9E0461E02D3EBB2496C4FF3FE8AC
:10163000E6D8CCF9E3FFC6FFC7FE3C19E000160070
:10164000E0809F1FE00B3E1D3F2C3C7F3E6BB70FA1
:10165000E3FFC67F01F638823F9DE0433E9FE7FFF0
:1016600000BF0000E00024E708B11700F0413B4A4A
:1016700035A1F0403BE83E683FEEF0413A4AF8437E
:101680003B16F0433A9A008AC781E201C7FF3CFF4C
:10169000E8403EE53F1D3E1B0112968C3EFA027566
:1016A000E8403EF4C781E84038E6E201C7FFE06168
:1016B0003B2D3CFF3EE13F1D3E1B01F0E02E3F3F36
:1016C0001680E0413CAEE6D0CD09F0413B49F04107
:1016D0003ACAF8433B16E0433C990089C681E201CF
:1016E000C6FF3EFF3E693F1C3C1B011296083E7A36
:1016F0000276E8403E75C681E84038E6E201C6FF62
:10170000E0613B2C3EFF3E613F1C3C1B01F0E02EA4
:101710003F3F1680E3FFC77FE8009E07C681E201D6
:10172000C6FF3E2E3EFFE800B607F0173B9B01F5D3
:1017300008E13882E0021D3CE0021C3BE0021CBADA
:10174000E0001580E0021EBCE00F3C1BE00C3C9B5F
:10175000E0C09F1F3FFCB71F01FCC59CE200CDD439
:1017600001F2E0011F0217809E0E9D9E9F2E3CEA13
:10177000B61AE000C4D4E001B7BA1600E001B5FA29
:10178000E003B79AE003B75AE004B7FA3DEDC59419
:101790003FED0083E001963DE080971F3F7C05030D
:1017A000E001B73D3FFB01F7C69C3EF90104E001B3
:1017B000963D00EDE00197BAE0041F3516803FFD2D
:1017C000B68EE003969A0226E200CE800515E0046C
:1017D000967A3FEDE3FFC7FF3FFC03043FECE3FFD6
:1017E000C7FFE206CFA0B78E058CE0031F0FE00015
:1017F00017F7AF8E3882E004967AE200CE00026FCF
:10180000E0031F0F8F8E27F7C7FFE201C7FFAF8EE0
:1018100000F2E3FFC7FF3FFD045BE004967A3FFC64
:10182000036100DD08B7F8000C3EE1FFC02CE004C6
:101830001FA2E0031EF8E0158F3F8E8DE0099A2F5E
:101840003EFE895FE0010122E0031FF58F8F3FFE1E
:10185000E001011FE0031FF48B0FE0263B0E332154
:101860003AE4E066C29EF0403EE2E00F32A1F1FFB2
:10187000C6FF3BE0E0021AFDC384FED8CEFDF000B7
:101880001480E2007E86F0021DCEF0011E02F003FD
:101890001C73F0031D19F01D3E9DF8403F6939E7A8
:1018A0003A9FE0001554E8403CEB3C63E004D688E6
:1018B0003CE23C63DE8A1581E00315743CE23C6344
:1018C000DED2E00021603EE7E0001780E180971D56
:1018D0003FFEE3FFC77FE06F3C2EF0403EFD01F787
:1018E000E8008E889F05379DE3FFC7FF3F7FE80034
:1018F000B78C038FE8038F3A270CE0051E878F0D06
:10190000E82D3B0E26861683E02E3F0DE0002F4487
:10191000F000C701F201C77FF200CF03F000C5D489
:10192000F000C602E7FF01BFF00024A73C64E0021C
:101930001AFDE066C41FE0033121E0021CCE342111
:101940003D633C15E004D63CC201E0083914E06672
:10195000C41EE0021CCD34213D633C15E004D630AA
:10196000E0083994E066C41E3421E0021CCC3D63DB
:101970003C15E004D625DEDFE000C054F8000F2857
:101980000BE1E800B10C00C51300E7FE00EB13010A
:10199000E7FE00E8F0001481B785E7FF00BB08B15F
:1019A000DF42E0041FA2E0158F3FE0031FF88F8F96
:1019B0003FFE012DE0031FF58F8F3FFE012AE0035C
:1019C0001FF48F8FE02F3F8E37A1EA197E12E001BE
:1019D0001E828F0C37A13F9D9D8FE0173723E001BA
:1019E0001FA4C7019C0D9C9D9D2DE201C77FE80FA0
:1019F0003F97E200CF07B5BDB40FB49FB52FB5BF79
:101A000005841780AF8C08E1AF0C08E1178000DE79
:101A1000178100DCE0011FA4E0098C0F3882E0038D
:101A20001F8117001680AE9FB73FB74FE001B73F49
:101A3000E001B74FE002B73FE002B74F3882E00362
:101A40001F78E0031F818E0EE0041F221500E015B1
:101A50008EBEE0031F753EFC8C8E8D8FAD1F150072
:101A60001700E06A39AB3EF9AE4FE0283E8CB73F35
:101A7000B74FE001B73FE001B74FE002B73FE002E8
:101A8000B74F0138E0031F74E002ACCF8F0E3EFE6B
:101A90000129E004AF4F2C38E200CD820584170005
:101AA0001580AF0F1780E0031E01E0011D0EE0025C
:101AB0001CF23EEFE201C6FF3DFD3F6F0119C6FF7C
:101AC00002843F6DE201C77FE412C7303F1ABF3C7A
:101AD000C781E200CF83C61001EDE0001FFDAD8F8E
:101AE000388217021582AF0FE004AECF00DCBCBC19
:101AF00000F0E0031F74E002AECF8F0E3EFE0172D5
:101B00001501E004AF4F3DEAAD0F00C7E200CC0283
:101B100005823882E7F600C7E0041F22E0148F8EAA
:101B200027B5E0031FF8E0158EBE8F8F3FFD012F14
:101B3000E0031FF58F8F3FFD012CE0031FF48F8F13
:101B4000E02F3F8D37A1E0001EFD8E8D3EFF011E70
:101B5000E0031E8137A4E0099F2E3F9DA6BF2716F4
:101B6000C77F3FE8E6B0CF7EC7FEC6FE3C1E0085BD
:101B70003F1C3C7FB70F010AE0809F1FE0809E1D45
:101B80002CF83F2C3C7FB70F01F83882178000DC1F
:101B9000178100DAE0031E33E203CC748F0C059C3E
:101BA000E0031EA0E200CF048F8D02B6E200CF9DBD
:101BB000E00002EC179E1705AF8DC77FE0021FCB38
:101BC000E201C77FAF0C1601AE0F8F8D2F31278337
:101BD000C7FFAF8D3882E201CC48058EE0031EA01E
:101BE000E200CF028F8D02ACE200CF93029B1794EC
:101BF0001703AF8D00E3E200CC6405AAE0031EA04A
:101C0000E200CF018F8DE00005DDE200CF8E02D62D
:101C1000178FAF8D00D3E200CF9D02D0179EAF8DFE
:101C200000CD1702AF0C1601E0021F4BAE0E15805F
:101C3000E0021F749E0EE70FCE1BB60E00C9E20035
:101C4000CF93E7FF02BC1794AF8DE7FF00B8E00128
:101C50001FE08E8FE0011FDF36A88F8F3FCD3FF84A
:101C6000E0031EA003A18F8DE200CF872F2505B8CA
:101C70001701C77FE201C77FAF0C1581E0021E4B41
:101C8000AD8CE7FF272700D41704AF0C1601E00244
:101C90001F4B1580AE0EE0021F749E0EE70FCE1B89
:101CA000B60EE7FF0096E7FF2F0AE0021E4B8F8D6E
:101CB000AF0CE7FF008E02DE1788AF8DE7FE00FF56
:101CC000E200CF8E0286178F1702AF8DE7FE00F776
:101CD0001701AF0CE0021E4BAF0CE7FF00AA1788FC
:101CE0001701AF8DE7FE00EBE0041FA2E0148F0F99
:101CF000E000274CE0031F3CE0048F5EE200CF01D0
:101D0000E0000144E0051F078F0EE200CF03013D14
:101D100008B4E0031F78E0158FBF8F0E3F7FE0000F
:101D20000155E0031F758F0E3F7FE0000154E00373
:101D30001F7411808E8E3C633EFF3F63E0000150B4
:101D4000E0011902E0031A01E0041FBD9D029D920B
:101D50009E228E94B72FB53FB5CFB65F26AB31A18B
:101D600039139C02E0011924DF16E0098F82E2009A
:101D7000CF81E0041FD8011A1700E001AF4F8F9404
:101D8000E200CF8101030A613882E0001FB68F0FA5
:101D9000271317001180AF0F3C63DA041780E009A6
:101DA000AF82A9841780AF940A611703E001AF4F97
:101DB00000E7DA8900D5DB2EE201CC7F39E8017338
:101DC000E200CC0202EC00E911803F633C63E7FFD4
:101DD00000B911813F633C63E7FF00B411823F63A8
:101DE0003C63E7FF00AFE0031F813F688ECF3EF802
:101DF0000118E0028ECF3EF80114E0048ECF3EF8C9
:101E00000110E0001EFD14018E8D3E6D36A43F9D35
:101E1000E400C607E0031EF8AF4F3E9CAF0D3882CA
:101E20001400388208B3E201CC000128E201CC01A1
:101E30003968E0031981010FE200CC02059789039C
:101E4000210511003C62D9AEA903E0031F99E0010E
:101E5000A92F09E18FC3E0028F43E0048EC327A6B8
:101E60003F7F02AE3EFF110002AD8F833FF201EBD8
:101E7000E0031F99E001A92F09E1E00319818FC355
:101E8000E0028943E201CFFFE0048F4301073FF204
:101E90000290E1223F9E312100E9E201C97F0189E0
:101EA000E201CF7F014D110200E12F0A2E8B00C805
:101EB000E122391E8F83C1013FF2015B00C43F7DE7
:101EC00003888903E200C90201411102E7FF00BC57
:101ED000110100CC08B339E81414EFFAD089C40416
:101EE000E00F3421E0011C08E002197B3C1F9F88B1
:101EF000E0021CDFE6F5CFDFE412C7B03C623C9F96
:101F0000EFF7D52D3C62EFFAD190E0031C0131A42C
:101F10003C13E0021CF2A43815813D6209A1E77B65
:101F200000C708B7F8000C3AE0021FA6F0403D6970
:101F3000E0433909F0433C8A3A683AEB3B6C3BEDAD
:101F4000F00E8C4F008D39E2E201C1FF3CE43C63AE
:101F5000D5F439633C75C101E0433902030BE84015
:101F600039790572E840396AC101E0433902E84035
:101F700039EAC1FFE0433983E200C9800307E0008A
:101F800000CBE3FFC9FFE0000147F0403CE3F20172
:101F9000C4FF3CE4E8403C69D5D0E84039E93C75F1
:101FA000C1FFE0433983036EF8433D08E840397AC6
:101FB000F000AC86040500A9E840397A012639E230
:101FC000E201C1FF3CE43C63D5B839633C75C10113
:101FD000E04339020372E0051F85A9878F06868FCB
:101FE0003EFE0503AF0F8987E0031F9E870F3F73F7
:101FF0000303A98F89878C06E00839A8C401E20190
:10200000C47FF8000D280BE1E84039E8C1FFE20188
:10201000C1FF00E2F000148000C8000008B7F8001B
:102020000C3E3C79E0010209F0001600F00016FFBA
:10203000F0021DA63A693BEAF0403CEBF0403C6CF4
:10204000F8403F6DF8403D6CE0001364E000128101
:10205000E200CC0039E8E201C1FF0438E80E8FCB82
:102060003FF80534E8403BF902313FE7E200CF801A
:10207000396FE201C17F0424E80E8F5B3CE23F7FB1
:102080003C63051ED55AF02F3D66E0433F9F3FF865
:102090003F62E86E3B2D3FF8F0403EEE3F63E86E56
:1020A0003B2E3FF8F0403F6E3F68E86E3B2A3FF81A
:1020B0003FE5E86F3B2CF0403D6EF0403E6FC101C4
:1020C000E0433F82E8403FF90552C181E0433C03D1
:1020D0003C74E7FF053FF0002614F0002C17E004E5
:1020E0001FA3870FE8403F7E0503F000AF0FE00419
:1020F0001FC2870FF0403F7E0503F000AF0FE8409E
:102100003C6CF8000F280BE1E0031FEF870FE8405D
:102110003F7D0503F000AE8FF8403E68E0011F816F
:10212000870FF0403EFE056CE8403C6CF000AE8F3F
:10213000F8000F280BE1F0001600E8403C6CF800B6
:102140000F280BE1E0031F0AE0041FE68E0E8F8FBD
:10215000E0021EC015803E7FAD8D0105278516016A
:10216000AE0DAF8E38821602AE0DAF8E00FC0000B1
:1021700008B7F8000C3EC074E0001BA7F0051D0274
:10218000F0041CE7E0051E05E0031E9EE000177F3B
:1021900017808B07AF0CAF8DE800AF89E800AF0A5E
:1021A000E00223321200F0031C64F0001DAD3B641A
:1021B0003C64D4A2E001240EE0001F1DE80089D891
:1021C000978E3EE43FB3E0001664E001C6A6E00E41
:1021D0003221E02F3FBC36A1E80E3F1BE80091B84A
:1021E000E80D3E9BE002C74D890E8D0DE0433F9FF9
:1021F000E02339EFE0021F26E2007E8EE2007E0F30
:102200003DE33CEA3C62E00E8ADEDE8C478F3F62B3
:10221000C77F7F81F0403EEE478EF0403F68F2017D
:10222000C6FF7F8200944D0E4C8FDE7CE8403F6DF0
:10223000E80F3C1EC77FE200CC03F0403F6FF04048
:102240003EEEF201C77FF201C6FF058DF8433E0D59
:10225000F200CE00E8403C6DE2007E8EE2007E0F90
:102260003DE30362E800870AE8403F7C0503F8008D
:10227000AE0AC10167016782E0433A85E201C17F8E
:102280006F8E6F0F00904D0E4C8FC101DE4BE80F2B
:102290003C1EE200CC04F0403F6FF201C77FE20138
:1022A000C17F058CF0433E02F0403E753C62E20087
:1022B0007E8EE2007E0F3DE30467E8008709E84078
:1022C0003F7C0303F800AE09F1263F66E201C37FBD
:1022D000C2018F87E201C27F3FF4E7FE02EBE00319
:1022E0001E1EE0051E858F0CE8008F898E0DE8000C
:1022F0008E8A3F2C3FADE8008D88E201C77FE20166
:10230000C7FFE0041D283EEE3E6F3DF6C681C601C4
:10231000AB0AE201C6FFE201C67F039AE0041DE6B4
:10232000EA197F9B1701AF0B1714AF0FE0001F1EB8
:102330009E8E1714E200CE930283C77FAF0F1780E3
:10234000AF871781AF8BC00CF8000F280BE1C7F8DF
:10235000E200CF820295C778E200CF020291E00F3F
:102360003EACC781E200CF82028B3EBCE0041DE69A
:10237000E00F36813B7F05061781AF8B0083E004B9
:102380001DE6EA197F9B8F0F2706E0031EE48E9D52
:102390003EF604CB2331E0041EA28E5D8D4DE0009D
:1023A0001E9D3D3C968DE00C3501E205CEBB02083A
:1023B00036211683E02C3E3DC676E3FFC67FE00063
:1023C0001E979C8DE0001E9E9E8DE0083E993C7CF1
:1023D000020435023CFA051EE0021E26E0001D2D17
:1023E000E00E8E5CE01D8D5A36413D7C059317143E
:1023F000AF0FE7FF00A0AB0F1780AF8BC00CF8004A
:102400000F280BE1E0041FA8E0041DE6AB0FE7FF77
:1024100000BA2773E7FF009008B7F8000C3A39E8D4
:10242000E201C1FF3CF3042DF0021D263AEBF80E49
:102430008C4AF0403CEA3BE9E0FF127FF0403C73FD
:102440000597E8403969E201C17F39750211E80E4C
:102450008B5A3B723CE23C630586D36FE0243C54CC
:10246000E0433A14C101E201C17F39750573C181AE
:10247000E201C1FF39F705633C64F8000D280BE168
:10248000E0FF127F3C64F8000D280BE1E0031FBC65
:10249000E0038FAF2F8DE0031FE4E0881732B70F02
:1024A000E0281723B72FE0011716B73F3882E00363
:1024B0001FE4E064171EB70FE028171EB72FE000D7
:1024C0001764B73F3882000008B7F8000C3EC05CC4
:1024D000E0001DA78F8B2FA8E0041F31E0041966D0
:1024E000E00319AAE0019F2EAF82E210C700AF837C
:1024F00027081780AF82AF83C024F8000F280BE1B4
:10250000E0041FFC8F8F2FF6DE348F832F838F82A2
:1025100027F41781E0001EA7AF821780AF8DC0247B
:10252000F8000F280BE1DFB3E0001E1DE0001DA73F
:10253000968C8F8BE400C685E0011D991700AF0BC8
:10254000E01A3683E0041DC2E0041EA3E000167FFB
:10255000AE0DAF0BE0031EEFE0011D81AE0DAF0B22
:10256000E00227D71680E000177F3E6F7F05C67F09
:102570007E88E6D8CE7C7E87E0001F106685658861
:10258000E0001FA63E1E3D6D3CED3C6B7E86C78283
:10259000E04086AFE040871F3E7FE02A3EDAE02B36
:1025A0003EEBE0293F59E0283F6801F217003BEE7F
:1025B0007C857D067C077D887F093F67E0001DAD37
:1025C000E001C726E00F33A13F9B37213F1BE0020C
:1025D000C7CD8A8E890F6686678567086587E04361
:1025E0003E05F0433E02E03D3E0DE02D3E0EF02E56
:1025F0003E0FF02F3E0BF00D3ECDE00F3F4F7E0122
:102600007E827F842E83E00127F6E0021E263A6553
:10261000C27FE0433A04E00E8EDCE200CA007E8313
:10262000F00E8F4C0309E002009BE0433A03E3FF06
:10263000CA7FE002011539E4E201C1FF3C633CE2DC
:10264000D27CF0403D78C1FF057139E5C181E0439E
:102650003983F8433C0EE84039F8E0020304F840BF
:102660003CEEF1FFC4FFF0403CF305223B65C302A2
:10267000F0001680E0433B06008AE843398BE840CF
:1026800039F8E0010370E8403FF90312F0403DE300
:10269000F201C5FFE8403C6B3CE2D24FF0403D7890
:1026A000E80F3B1DF000C581F000C68105673B6265
:1026B000C37FE0433B06E200CB000309E00100CD0D
:1026C000E8433B08E3FFCB7FE0010147F0403C6675
:1026D000F201C47FE8403CE83C65D22FF0403D78F1
:1026E000F1FFC47F056E3DE26703C581F0433E8B79
:1026F000F0433C0EF8403EF8E0010329F0403CEE88
:10270000F1FFC4FFF8403EF90321C102F0001700B9
:10271000E0433902008AF8433E8BF8403EF8E0017E
:102720000316E8403FF90312F8403DEDF201C5FF02
:10273000E8403CEB3C65D201F0403D78E80F391EA3
:10274000F000C581F000C7010567E0041DA3660124
:10275000878B3FFC0502AE0BE0041EC26701878D2C
:102760003FFE0302AF0DE0031DEF878BE8403FFC07
:102770000503F000AE0BE0011E01878CE8403FFC32
:102780000303F000AE0C6682269B670166863FE479
:102790003F7DE201C7FFE000016D3C6FC478C7FBDD
:1027A000E0433C08E0433C8F1600E8403DED3D66C9
:1027B000DC3624066789CF81E201C7FF7F89670481
:1027C00027196785E201C37FF0403E7FE000015B8F
:1027D0003D66C578C37BE0433D0AE0433D86160174
:1027E0003CE33C64DC1C24066789CF82E201C7FF1E
:1027F0007F89C381E0001DA7E201C3FF8F8B3FF7F4
:10280000E7FD02DD6689E200CE83E0000145E004D9
:102810001FB1E00319AAE0019FAF8F03E210C78048
:10282000E00419662F89E0041FFC8F8F2F85E7FCD9
:10283000276DE7FC00F0E7FC275E1781E0001EA78C
:10284000AF821780AF8DE7FC00EC6583C5FFF043D6
:102850003E8BE7FE00FC1300E7FE00C71200E7FD19
:1028600000F6E84039EEC1FFE0433983E7FE00A1FE
:102870003C6FC405C788E0433C08E0433C8FE7FF5A
:1028800000953D66C505C308E0433D0AE0433D862B
:10289000E7FF00A7E0031FEFE0041F23850F840E6E
:1028A0003DEA3CE8C481C581E0433D8BE0433C897F
:1028B000DDB4E0031E6FE0041DC2850C848B3AE892
:1028C0003DEA3C69C47FC581E0433D8BE0433C0861
:1028D000DDA4E0041EA3E0011F0139E8858E840D0C
:1028E0003D6B3CE8C481C57FE0433D0AE0433C8941
:1028F000DD94E0041FC2E0011E01848F858C3968DD
:102900003D6B3C69C47FC57FE0433D0AE0433C0822
:10291000DD84E0031EEFE0041DA3E0011F81E0045D
:102920001E42870F848D878C3A68840B3C9E3C1F27
:10293000E6F7CC89E6F7CC08D100E0011E81E00380
:102940001DEF8F8D8F0BC7F93FAEE201C7FFE2008D
:10295000CF8105ABE7FF179CE0253F95E7FE22D925
:10296000E0233F93E7FE21D5E02E3F92E0243F9401
:102970003F54E7FE274EE02F3F98E7FE27CAE001CD
:102980001D998F8BE200CF81E7FE01C3E0001E1D81
:10299000970CE205CF3BE7FE023CE0031F2AE00470
:1029A0001966AF8EE7FB00B7E0041E42E0041EA3E9
:1029B0008F8C8F0DC7F93FAEE201C7FFE200CF81D8
:1029C00002CAE0011F191781AF8E00C5E0031FBCCA
:1029D0001401E0018F4FE200CF030106E0018C4FAC
:1029E0001784E0283C0F3882E0011F218F8EE00021
:1029F00027C408B2E0031FBCE0021EBE8DAF8E3FAD
:102A00008CDF35A2362214008D7FB5CDB65DE00295
:102A1000B48DAC0E2D031701AF7FE0018F8FE00462
:102A2000195BE200CFA4029CE200CF85AF82028353
:102A30001786AF82EFFBD1912C188F82E200CF92E4
:102A4000011CE200CF98011EE200CF9B0120E200B2
:102A5000CF9EE0041FA40120171CAF0F008A37C1CE
:102A6000AF82EFFBD17A246AE0041FA4171BAF0FDB
:102A70000921E02F00E23882E0041FA4171EAF0FE7
:102A800000F8E0041FA4171CAF0F00F3E0041FA41C
:102A90001723AF0F00EE171FAF0F00EB3FE8C7DDA6
:102AA000E201C7FFE200CF8C02911701E00F373F30
:102AB000E230C7A92F8AE200CC250188E0031FE39A
:102AC000AF0FE0041FAEAC8F3882E00017D0E02FCC
:102AD0003C0F27891781E02F3C8F2785E0031F9B40
:102AE000170AAF0F1701E0031FBC3C1FE0011FA135
:102AF000AC88AF0F3882E0001F9FE00E34433F1FC9
:102B0000E0011F9BE6FDCC583C1F8F0E8C083C5EFD
:102B10003882E0011F9BE6FDCF583F9EE0001F1F5B
:102B200034433C1E8F8F8F082C85E30F3F5FAF88A7
:102B300038823FCEAF883882E0041FA28F5FE00268
:102B40001FEBE0A93F08A78F34A13F99940F38826B
:102B50003F68E0001FADE001C726372134213C1F4C
:102B60003F9E8E8FE0041FA2E002C44D8F5F8F88CE
:102B7000E0AF3E8EE0021F6B37A1A70E3F9E940F81
:102B800038823FE8E0001F2DE001C7A637A1E00032
:102B90001E9B3F9E8E8D8F8F3EFF01031400388257
:102BA00034213F18E0001F9AE002C74D8C0F8F8E32
:102BB000E0283C0F388200003FEAE201C7FFE00E48
:102BC0003C2FE201C77FF0433908F0433B8EF012FF
:102BD000391AE0021EA6F8403977F00E80CDF00ECB
:102BE00082DDE0433E89E000045B3421E00F3CAF2E
:102BF000F6F9C989E0093C2EE0021F6BE201C7FF2C
:102C0000F000A30EE0041F22F0433A0FF000885EAC
:102C10003D1DE201C4FF1400F01339AFF200CB8078
:102C2000E0433F89E8403DE7E06B3C2FF84038F750
:102C3000E06B3D2FF0403A7A0227E201C5FFE84001
:102C40003EE3E80B3DB0E201C6FFE8403F64000010
:102C5000E200CF00E0433E0D3FEEE06F3C2CF04041
:102C60003AFEC701E06F3D2CE201C7FF3F9B37A151
:102C7000E80F3F96E0433F0E978F3F7AC6FF3C1F19
:102C8000E201C6FF0566F000C381F8433B87F840C8
:102C90003BF2C4FFE201C4FF0542388214003882CF
:102CA00008B439683A6939EAEFFBD00124143FE2ED
:102CB000E0041F22E400C7C68CDE3F943F99E00287
:102CC000C798E0021F7D37A13F9E940FE0283C2368
:102CD00034210A6114010A6108B439683A6939EA91
:102CE000EFFBD0032410E400C146E0021FFDE00921
:102CF0003914E002C49834A13C9F9409E0283C2395
:102D000034210A6114010A61E0001CA78E09E00069
:102D1000264B1600E0001DADE0011C1B16813FECA8
:102D2000008B8F093FEAE201C7FF3F7FE6FDCF5FDF
:102D30003F1805B98E8EE6F8CF3F3F1BE005C7343C
:102D40008F0E3D6F3F5DC501276D3EEFE001C6A6CA
:102D50003F6C36A1E001C7263E9B9E8D37213F1B6D
:102D6000C7B1B68E37A33EEC3F9BC6B1A70F36A3C3
:102D70003E9BBF0DE6F8CF3CF000A31FF6FDCBDC79
:102D8000E00F3D9EF000BB1DE005C7B4E80D3C1709
:102D90008F0DF0008B8FC601E80E3F47E201C67F22
:102DA000AF0F00C0AE0938821780E02F3C0F2FAA6A
:102DB000E02F3C8F2FA7E02F3D0F2FA4E02F3D8F5A
:102DC0002FA1E0021FA68F08F00E8BCFE8403F77BF
:102DD0000393F0008B09F00E8ADFF8403B75038CFB
:102DE0001781E12F3E1FF000898AF0008A0B2F84A3
:102DF000F92F3994278A177F1780AF0B3C6FAF0AE2
:102E0000388217803C6F388208B7C07CE200CE0061
:102E1000F8433B06E87539A7E0433F0EF84039F523
:102E2000F0006B04F8403BE56F050484AF8AF000C6
:102E30008A0BF8403BF40285F1FFC3FFF000AB8B37
:102E4000E2007F843F9C808FF0008A8AE84038F55A
:102E5000E0010317F000AA8F4705F0004304F004D7
:102E600019A2E201C77FE8008FD3F201C37FF0020D
:102E700018EBE0B63F8EE800A781F00E33211085F5
:102E80003F1FE02D3EB1F000930E17B2E02D3EEF54
:102E9000E8403EF6E000025CF2007904F012391CD2
:102EA000E8008282110239E5E201C1FF38E3F7FF51
:102EB000127F1201F201C27FF00F3A13E0433F8FFD
:102EC000E8403FF5E800AF82042FF000880BE840AF
:102ED0003FF0022AE8008BD3F0004B854F04E80056
:102EE000A301009BF0403BEFF201C3FFF0403B7EAB
:102EF000F80F3A17E0433F8F0305F0403B6EE84080
:102F000038E7E8403FF5E800AF82040EE8403FF0C4
:102F1000020BF0004B854F04F0AE3B8737213F1684
:102F2000970E3EFE0560E200C901E201C7FF0116EF
:102F3000C781F0403AEFF201C2FF3964F0403A64D1
:102F4000F000AA8AE800AA82E7FF00B6177FAF0B5D
:102F50001780AF0A3C6FC0040BE1C7FFE201C7FF57
:102F6000AF8BE2007F048E8A3F1CA88E392D4E84E1
:102F70004F053F92AE89E201C7FFAF0800EC890B15
:102F800038F2E7FE056EA90F4705F0004304E7FE9F
:102F900000E8000008B7F8000C3EC060F0403E6852
:102FA00024098F68F0001600E200CF01F0403F6E68
:102FB0000587E8403C6CC020F8000F280BE1F0408A
:102FC0003EEE3AE8F400C6873FE0C79489088D35A5
:102FD0008C188DC58E557C81E80D3F9D8CA5108188
:102FE000E8403A6CE8403BECF0403CEF7882A90DB9
:102FF000AC1DAD3DADCDAE5DAF6DACAD1181E803A7
:1030000039AEE201C1FFF0403D63F400C50715078A
:10301000F81B3C9AE00114FFE8403C6BE003DB0A3C
:10302000F8023C9D8ED2E00631A3E800AECBF0085A
:103030003C968EC2E8403DEAE800AEDBE8403D6ADF
:103040008E82C583E800AE8BC5028C926681E80053
:10305000AC9BF2007A108CC2F8143A1E3C92F0003D
:1030600088A9E8403E6EF000A888E80B3D99F8007A
:10307000880BF800889BF0006810E80A3D19F00002
:103080006891E2007C90E2007C11F8008C04DE8DF7
:10309000E8008ECBE200CE81059D8E42E00D391313
:1030A000391C8E0D8EA23E7D0184C201E201C27FD9
:1030B000F80D3C9A8CAD8D3DE80B3CA8E80C3D2802
:1030C000E0413DABE0413E2C3DFCE0000573178044
:1030D000AFCDC47FE201C47FE200CC01E00005DE99
:1030E000F8023C9A8EC2F2007B103E928EADF8162A
:1030F0003B1EE80D3E983681F0143C2DF8413A24F1
:10310000F200CA01E800AE860234A9E2F80C3C9A4B
:10311000F8133C9D8E8CE8008D838E1C3EFBE800EE
:103120008D13E0000140E0073EAB3E2AE0413BA7A3
:10313000E0413E2C3B9CE201C3FFE8153B9CF8407C
:103140003E65F201C67FF200CE0AC201E201C27FF3
:10315000E00002CDF8173C9AF8008F67F200CF012B
:10316000E00002C5F8403EEEF400C687E7FE00C866
:103170003DE03D60668117FF3E63C58FC50EE200EE
:103180007C90E2007C116F8E6F8FDE0FE200CC032B
:10319000E7FF02BEE7FF00BBF80D3C9AA9EDE7FF91
:1031A00000B73D7C01C1678227A117807F8200D3D1
:1031B00003051081A8CDE7FF008EE0041FA2F012E6
:1031C0003C96E8008D82895FE00218EB3DB2A601D3
:1031D0003D1B3C9B352134A13C9C3D1C960A9589A6
:1031E000E02C3E1BAE4DE7FE00F6E200CA02011CD9
:1031F000E8008C0BE8008C9BE8008D2BE8008DBB71
:10320000E8008E4BE8008EDBE8008FEBAC05E84071
:103210003C6CAC95AD25ADB5AE45AED5AFE5C020A7
:10322000F8000F280BE1EA197FEEE200CB828E8FC7
:1032300002843B9DAB8F00DD138200FC08B7F800D1
:103240000C3EC05CE0001FAD3F6834213C1FE00134
:10325000C72616FFAE893721E00419A2E002C44D4B
:103260003F9E8C088A8F8FD3E0021BEB3F68E0AE55
:103270003F85A78737213F9E910FF0433E853FE270
:10328000C7F67F83F0433F086703E054179A3A6913
:10329000F0001600F0001581F41A36A8F41937284A
:1032A0007C02F0433C1EF0006F14F0006E957788AE
:1032B000150CE00114FFE2007C1AE003D9BB3CE0EE
:1032C0003C60F41934C8F41A35481600E2007DA2B7
:1032D000E2007D21C49F3EE2C420F0006C98F00023
:1032E0006D19F0006C9FF0006D20DD5F3B683DE0E4
:1032F0003C603EE21601C59BE2007D1AE2007C982C
:10330000C419DD531701E02D3B0EE00026D8E02E56
:103310003C0EE0002754F200CE02E00002CA8D53BA
:10332000E000A487F8083DACF000C601F201C67FBA
:10333000F01B3E18F201C5FF1700E6F8CE9EE20032
:103340007D943D9DF0006F14E6FFCE6EF0006E950B
:10335000C67F8F8BC701F0AF3D8CE2007E10E0434B
:103360003F8FE200CF80AF8BE201C77F3E9C041904
:103370008E8D3FFD0316F0004515F0004494F41ABD
:103380003528F41934A8F40D3548F40F34C8E0AFEB
:103390003E8A37A13F99978FE200CFD0E7FF020A1C
:1033A000E200CF0401CBF200CE03E7FF01BF1180A2
:1033B0003C63C024F8000F280BE11703E12D3F26E2
:1033C000E12E3F283F4DE0022710F000262C8FD33E
:1033D0004E994F1FE0B93E8FF0AE3D0FA687F00F1C
:1033E00034A137213F9D3E9E970F978DE2007E9836
:1033F000E02E3F1F17813FAEE400C787E2007E1436
:103400003F9D3F9E8F8F3F1CAF8EF0001600F00057
:103410004494F0004515F41934A8F41A3528E7FE51
:1034200000C9E12B3B18F2007B14F0163B1BE800AF
:103430008486E12F3B583EE9E201C6FF3D6DC57F22
:10344000E0433D0AE201C7FFE200CD00AF84E8405F
:103450003E68E800AD06040BF0004B158C534E148B
:10346000A507F0AC3B0836213E1A960CE2007D1011
:103470003D1BC6818D0AE0433E8DE2007C143C1B5F
:103480003EFAAE88E3FFC67F033CF0004B158C5339
:103490004E94A507F0AD3B0836A13E9A9E8D3E1D89
:1034A000F0433C9CE2007E1416813E1BE02F3F8DD2
:1034B000AC8CE00A3EAB27AAF03B3D8DF00025A77F
:1034C000E2007F943F9A4E9A848F4E1BE00F3E9C01
:1034D000E02D3E89E677CF8F2E84E02C3E0926161C
:1034E000E2007F143D1EAF8AF0001582F000449484
:1034F000F0004515F41934A8F41A3528E7FD00DA70
:1035000066833E1DF0433C9C00CE3EEBE400C68744
:10351000E2007F983E9F4C944C153FEAE400C78739
:1035200089BDAC8DE2007E18AC1DEA197BEEF0007F
:103530008BAD8D4DADED3F9C8EDD1600AC8F3CE22A
:10354000AC1FE2007C18A9BFF000ABAFAD4FAE07D7
:10355000AEDFADEF6E1C7F01DD1EE200CC0A39E864
:10356000E7FE02A83C6017813CE2C41F6FA3DD1395
:103570003C13E201C47F6701243DC4018F8739E811
:10358000E201C1FF27888E843EFF02BE39ADC181B2
:10359000E201C1FF3FE3C7FDE201C7FFE200CF82C6
:1035A00002B7E200CA8105ABE0021EA6E00E8FCD95
:1035B000C7FEE0253AAF2AA366021781E12F3FAC90
:1035C0002F9EE00E8FDDC7FE3FFC05193E62C60F41
:1035D000F02C3C9CE7FD266EE7FD276C17FF118160
:1035E000AF84E7FD00E711813C63C024F8000F2899
:1035F0000BE1898721EC3FE339E800C6178111838D
:10360000AF84E7FD00D739AFE201C1FF00C4170A5C
:10361000E12E3F2300DC000008B7F8000C3EC07C20
:10362000EA1979ED8F832783C7FFAF83EA197AEC14
:10363000E0001A278F858C04E00027EFC7FFE20126
:10364000C7FFE200CC01AF85E00105CFF000138099
:10365000E8403D67E8403FE71301E0001CADE8406B
:103660003BE70088C501E0433D0A3D783FEAE000C2
:103670000349E002333FF00B3BD22DF53F6FE001F1
:10368000C72637A137213F993F19E002C7CDF00087
:103690008A8EF0008B0F3E6700843E783DEC03631A
:1036A0003F6BE001C726E00F35A137213F99E00DC0
:1036B0003C9E3D7C3F6F3FECC781E002C74DE0433D
:1036C0003E0F016C8F8D8F0EF00F3AAFF00E3B2E38
:1036D000E0413FAFE0413F2E3F9EE200CF85025EDA
:1036E000C501E8023947E0433D0AE00B333B3DC2E8
:1036F0003D78F0403BEBF3FFC3FF3FEAE7FF043BBD
:10370000F00023EC8F83E0002FE917B2AF85C004EF
:10371000F8000F280BE1E200CC01E7FF02992478C2
:10372000F0001580F0001EADF0041CA2F0021D6B2D
:10373000F8403F6BE8403C6BF8403E6B130612814B
:1037400013850091E80A32BCF01E3F4AF3FFC77FA1
:103750003C62C4018C84E0433C083C79F0403E6804
:10376000E0000349E8403F6CE001C726F00F362136
:103770003721E80F3F9DE80E3F1DE002C7CD890EBF
:10378000E8008CD98F8FE800A70AE0AF39093968C3
:1037900037A13F9EF000940FE201C17FF203CC7489
:1037A0000258E2007C873C62DD4AE200CC0A02CB90
:1037B000E12E3C16E0002756E003174BE82E3F2889
:1037C000E0002750E80A32BCE80D3D4BF0403DEDEB
:1037D000F3FFC5FFE7FF00BE8F85E7FF27A3C00407
:1037E000F8000F280BE1E7FF279CC004F8000F2822
:1037F0000BE1F000276417C8AF83E7FF248A178026
:103800008983E0011C1B3E6F1101008D8D0E8E0B14
:10381000E30C3D5CAE0EC781E0433F8F3CFF3E6F43
:10382000E7FE0577E201C7FFE00C313CE00E37C34D
:10383000E80E3F1DE6FDCDDFE80A3E5EE005C73439
:103840003D982D65E80C3E5B21E7E00E37C3E80E9E
:103850003F1DE6FDCDDFE005C7343D982E5800DC66
:10386000E12E3C172707E003172DE82E3F28E7FF3E
:103870002F2B1684E12E3C1D2707E003170FE82E9F
:103880003F28E7FF2F211783E12E3C1F2707E00287
:1038900016F1E82E3EA8E7FF2F171782E00216DD8B
:1038A000E12E3C1FE82F3EA83FDEE7FF2F8DE028EA
:1038B0003C0FE7FF2C09E7FE00CD8F83E92F3F8EF9
:1038C000E7FF279DF92F3D8EE7FF2F97E7FF009732
:1038D00008B7F8000C3AE0001A27F0008C84F001D9
:1038E0002492F0001480F0001C2DE84039E9E840F3
:1038F00039691393E000136EF0001501E8403AE9CE
:10390000E00F3124E80F3F983E6FE005C63D8E0C76
:10391000E016A79F3F62E02F3FBCE00D3121E001A0
:10392000C726E0433F9FE80D3E983721E02F3BAF8D
:10393000E002C6CDE80E3F18E8403DEA3D65E12CC7
:103940003E1627873FE3C781260439EFE201C1FF16
:103950008C0E8C8DC101EFFDDC87E3FECC6A8F8479
:10396000E201C17FE8403F6AE86E3B293FF2F04048
:103970003CEE02C7EA19796A9F822185E400C1B250
:1039800039FF02202FA2E0031FEA8F0F2F24E0044B
:103990001FB1E0019FAFE280C7802FAAF00024880A
:1039A000E0001F9D978FE203CFF305279F8214004D
:1039B0002786E0031474E002D8551401F8000D289E
:1039C0000BE13FE3E3FFC7FEC7FFB782E0031FEA57
:1039D0008F0F275E1700E0031474AF0FE002D84288
:1039E000E0041FB1E0019FAFE280C78027D8E00369
:1039F0001474E002D83700D3E0031474E002D83224
:103A000000D6EA19796A9F82E7FF00BEC07CE00415
:103A10001FA2E0021F6BF0008BDF3FE9E8AF3C071D
:103A2000A50E37A13F9A970FE00016E4E400C746C1
:103A3000E6FECFE8E02E3F3DE200CF82F0413B4E74
:103A4000F8433B16E0433F1EE0000159E200CF83FC
:103A5000E0000149E200CF8101273FE83EE8C7814D
:103A6000E201C7FFC682C4036F846E856C061580B1
:103A70003EE0F0403AE0C685F000C2873E6B3C690C
:103A8000E8A83F873FE837A13F9A978F3C6C3F7F7C
:103A9000C40103153E68E201C67FF0403AFD011AF9
:103AA000E1808F9D00ED3FE83EE8C7FFE201C7FFE0
:103AB000C681C4026F846E856C0600DAF0403B7FDD
:103AC0003FEBC781056BF0403AFD3DEFE201C5FFDA
:103AD00001E8140025853E1B1403E0283E08C004BD
:103AE00038823FE83EE8C7FDE201C7FFC6FEC47F5B
:103AF0006F846E856C06E7FF00BC3FE83EE8C7FEBA
:103B0000E201C7FFC6FFC4016F846E856C06E7FF44
:103B100000B0000008B7F8000C3EC07CE0001AA717
:103B20008F85E00127ADE0021FF41180FA197D684E
:103B3000E000192DF0021CEBF0041C22E0021BB582
:103B40003A63F0403E6313067F81008DE8403FEC0E
:103B5000C7818F05F0403E6FF201C67FE8403F7C91
:103B6000E0010593E8403EECE001C6A636A13E9296
:103B7000F00E3621F0008E8D3F12E8008E58E002E4
:103B8000C74DF0008F0EE80C3E3DE800A489F00D13
:103B90003F1C36A13E99968DE02D3EB6F000270BD6
:103BA000E8403DEEC5FFE201C5FF3D9C35A13D99D2
:103BB000920BF0008D87F8403DFE058AE8403DEE0F
:103BC000C581E201C5FF3E1B36213C9C9189E02C5A
:103BD0003E942E1DE02D3E932E9AF000270BE840D8
:103BE0003CEEC4FFE201C4FFE8403C6DDF102C0F47
:103BF000F8403DFEE7FF05ACE8403CEEC481E20141
:103C0000C4FFE8403C6DDF03E7FF2422E8403CEEC0
:103C1000E8403C6DDEFCE7FF241BE0011F9BEEF853
:103C2000CF3C3F12EEFDCE5CE005C7343E1F8D8ECB
:103C30008E8CE0041458E30D3DDDAE8EE002D71209
:103C4000E0041FB59F0FE203CF10E7FF0581E003FB
:103C50001FBCE0018F3FE200CF01E7FE01F9E80061
:103C60008F0AE200CF03E7FE02F367819F0F178000
:103C7000E70FCF1F6781B70FE7FE00EAE0021F746E
:103C8000FA197D687F0167019F8E37CF27881780DB
:103C9000E800AF8AC004F8000F280BE1E8008F8A23
:103CA000C781E800AF8AC004F8000F280BE10000CC
:103CB000E0041FD88F8FE200CF8201023882E00338
:103CC0001F8F8F8F27FC08B7F8000C3BF0001D2DCD
:103CD000E810975AE81197DAE0413F2EE0413FAFF4
:103CE0003F7FE000026BE810976AE81197EAE04135
:103CF0003F2EE0413FAF3F7FE0000260E0001B2726
:103D00008F86E00027DB1100F0021C3EF0011C9BB7
:103D10003A62E00111FF1381009BE8019FD83AFF4E
:103D200003123FF80510E6F8CFB2E80F3F9AE6FD20
:103D3000CED2E005C7B4E80D3E998D8F8F0DE30E0E
:103D40003DDEAF0FC101E201C17F397C03B63FE226
:103D5000E001C7A637A1E80F3F9AF0008D8F3DE440
:103D600015003CE3E8403C6BEFFDDA7E3DE43AE8C9
:103D70003D673CE3E8403C6BEFFDDA76E00F312134
:103D8000E80F3F9A8E06E002C7CD8D8F2616E00021
:103D90001E9317003FEEC781397E3F6FE201C77F58
:103DA00001088F8D3FABC782E200CF84E7FF05B7E4
:103DB0003F7CC68201F000C7F8000DA80BE10000AF
:103DC00008B7F8000C3BE1FDC018E00019A73FE080
:103DD0008A03C784E0001CA6E00A32213C6FFA196E
:103DE0007C29E003D3EDE8008D08E0032524E00200
:103DF0001EEBEA19792CF000A00DE0041EA2F040A1
:103E00003AEAF00088DDE0021EBEF1FFC2FF3F6229
:103E1000FED8CAF5C7021500E0001CADF0011B1B5F
:103E2000F000911D3E62F0153A9E3AEAF00711FF4C
:103E3000F001127FE7FF10FFE00022793EE0C68428
:103E4000F0001481F8403BE3E8403DE4178000A710
:103E5000F8403CEA8F1CF0008D1DF3FFC4FFE81B07
:103E60003F2AF200CD80053DE8403F6BE3FFC77F6E
:103E7000E80E3F19E3FFC77FE8403F770384F04037
:103E80003BEE3DEFC781E201C7FF3A7FC682012EBC
:103E9000E6FDCF5FE80E3F16F0008C8EE6F8CF3FD0
:103EA0003F19E005C7348F0EE80E3F59276C8F0D80
:103EB000E201CF7F0168F0008C8CF01A3CAEF2007A
:103EC000CD000247E80E3F29F0403CEEF0008D1D8A
:103ED0008F1CF3FFC4FFE81B3F2AF200CD80024590
:103EE000F00E3D2EE3FFC77F00C4E201CDFF011EAF
:103EF00035A13D988F1B8E8B3FEEE8AF3E8137A1F9
:103F0000E80F3F90978FE8403FF20410E00F32A196
:103F1000F2007BC0E80F3F97C501C281E201C57F77
:103F2000E201C2FFA88BAE8FAF1FC602F0403AFC81
:103F3000E7FF0184E0011FEAF0008C8FF0403CFABB
:103F4000E00005E5E0021FEBE0001C2DF000A30FF0
:103F5000E0041FA2E0011C9BF0008BDFF001127F48
:103F6000F0001280F7FF11FFE000224A3E60C60415
:103F70001681E8403DE4E84038E5170000828E8F66
:103F8000E6F8CFBE3F98E005C7B48F8FF040396E9A
:103F90003FDDF000C10127968E8CE201CEFF0112B9
:103FA000F000889CE8403FE1E8AF3E8737A1E80F8A
:103FB0003F96978F3FF105063DEEE8403BE13B6DB4
:103FC00038EFE8403F62E201C77F3A7EE6FDCFDE90
:103FD000C6023F9901D5E201CDFF0111E00F32A1E8
:103FE000E2007F403F9E35A1E2007F043D9EC281FA
:103FF000E201C2FFF000A98BAB0FAB9FC501E2014C
:10400000C57FE8403D79E7FF01B1E0021FA13CE038
:104010008D0FE000C4C03521E2007C04E003D2D063
:10402000F00A34A1E00114FF3C62E003D303E00096
:1040300022FAE0001B2DE2007D84148022338E0BD7
:10404000E0001F9317000088C7013EEEE201C6FFA3
:104050003A7DC78205A7E0408E9F3EFC01F68D0F9A
:104060008E9B3D7D01F23FEEC7B137A33F96E00E38
:1040700034A3F0008B0FF0008B9F8BAF88BF8C4F69
:104080008D5F8E6F8EFF3FEEE2007F7C3F9EF000E3
:10409000AB0FF000AB9FABAFA8BFAC4FAD5FAE6F47
:1040A000AEFFC4813FE9E201C7FF3FF5C58204C707
:1040B000E0001C093CE0E00A32A3E000C4FCE0039D
:1040C000D27FE00432A1E0001C263D64E2007C8443
:1040D000E003D2763D64E2007C843C62E003D2706F
:1040E000E0011D9B1681178000828E8EE6F8CF3F7F
:1040F0003F16E005C7348E0EC781E201C7FF3ECCF4
:104100003FF5AE8EE6FDCF5F3F1B01F0E9393FD9A9
:10411000F000AC83E800AF88E002C068F8000DA8AA
:104120000BE1AA83E800AA88E002C068F8000DA8A5
:104130000BE1EA19792C3AEAE7FD00FEE0031FBC27
:10414000F00019A7E0038FAFE8008D83E200CF8075
:10415000F0001309178FE076392FF0001AADE00058
:1041600025E4F0403BEBF1FFC3FFE0001F90FED8D9
:10417000CBF7E0001C26F0173B9F1500F000120A59
:104180008E088C98E0001F8817000088C7013EEE5B
:10419000E201C6FF3DFDC78805BAE0408E9F3EFCA8
:1041A00001F68E8F3EF901F3E00D37233FEEE80D67
:1041B0003E95C7B13CED37A33E6DE003C4893F6D2A
:1041C000E80F3F95E003C68BF0008889E003C60A3C
:1041D0008C8FE003C70CF000890D8E0C8F0EE84029
:1041E0003CF6E80D3E21E80F3F22E201C6FFE20166
:1041F000C7FF0584C501E201C57FE92F3F942F84E5
:10420000E92D3E942684C501E201C57FC402F04039
:104210003BF8E7FF01B7E0031F9D8F8FE9363F961C
:10422000F00023032D19EA197F288F8E278EC7FFF0
:10423000E201C7FFAF8E2789E0041FE61701AF0F29
:104240001780E800AF833882E0041FE68F8FE2001A
:10425000CF8101773882EA197FA81714AF0F00EDDC
:1042600008B3EFFAD51E2C0AEFFFD550EFFAD51997
:104270002C0209E109A1E7FB00A5E00019A7EFFF67
:10428000D545E004193D8F83E002B7D2EFFFD11E80
:10429000EFFFD53C8F83E002B7E2E002D992EFFF57
:1042A000D5358F83E002B7F2EFFFD530DC34EFFF76
:1042B000D52D8F83E003B782DCFCEFFFD5278F83FA
:1042C000E003B792D4C2EFFFD5218F83E003B7A2FA
:1042D000DF36EFFFD51BEFFEDF378F83E003B7B28A
:1042E000EFFFD5148F83E003B7C2D997EFFFD50E48
:1042F0008F83E003B7D2E003B7E2E7FF00B7000027
:1043000008B7F8000C3AE0041FA21301F0008CCFAC
:104310003B2B8FDFF0193CBBE201C37FE0B93B0FC1
:10432000F201C4FFF00024BBE0033B3AE0023DBAD7
:10433000F1FFC4FF1202F201C4FFF0403D64F040FF
:104340003C683BEBE201C1FFE201C17FF000C483A6
:10435000E0001280F01A3D19F0403C743FE43CE26A
:104360003C63C7FEC2010204F0403D7F0307EFFF3C
:10437000D3E5E0253C65E0433A95E8403A79399742
:104380003916E201C1FFE201C17F01E7E200CAB1D3
:1043900005053C65F8000D280BE112803C65F8002E
:1043A0000D280BE108B68F693F7801258F793FE82A
:1043B0003F7F140001020B618B298AB9E00191A9AA
:1043C000E0018FB9396912012788E0002B4DE00424
:1043D0001FC18F8F3FF602B6E0018FC227872AA246
:1043E000E0021FB58F8F3FF5028BE02839B4E04320
:1043F0003C180B618B098A99E001919900E23CE538
:10440000C481E201C4FF3C66EFFFD3983402E00FA1
:104410003C133C64C4013A68E043399FE201C27F27
:1044200000E53CE5C4FFE201C4FF3C66EFFFD38634
:1044300039983C64C4013A68E0433993E201C27F91
:1044400000D03C66C4013CE5E201C47FEFFFD376B7
:1044500039983C64C4013A68E0433993E201C27F71
:10446000E7FF00BC3C66C47F3CE5E201C47FEFFF90
:10447000D3653998E04339931202E7FF00AA0000A0
:10448000E0001F0C3FE88E8EE001147FE0001F2D3E
:10449000E00026DCE0001EA78E8D3EFFE00005D682
:1044A000E0011EEA8D8DE00025D13EEFE001C6A6B9
:1044B00037A136A13F9E3F1DE002C7CD8E0EE0041E
:1044C0001F2A8D0FF0403AE81780F00013878E8E78
:1044D000E201CEFF01348EBE3EFC04B18EDE3EFC16
:1044E00002AE8ECE3EFA04AB8EEE3EFA02A88E9E4F
:1044F0008CAEE00D3E2DE0413EADE201C6FFE0098D
:104500003D29E0413CA9F1363BADE201C4FFF0009A
:104510002317F1363BA9F0002313E1363EE9F016EC
:104520003324E12D3ED9E80D3E96E201C6FFE84076
:104530003EF503853C6F2689F0403AEDC781E201E4
:10454000C7FF3FFBC70701C43882E0031F9D8FAF41
:1045500027A8E0031F323F1FEA197FF88E0E3C9F09
:10456000C6018E893C1FAE0E8D88269CE12B3EDB5A
:10457000E201C5FF2516C57F3F6FE201C57FC70178
:104580003F1A00878E883EFC01083FFE010A8E8993
:10459000E1808E1F3E7D01F73FFEE040AD9F01F8B8
:1045A0003882AD893882E0001FADE00F8F0FE20046
:1045B000CF0101023882E01196EFE0031F1D1600C3
:1045C000E209CEB0AE3E050AE0001F9D978FE206DD
:1045D000CFA005711781AFBE3882E01197AFE20A14
:1045E000CF940569E0001F9D978FE206CFA002736C
:1045F00000E208B2E0021FA1E0031E9D890F16072A
:10460000E0031F31AE1DEA197C78E0031EA5178078
:104610003D621480AF8EAF9EAF8DE003D00BE00201
:104620001C3DE00A312114800921E0600083000074
:1046300008B7F8000C3EC0688E388E988A288D081E
:1046400017003E7DE12F3A5A7F01E13B3A6A3BE891
:10465000E13E3E5DE13C3E6DE1243FA4048517014F
:10466000E1243FAA7F0117007F0227863F6FC77FA3
:10467000E201C77F7F02E0041EC1F0007D838E8DC2
:10468000E8403EFB0587E8403F6BC701E201C77F7A
:104690007F03E0021EB58E8DE8403EFC0588E840B1
:1046A0003DECC581F0403E6BF201C67FE0031E9DEC
:1046B000E200CA008EBDE86F392BE200CE80F040E8
:1046C0003DEF12B2E00117C8E06539AFE00013001A
:1046D000F00114FFF7001401E8403FEEC781F040FD
:1046E0003E7FE0002266E00101210204E8403FEE47
:1046F000C7FFF0006D906F9117816703E8403F7B23
:10470000E00002E517FFF8403E7E778AE00005FBF7
:10471000167FE8403FEEE80C3E1BC7816E186F998C
:1047200039E0C190F8403EE9F8403D6811008C0343
:10473000E201CC7F010F8F93E201CFFF3CEF010A32
:10474000EFFFD1FCE8403C7A0505F0403EE2F04046
:104750003D68C101E201C17FE200C903C18401E8F3
:10476000F0403D75E000046FF201CEFF01183EE617
:10477000F01D36A2E2007F10C6816781F01D3E9ECB
:104780003B6DF8008D8DF8008F1DE201C37F27AFD0
:10479000E0008FA7E8403FFBE000014FE200CB0FB5
:1047A000E7FF019C3C66C018F8000F280BE1E00011
:1047B00001410204E8403FEEC7FFF0006D906F91A9
:1047C0006702E8403F7B03A217FFE80F3F9BE2012F
:1047D000C7FFF8403E7E6F94F0006F15059FE840DC
:1047E0003E6EC6016F986E19E7FF009C8F87E84008
:1047F0003FFB01D58F97E8403FFE01D1E0433C16D7
:1048000000D3177F770CE7FF008D17FFF8403E7E3F
:10481000778A05F81601E7FE00FEE8403E6EC67F87
:104820006F986E19E7FE00FE17FF7788E7FE00E637
:1048300017FF778800C68FB7E8403FFEE7FF01B05B
:1048400000DE1410C018F8000F280BE108B7E003D1
:104850001FDC8F8FE200CF820105E7F811983C63DF
:104860000BE18F488F988B288E888AB8E200CF02A0
:10487000E1273ADFE1243B5DE1253AEFE1263B6D9C
:104880008FD802A33EEEC6813EFF031F3A76E000BA
:1048900002C2C381E201C3FFE0FF11FF3AF7058FB7
:1048A00039673CE23C64C101EFFFD148E201C17FBE
:1048B0003AF2E0233C53E043399301F4C201E201B0
:1048C000C27F3B7403EC00CCE200CF8202C7C781F9
:1048D0003FFE0344C201E201C27F3B74E0FF11FFCF
:1048E000E7FF05BF3BF53967028E3CE23C64C1013E
:1048F000EFFFD124E201C17F3AF2E0233C53E043D1
:10490000399303F4C201E201C27F3B7401EC3C63C2
:104910000BE1E0FF11FFE7FF00A4000008B7F8007B
:104920000C3EC068E0001E27FA197A78F0008D0C62
:10493000F8403CE4F200CD01F8008D890594E84090
:104940003EEAC6FEE8403FE9C781E201C6FFE84013
:104950003F693E9FE0808F9E3EFEE93B3FEBF201C8
:10496000C5FF01F9F0001680F0001601F00225E401
:10497000F0007D86F8403DEAF0007E85F00125F6E6
:104980001100F0001681E001137FF8403AED3BE2A0
:10499000F0403C62F0403BE23AE23A6239E23E6289
:1049A000F0403B66F0403EE20089C1013FE2E20197
:1049B000C7FFF0403DFFE001058DE80F39198F8FEB
:1049C000E8403FFC01F3E0001F2DE00F31213F9E46
:1049D0003DEFE002C5CCE002C7CDF0008D0BF0004A
:1049E0008F0FE8403C6AE8403CEEF0007A81F0002E
:1049F000C681F0007B02F201C6FF7E03F0007B84DB
:104A0000EFFFD09C3998E8403CEEE8403C6AEFFF6D
:104A1000D095E8403CEEF0A43D08E8403C6AEFFF4A
:104A2000D08DF0A53F08E8403CEEE8403C6AEFFF3F
:104A3000D085F0006384E0433993E8403C77F00090
:104A40006281F00063026603E0010267E0001F2D4F
:104A5000E00F31233F9E38EFE003C08D3C6F3CEF09
:104A60003D6F3DEF8881E003C78C8F8FE200C880E7
:104A7000E1273FE71780E86F39A5E003C50AE003A7
:104A8000C58BC101E003C408E003C4898D0A8D8B86
:104A9000F0403AEF3FE28C088C89E201C7FFE12E3B
:104AA0003D6CE92D3DD6F0403DFFF0183C18E12665
:104AB0003CD63E6EF0403B6DF201C47FE201C37F05
:104AC000E201C67FF201C37FE201C3FFE7FE02F706
:104AD000E8403DEDE8403EE83F66F0403C6CE000D9
:104AE00025C5E40F31CF3F93E64FCF8F3A1F648542
:104AF000E0243A333A9FE0021DBD678534A13D9919
:104B0000E201C27FE0001E2DC7B1E0233AB337A314
:104B1000AA0B3F9C8C0BE201C1FFAF1FE0001F1DE1
:104B2000AE8FF000AC2FF000AB3FABCFF000AADFB0
:104B3000A9FFAC6F978EA99BE8403FF70187E00083
:104B40001F9BE0001E1AAA0FA98CE0041F29A78E44
:104B500027843F99F000B38FF0006685F000C6818E
:104B6000F201C6FFF0007E85F000C6016786F20103
:104B7000C67FF0403E7FE7FE0583E0001E27F00081
:104B800066858F8CE0031A25E8403FFDF000AE8477
:104B9000F00A36A105B3E840396DC17FE201C17F5B
:104BA000F00026D1E00219BDE0073121F0041D29F3
:104BB000E0041B22F0021C6B3B9312818D878F97C0
:104BC0008F56E800A68AE00C3BA3E0AF3D8E3E9CEA
:104BD000E800A708968D37A13F9E3C623CE5C17F67
:104BE000B68FE201C17FEFFEDF96E201C97FC3FE0F
:104BF00001E6F0008E84F00A36A1E0001F27E002F3
:104C00001CBDE0001C26F000AE8EC018F8000F2876
:104C10000BA1E05900D5E8403CEEE8403C6AEFFECD
:104C2000DF8DF0403BE8F0006281F0006302660334
:104C3000E7FE008EE0031FA5E8403D6DF000AE8F5B
:104C400000DDE8403D6D00DA08B7F8000C3EE1FDFC
:104C5000C000E0001F9CE000189D960FE0001AA71E
:104C6000E0413FCC96818A05E003191DE00B37A196
:104C70003EFBAA021703040637A23EFF1702E00418
:104C80000321EA197EEFE200CA01AF0DE00305FE41
:104C90003C64C47FE0001F90E6D8CC781700E000A9
:104CA000157FE0001DA63C1F3E6E3CEA8E8B8F9B5D
:104CB000C5823C7BE1293ED9E12C3EECE12A3FDA7A
:104CC000E12E3FEEE201C4FFE201C67FE201C57FB3
:104CD000E201C77F01EC3EEC3FEEC681C781E00CEC
:104CE0003EA9E00E3FAAE201C67F1787E12F3FAC45
:104CF000E201C77FE00327C0178AE12F3F1FE003CF
:104D000027BB1781AFD2151EE0031C37E00114FF4B
:104D1000E002DC90EB9B7F70E9FFC77EA30E118061
:104D20003C63C181DBAEE201C1FF3A73E180AC16A6
:104D300001F83F60E0041FA9E001C700E200CA01DA
:104D4000BF0FE003013ADC3017A88985E0006FEC63
:104D5000DC51E200C981E00305AFFA197C78E84034
:104D60003FE8C7FFF0001F1016803F931702F04086
:104D70003E60F0403DEDF001C63CF8403D6EF00075
:104D80007C027E847F057F86E8408C2AE8408C9AEE
:104D9000E0006C64E0006CE5F0006DEAF000258551
:104DA00066828F8D2F86E8403FEB6702C781AF8E0A
:104DB000668267863FFDE002017FE8403FEBC781E6
:104DC000E201C7FF39FF7F83E0020176E8403AEA5B
:104DD0003B6F008CC301E201C37F39F6C282E0035E
:104DE000010DE0004C64E0004CE58F858E95E00EEF
:104DF0003C2FE200CF00E0006FE6E0006EE7E0004D
:104E00006B6B0203E00E3FA8E00F3CADE201C77FF1
:104E1000E200CF80E0006F680203E00F3EA98E92AF
:104E2000E201C7FFE0006FE9E12F3FAD2FD4E12E93
:104E30003F2D2F51EFFEDE82E0004CE7743BE00097
:104E40004C66EFFEDE7B57BB3F683F9E3781E2003A
:104E50007C6477BA773CEFFFDBEDEB9B7FC4E9FF27
:104E6000C7FEF80F08073EEFC6A0E0029DCFF81C72
:104E700008173F60F80D0801E001C75C3E6056BAB4
:104E8000E8403FECF80E0811E001C666E0006C72E5
:104E9000E00075F2970F3F7DE0020439C7863FFCC2
:104EA00001FA6704E0004FE86685773EE200CF81B3
:104EB000170076BDAF22E002058C8F123FFEE002A4
:104EC0000390E0004FE93FFEE002038BE0004EE577
:104ED000E0004A66E0004F64E0004E67E00418A27C
:104EE000E1273A5EE13D3E5DE1243A6EE1393E6DF7
:104EF0008EF117803BF4E0006FEFE0006FF0E00010
:104F00006FF17E878FE1E002010C3E64C601E20191
:104F1000C67FF8403EF9E0060136E8403FE9C78128
:104F2000E201C7FF3E27E80F3FADE201C67FE20185
:104F3000C7FF3A777E087F89E00604D4F0403F67D8
:104F4000E8403D6E1580E8403CE9E8403C6DD9D929
:104F5000F0183F27F000C701F0183421E2007F3C31
:104F6000F201C77FF0183C1EE8403A7EE800B40822
:104F700003E8F8403CFD049EF8403F6DE8403D6E7C
:104F800015813CE43C67EFFFD9BDF8183F2DF000D8
:104F9000C701F0183421E2007FD0F201C77FF0187A
:104FA0003C1FF8403CFEE800B40803E93A77E00112
:104FB00004DCEA1978EFE0021FEB8C81F000620755
:104FC000F000A18FF0403BE7F0001309F8403CFDF2
:104FD000E00104C3F00B3BA7E00F35A1E2007EBC6B
:104FE000F0403AEB3F9DF8083A379D0FF400C28A33
:104FF000F02B3B2BE8403E6D00A117800487E200B8
:10500000CC82E8403FE2E86F3921F0323B2EF000DD
:10501000908DF000210AE80E3F153721E80E3F1C65
:105020002583F000B08EC601E201C67FE80F3F91F4
:10503000F0403CFCB78DE0010490E80E3E2DE00FFF
:105040003721E20078D03F919F8FE00D3C1C3F9AC2
:10505000E200CC81E0433F9F36A1E80D3E93F6CFBE
:10506000C90FF6CEC88F01CA1086E02F3FB1E3FF0B
:10507000C7FF00CC1787E12E3FAE2707E000178A55
:10508000E12C3E1FE0002E49E0031C371780151E5F
:10509000E00114FFAFD2E002DACDE7FC2A3D3F6029
:1050A000E0041FA9E001C700BF0FE003C000F80043
:1050B0000F280BE1DC34E003C000F8000F280BE1FF
:1050C0003F6CE5FFC77AE02E3F1DE7FB00DCE00008
:1050D0004F69E200CF01E7FD02F21781AFA23CE683
:1050E0003D63E8403C6BC301EFFFDA31E201C37F6F
:1050F00039F6C282E7FC01F76702F000C502C7017A
:10510000F00065837F02E7FC00C1971F97AF7F0522
:105110007F84E7FD00C81782AFD2E7FB00F61601D7
:10512000E0006E6FC7FFE0042BD81601E0006E713F
:105130002384C3FFE201C3FF3E643A7FC601E2015C
:10514000C67FE7FD03683FE4C7823A6C3E6FE20129
:10515000C67FE7FD00E0F000C381F201C3FFE84035
:105160003A77E7FE03B56708E0FF16FFE200CF02DB
:105170007E8A05B9E0004FEF2FB6F0403C67F000A3
:10518000C401F201C47FE8403A7805AD798AF04065
:105190003F6F7B0B39ED7A8CF8403CFDE8403B6D6E
:1051A000E8403AEE04923CE6E8403C68EFFEDCC69C
:1051B000E200CC00C301E201C37F3C150503E043DC
:1051C0003A98F0403CF603F0F000C401F201C47FCD
:1051D000E8403A78E02339D501E03F63630B628C05
:1051E000618A7F0AE0FF15FF6789E200CF8205B57B
:1051F000E0004FF02FB2F8403C6DF000C401F20126
:10520000C47FF8403CF805A9798BF0403F6F7B0CD8
:1052100039EB7A8D3A773B67E8403AEE04913C6689
:10522000E8403CE8EFFEDC8AE200CC00C301E2018A
:10523000C37F3C150503E0433A983A7603F1F0004A
:10524000C401F201C47FF8403CF8E02339D501E302
:105250003DE3630C618B628DE0004C6AE2007CE40C
:105260007D81D8A1F0403C68E0004C6BE2007CE41A
:10527000D89AE0004FE4F00A3C18E0433D1A54BDD0
:105280006581E00227B3E0041E418E0C3E7FE00200
:10529000012DE0051EA2EA1978EFE2037F80E0CA43
:1052A000BEAF670AF0008B816689E80C3F97E02F5C
:1052B0003F3D67088C0CE02B3DBEF0031C2FE02F18
:1052C0003FDBE0031DDCF0031F00E00C3CBA3FB8FD
:1052D0008D8BE0006C6CE800BF88E800BE0EE0003B
:1052E00025C3E0004E6AE00318B73E118D0CE201C1
:1052F000CD7F011DE0004E6B3E118E0CE201CE7F92
:1053000001163D7CE0020174EFFEDB62242CE0001C
:105310004FF2E200CF8702A7E800A608E0001F0CCA
:10532000E00F36013F9CE800BF88009FF0002B9CF7
:105330001602E12B3E2BE0001F0C2597E0001E9D7E
:10534000960DE206CE200511E0004E72E200CE0579
:10535000028CE00C37A2158AE02C3E3B3F9CE80013
:10536000BF880083E0001F0CE2007C647F01EFFF38
:10537000DA6FE800A608E800A78E67013E7FE0012B
:1053800005421782AFA2E0004FF28D8EE200CF8E71
:10539000E00102DBE200CD828FA2E00101EAE00041
:1053A0002FE58E52E0004FE8E200CE01E00201431B
:1053B000E200CE02E00101E1E0012FDFE0004FE971
:1053C000E200CF83E00105BDE0004FE9E200CF81BC
:1053D000E00002CCE0031F8F8F8FE00027C7E002C0
:1053E0001FA6E0021DFDE00E8C5FE00A3A27E00CEC
:1053F0003C17E00F3C14E002C65EE002C7DE362137
:1054000037A13E1B3F9B948C978FE200CD013F99C3
:10541000E0093781E00205293D67C501E201C57F4A
:105420003A7AE00205A83FE83E64E002C7DE3F9A10
:10543000C67E3E2737A1E201C67F3D18C7FE3E1A51
:105440003F9BE0021DE236213E1BE0FF15FFE0809E
:10545000971F3E7FE02B3F5B01FBE00417D8E02F56
:105460003CEF3FFBE000046D3A7704ABE0021FEB3A
:105470006487F000A30F3C67F8403CFD049DE00BFF
:105480003C27E00A3CB8E400C58AE8403F6D0000D4
:10549000E80F3F2D3F9B37A1E00D3F1AE80F3F9CDF
:1054A000C7019E0F36A1E201C77FF00F3B1DF04000
:1054B0003CFEB60F03EEC401E201C47F3A7803DD7F
:1054C000E0031EB7E0004F6AE0004FEB3F1D3F9D39
:1054D0008F0E8F8F3F7FE7FC01848FA2E200CF8287
:1054E000E7FB01FFE7FB00FBE0004E663E7FE7FDC8
:1054F00001D2E00C34813E19E0433C9C74BDE7FDD1
:1055000000CA8FA28D8EE200CF82E7FE013EE7FF48
:105510002FADE00318B7E0004E6AE0004FEB3E11FC
:105520003F918E0C8F8FE001157FE02F3F8CE12C97
:105530003E0A3FDC279817CFE0283C2F241417821F
:10554000AFA2E7FF0093E0031F37E0004E6AE000E0
:105550004FEB3E1E3F9E8E0C8F8F3E7FE7FE011C61
:105560001780AFA2E200CD82E7FE011D8FA2E7FE09
:105570002FFDE0004FE8E200CF83E7FE05A7E7FE3E
:1055800000F517816587E0006FF0C5FFF0002EA1E0
:105590001781E0006FF1F0002689E8403F6DC77F7A
:1055A000F0403EEEF201C6FFE8403FE9F0403CFB30
:1055B000C781E201C7FFE7F90337E8403DE9C5824B
:1055C000F0403CEF3FEBE201C7FFE7F900ADF040F0
:1055D0003EFB01E200DE3BFFE7FB01ACE7FB00A77F
:1055E000F8403CFDE7F903CAE7FB00BFE00C378158
:1055F0003F9CE800BF88EFFED9EB2426E0004FF285
:10560000E200CF8702A1E800A608E0001F0CE00F2F
:1056100036023F9CE800BF888FD2E7FD27A7E00055
:105620004FF2E200CF89E7FD02A11782AFA2E7FDAA
:10563000009DE0004E69E7FF2E20E200CF83E7FFE8
:105640000580E7FE0093E0001F0C8F8EE200CF8103
:1056500001E48FB22FE2E800A608E00F36013F9C7C
:10566000E800BF8800DA1782E0FF15FFAFA2E7FD70
:1056700000F6E0FF15FFE7FD00F20000E0011FEA81
:105680008F8FE001279908B7F04038EFF04039EAF2
:10569000F1FFC0FFF000C181FED8C8C1F201C1FF17
:1056A000E010352438EBF002C0D0F00231A4F01045
:1056B0003818C0FFF0403968E0031A5EE0041B6947
:1056C000E0051A88F002C140F01138983918E0015D
:1056D00011FFF000C00438AA3D7B03A4F8008BC280
:1056E000E8008F80E8403BE2E82F3F87F0403B6ACC
:1056F000F1343B832783F0002A1DF0403AE1F201A8
:10570000C2FF3EE2170000898FCDC701E82F3F8717
:10571000E80F3FD4C6902F8DE8403F75F016399EB4
:1057200001F4F000C110F840397101D73C690BE178
:10573000E8403FE7E400C786F01633243F98E003D3
:10574000C7E08F8F2F93E8073C16F0009A97F00F71
:1057500033A2E00E3B1F9E87F000B29E3F95F00003
:105760009B9EB68EB68FF000B39FE00F34A48F4798
:105770003F9CAF4FE80E3C169E97F0009B87B69F6C
:10578000F0163B14F000B38FF000C1108EDEF8402D
:105790003971AEDFC4818F6EE201C4FFAF6FE800E4
:1057A0008F76AF7FE8018F06E001AF0FE7FF01962C
:1057B000E7FF00BE3C69388208B7E0041C2AE0001D
:1057C0001546E00114FFE002D735E0001FA78A0F5D
:1057D0002223E0041FAAE0001E26E0001F07168017
:1057E00039EDC181AE8F3EE3890C889C8C0E8C9E76
:1057F0008D2E8DBEE201C6FFA91F3EF4A8AFC7875C
:10580000E040AC2FC602E040ACCFC708E040ADBFDF
:10581000E040AD1F01E6E0011FEA8C8FE00024DBD1
:10582000E0041FA2FA297A00F000886FF00089FFD7
:10583000E84038E0F84038E3F0403B69C0FFF1FF52
:10584000C0FFF003195EF1FFC37FE0031FD7140010
:10585000E201C0FFF201C0FFFED8CB46E800894458
:10586000E0041DAAF0001B89E0433B81E843398135
:10587000E8403D62F0163B1FF0403AE83A683B686A
:105880003AE88ECAE201CEFF011E3FEDE400C78672
:10589000E80F3F92E003C7E08F8FE200CF81011352
:1058A0003EF20119E8403F64178000848E4E3E7D31
:1058B0000114C781E201C7FF3FF9C71001F83C6638
:1058C000F0403AE5C510E8403D76C587F000C38852
:1058D00001D90BE1E0001780E8008F07E200CF015B
:1058E000E0000148F00022A48F3BE8403EE58FDB5A
:1058F000E201C6FF3F1DE0433F0E3F9DE0433F8F67
:10590000F040387EAF3BAFDBE0000275ABBBF04050
:10591000387FE0000279ABDB8F1BE0433F8EE80C61
:105920003F95F040387CE000027DA89B244C8F4BD3
:105930003EE88FEBE201C6FF3F1DE0433F0E3F9D77
:10594000E0433F8FF04039FEAF4BAFEB0234A9CBC1
:10595000F04039FF0238A9EB8F2BE0433F8EE00C7B
:105960003F98F04039FC023BF000A8ABE7FF00ACE9
:1059700037A4F00E3A1F9E8A9F0EE0153EAE3EFE03
:10598000F8413AA5F015328A0383F8413AC5E80F89
:105990003F949F1A9F9FF8433A85E0083F2F3F7F2F
:1059A000E0413C28340A0383E0413C48E0433C08A2
:1059B000E7FF009AE200CF00034CF04039FFE0001F
:1059C000AA4B054AE200CF8003488F2BAA6BE04325
:1059D0003F8EE00C3F98F04039FC0547E0413E48DF
:1059E0003FFC0304AA2BE7FE00EF3E9EAEABE7FEB2
:1059F00000EBE200CF00E7FF030CF040387FAA3B4A
:105A0000E7FF050BE200CF80E7FF03088F1BAA5BCF
:105A1000E0433F8EE80C3F95F040387CE7FF0507F8
:105A2000E8413E453FFC0304AA1BE7FF00813E9E80
:105A3000AE9BE7FE00FDE0011F918DAF8F3F8E4FC3
:105A40008EDF8D0F252F8D1F2D031501AD1F1480A7
:105A50008D1FE001AD3FE0002DDDE0011D9E150032
:105A60003D998D8BE001AD8FE0002E46E0031E22B4
:105A700015803E1A8E0CAE7F2EB0E0021EB11600CD
:105A80003E9B8E8DE001AE9F27061694E12E3F5D72
:105A90003E6EC67FE0001F063F1C8F0EE001AF2F59
:105AA00038821703E001AF3FE0011F1EE0018F1EA7
:105AB000E001AF0FE0031F22E0018F1EAF7FE00285
:105AC0001F31E0018F1EE001AF1FE0001F06E00163
:105AD0008F1EE001AF2F38821614E12D3EDC3DED24
:105AE000E0021EB1C5FF3E9B8E8D1600E001AE9F09
:105AF0002F4D00D11594E12C3E5B3D6CE0031E223E
:105B0000C57F3E1A8E0C1580AE7FE7FF26B800E5F4
:105B10001514E12B3DDA3CEBE0011D9EC4FF3D99DD
:105B20008D8B1500E001AD8FE7FF262200E4E00138
:105B30001F911680AE8F1603AE1F170AAF2FAF3F0F
:105B4000AF4FAF5FAEEFE7FE00F8E0041F508F8E5F
:105B5000E201CFF90283C781AF8E3882E0041C795D
:105B6000E003151C1480E04A00E50000E0041CF985
:105B7000E0031F5F8D098C0EE00F3C9A1700AF2FDA
:105B800024193F6A3DE8E400C728C5FFE0031ED79B
:105B9000E6D8CDCBE0031FDE3F193D9D9E0F9E9FB3
:105BA000C790B66E3FFBC704B6DE01F9E00F3C9A22
:105BB000AC2FC501E201C57FE200CD0A0112AD099B
:105BC000E0001780E0041F78E0041E77E0808E9EDE
:105BD0003E7EE12F3EEFE201C7FF01F9AF99388227
:105BE0001780AF8900EE000008B7F8000C3EE1FC1A
:105BF000C054F0031DDFEA277F86F8008F0B3BEFD0
:105C0000F00127319F87C781E3FFC7FFE200CFE4A0
:105C1000E00102B2B787E0031EBCE0048FDDE200C2
:105C2000CF81EA277F84F0403C6FE0010134E80037
:105C30008F88E0012F9CE0031E66E0001F3F9D8CD3
:105C4000E00318D39D0E3CEB9F8E88819F0EE201EE
:105C5000C4FF3FA97887E201C7FFB70CE00028FE28
:105C6000E0041C481703E12E3FEEE201C77F8E08D7
:105C70007F0D2603C67FAE08F0002708E0018F3DA8
:105C8000E200CF01E0060116670DE0018FCD7F092C
:105C9000E406C720E200CF83E3FFC7607F0BE0008C
:105CA000016FE0018FCDE01116C0E200CF847E9637
:105CB000E0000166E00318C83C601100152814805C
:105CC000E001C440A901E002D4B5E0011C6A8A08E1
:105CD000F0002F66E0031FDC890FE0052961223107
:105CE000EA277FD439E4C1FF3D6FC501EA277C482C
:105CF000EA277DB4EA277E20EA297F00EA277E94FE
:105D0000E201C1FF399AE8403D6EE8403CEE137F66
:105D1000E0001281E180AD1FC71039FFE180AD18AE
:105D2000E180B49BE180B49CE180AA9DE041AB4E50
:105D300001F2E0011F93F0403F62AD0FE00100AAC5
:105D4000E0011F93F000AF0FEFFFDD38E0041FD03C
:105D50001700AF0FF800AF0BE003C02CF8000F28BE
:105D60000BE1F000B707E7FE00D8C7FFE800AF88F7
:105D7000E7FE00E3E00017E4E7FE00CE670BE02358
:105D80001780E40E3721E40E37407F0B7F96E7FF44
:105D900000931783E800AF88E7FE00CF67096789A3
:105DA000E400C732E400C7A8E40E3724E40E37400D
:105DB000E40F37A4E40F37C07F10E0191700E12E7D
:105DC0003FDE6789668DE40FC780E0011C93E3FF27
:105DD000C7807F8FEA277FB47F8AEA297F803B6F65
:105DE000EA277FD4E400C6E07F88EA277FC8F00373
:105DF0001CDEF00066077E98F0007C197B9BA909E9
:105E00007F1A7F8EF0033624F00D3C93894DE6FC1B
:105E1000C942397403B23FE2E400C786E80F3F99F4
:105E2000E003C7E08F8FE200CF810127658AE0079A
:105E300031213D979E0BC601B60B2F8EEA267E5C64
:105E4000EA277DA0E00A31229C0D9C9D3E1A3D97D9
:105E5000B78BB40CB49C3FE6F00015008F4FC79091
:105E60003F72E001013CF000C501E8403F6AE201F9
:105E7000C77FE0403F7404F3F000C601F201C67F23
:105E8000F8403F7CE7FF02C0E00318D389012215E8
:105E90003EE4C6FFE0031E57E6D8CECD3F60E003E8
:105EA0001FDEE002C7103E9CF80F0803C7903EFFBC
:105EB000F80E0813C71001F9F0002756E0051F8CF3
:105EC000E84039EEF0009B8FE0041FA5C1FF9B8FD7
:105ED000E0031FD7E6D8C9C3EA277C48EA297A80BD
:105EE000EA277B60E0031CDE399FF000130000848A
:105EF000C4903CF301388D49E00F3C1A8E0F26798F
:105F000022783F653EE61780008DE200CE02E00079
:105F10000152C7813DEFE201C5FF3DF4C710C690B5
:105F200003E8E200CE0101F28DCE3DFA01F337A481
:105F30003523E2017DC03F953D1B9F0FE00A0E0D0A
:105F40009F9F3F1C3F9DE82E3F57E02F3FD7E82EF5
:105F50003F66E82F3FE6B709C490E040B7F9E0405C
:105F60003CF301CAE0032119E7FD2272EA297F8090
:105F70003E64C67F3DEFEA277F60E6D8CE4CC590F1
:105F80003EE0E002C6903E1BF80F0803F80E08132F
:105F9000C710F80D0803C690F80F0813C7903E7F8E
:105FA00001F4E0041FD01700AF0FF800AF0BE7FDBE
:105FB00000D58DCD3DFAE7FF01AEE2017E4037A46A
:105FC000E00E35233F963F1C9E8FE00E0D8C9F9F69
:105FD000E00E3E9B3F9CE7FF00B866883A623E9227
:105FE000E400C205EA1A7F9CF01A35248A8D322516
:105FF000E80D3B1A3A1FE8183999F0008EFDE003CE
:1060000022AAE01732A5F1FFC3E0E80F3A17F80F14
:1060100008073DE0E001C580F80B0817E200CA81DF
:10602000E0019D8B7D8CE00205D6F0403BEFF1FF57
:10603000C3E0F81708073FE0E001C7A0F201CEFF78
:10604000F80F0817E8009C08E8009C98E00201524D
:10605000E0018F8DE201CFFFE002014CE80F3B1A17
:106060009D9F9D0FEFF9DE11F0403BE8E8009C9802
:10607000E8009C08EA267FDCE00D31223F9D9D9FD1
:106080009D0FF0007B81EFF9DE00EA277FA03F97AC
:106090009A8FF00063817C17E8053A97E3FFC2FF0F
:1060A000E21FCAA0E00202B4B28FF01A3D166508E2
:1060B000F8009E88E8009F98670AF8008C683D12F7
:1060C000E8009D8A8C0AF8009D1A3F17F0007C13A7
:1060D000F00D3EABE81A3FAA9F0EE00624313CE8E3
:1060E000C4FFE6D8CCB9C4A03D643C94E0001600DF
:1060F000E0019D8AC5203D793E1BE3FFC67F01F983
:10610000E02C3E38E3FFC67F7E15EA277E143E1260
:106110008D8CE0022D84660C60983E710505E84088
:1061200038F7E0060438E0014E00E0005DC8E40105
:10613000C62014803DFC7C92050AE0014E20E00060
:106140005DD8E401C6203DFCE0060215660B650C37
:106150003E1AE8403E77E00204256596F0403BFB9E
:10616000E0060583E203CD0F3E6AE400C603E007C4
:106170000289F0403BFCE006021E161410807E11DE
:10618000E0007894E0011D938E0BE200CE01660ED4
:106190003E12E00501488E0CE0062669659AE20091
:1061A000CE01E004012EE200CE02E8403BE7F00021
:1061B00014000194E0014DA0F0005B586089F036B6
:1061C0003B3B660EF0163301F0163B3115803E1254
:1061D000F3FFC37FF9383B17AD8C660FE23ECE402C
:1061E000058A6499650F8E09E200CE00E03E1640F4
:1061F000E06C39AAF1373B9CF00023871603E12CB1
:106200003F1CE0032E0CE00418C88E01E0022618A3
:10621000F0032C10660E3E128E0CE200CE01E0025E
:10622000016EE200CE02E0030124648839198D82F8
:10623000E200CD85E0030130E00C35A53A1CF0000A
:10624000C601BEA4F201C67FE001B744C581608DDE
:10625000641165126493661467156697E001B7B41C
:10626000F8403F7CE0011FEAA884AC14ACA4AD3434
:10627000AE44F000BD34E001B384F001B6A4E00107
:10628000B2E4E001B694E001B754AD828A0FE7FBB7
:1062900002BBE7FB00FBDA91E7FC00E8E0011F939B
:1062A000E840396EF000AF0FE7FB2A74E7FA00CE42
:1062B000E0041F359F0EE203CF10E00405E5E20085
:1062C000CF8CE7F905E3E0041CC81794AF89E7F920
:1062D00000DD3C6014801520E001C420E002D1AA5A
:1062E000F201CEFFE8009C08E8009C98E00001CC99
:1062F000E0005DCBE0005D4AEFF9DCC7F0403BE831
:10630000E8009C98E8009C08E7FD00B6E01F15A097
:10631000E01F12A0B58FE7FD00CA6490650EC5FFAF
:10632000F0403BF93D12AD8C8E0AE0020595E00489
:106330002E381081E00014787C1178941501658E58
:10634000E8403BE73D92F00014007E12AD0BE7FE03
:1063500000C63C6015203CE5E001C400E002D16AC3
:106360003C603CE51520E001C420E002D163F2016D
:10637000CEFF7A8CF0403BE5E8009C08E8009C9852
:10638000E7FC017AE80F3B1AE0018F8FE201CFFFB3
:10639000E7FC01E6F0001380E7FC22EEE7FF00AA2D
:1063A000E00015E47D91160160957E14E201C8A01D
:1063B000E7FD05EAE0005E4DE201CE20E7FD05E4E1
:1063C000E0005DDDE201CDA0E7FD05DE642264A30F
:1063D000E0005D4AE0005DCB3D183D991480E02B64
:1063E0003DE9E02A3D69E3FFC5FFE3FFC57F3CEFE0
:1063F000E8403C6DF0007B817E827F037F847E06D7
:10640000EFF9DC43E0005D4EE1F315FF3D7BF0006A
:1064100063816682670367846606E00505B7E4006A
:10642000C60AE3FFC67E3C7C6511E12C3C2C7E1441
:106430001628E06C3BAA7E11E7FD00A6F7FD246C50
:10644000F000638EE0FF167FF0001300F0173B9220
:10645000F800AB073DEC14813D6214027F847F039A
:106460007E82E000DEEC3C62EFFBD72BE0041C57A1
:10647000E0011CEAE00C31233E18E0FF15FF8C0917
:10648000668267036784BD8C2417E0031E528E0C5E
:106490003E72E0030118E0031D5116010086E182FF
:1064A0008D8A3DF2E00301103DECE201C5FF3DF8AD
:1064B0003CECC60104F5F1FFC77FF201C77FF8404D
:1064C0003F7C0116E8033999F8030803F00C3724E0
:1064D0003DE0E000C5F0E80C3E19F80B0813F80C9D
:1064E0000803F8030813F80B0803F80C0813F1FF6E
:1064F000C67FF201C67FE7FD008F6511E200CD780F
:10650000E7FD0115E00C3123E20178C0652265A3A7
:106510003E11E00C0D1BE7FD008AE0005E48E20E34
:10652000CE7FE002029AE0041DC88E0BE7FF260A28
:106530001581F02C3F0BE7FF26051628E12C3F1CA8
:10654000E7FF2600660E15003E12F0403F6BAD0CD3
:10655000E7FC00EDE0012E77E0001478E8403BE72F
:10656000F0403C6C7C117E127E14E7FC00B8E00128
:106570004E01E200CE78E7FC015A652A65ABE00CDB
:106580003123E2017C403E18352135A1E00C0D1B82
:10659000E7FC00CD3D643E64E001C5003DECC5A0D4
:1065A000F80B08073D7BF80C08173E6B01F8E00478
:1065B000BEA4E009B7B4E009B744650D65916092E7
:1065C00066136414E0011FEA67156697E010AD04D6
:1065D000E010AD94E010AE24E010A8B4E010AC449C
:1065E000F004BD34E009B384F009B6A4E009B2E4D4
:1065F000E009B694E009B7548A0FE7F800BFE0005D
:106600005CDDE200CCAFE00002D0E0005E48E209D1
:10661000CE7FE00002CAE200CF1305BCE0005D4D72
:10662000F0014A80E0005BC8E0014E02E8273BB57C
:1066300064093381649336213BB8E02C3C9CE3FF32
:10664000C3FF2607E003165FE12A3E2AE0022D6F12
:106650006513E200CD0FE00205CEE0191600E12C33
:106660003BDC7E0C660CF0403BFCE00103B7E20033
:10667000CF07E002029EF202CBC0E00205AF660E39
:1066800015823E12AD8CE8403BE7F0001400E7FBBA
:1066900000A6E0005E59E203CE5F0286E0005E499C
:1066A000E209CE7F05E0F0014B00E200CF09E000F7
:1066B0005D4DF8403AE6028BE0011600E12C3D1CEE
:1066C00026066093160EE12C3E212E106093E00109
:1066D00014701609E1293C98E12C3E213E59E7FF50
:1066E0002623E1283D18E7FF241F660C6089E82770
:1066F0003E3633823BB1E3FFC3FFE20FCB807B8C9E
:10670000E00202B7E009167FE12C3E27E7FF262CC6
:10671000F200CB0AE00A1600E06C3DA77E0CE7FF12
:1067200000A310801580E000146EE8403BE7F040C5
:106730003C617C117894AD8CE7FA00D17C15E7F9C7
:1067400000E660871400E00014F865907C91789270
:106750007C14E7FA00A6E0005E58E20ECE7FE7FA6E
:1067600002D4E7FD00E2159416007D917E14E7FA4D
:10677000008BE0005DCDE0011616E12C3D9C7E1201
:10678000E7F900E6E0031F0F8F0EE7F4277FE7FB32
:106790000098E0031C481601AE08E7F900C665073B
:1067A0001081E000147865907C117D127894E7F9EF
:1067B00000F86492E0002CF7E00115487D11E7FB3A
:1067C00000F41480E00C34A4E80C3E19E002C64446
:1067D00015FFAD8CE7FC00F1F12B3B9BE00125920E
:1067E0006414E001240F660E15833E12E200CF31DF
:1067F000AD8CE001058AF0001400F0005A5AF00058
:106800005ADBE8403D64E8403DE53CEFE8403C6D44
:10681000F0007B817E827F037F84F0007A85F00028
:106820007A06EFF9DA32E201CC153BE8F000638139
:10683000668267036784F0006285F0006206E0010B
:10684000029D6588F80D3EA43D928E0BE81A3FA587
:106850002603C67FAE0B1580660EF00014003E12B4
:10686000AD8C15BC7D91E7F900BA651AF12C3B9A05
:10687000E7FE260B6594E7FE25886612E7FA00E03E
:10688000640C1585E12B3C3BE3FFC5FF3E2BE84044
:106890003E77E7FF04101094140078917C14E7F819
:1068A00000F3148A15007C917D14E7F800EDE000F8
:1068B0005DD960931613E00C1540E12B3D9AE12A57
:1068C0003E213DDAE12C3E2E3E5B2607E0021640DB
:1068D000F12C3B9CE7FD2E55F0001401660EE840BC
:1068E0003BE73E128E0CE200CE03E7F801F8E7FF2B
:1068F0000086E00F1600E12C3BDC7E0CE7FD00B4C7
:10690000E200CF310290E0041BF9E0005DD98E1760
:10691000E200CE02059CE0014D032D19E203CDDF1C
:10692000E00005C4F000140000DAE0014E22E00CA3
:106930003CACE0413E2CE200CE05E7FD050BE01942
:106940001600E12C3BEC7E0CE7FD008E6497E00323
:10695000165FE12A3E292567E12C3E2B2664651B44
:10696000F00013779E0AF1383B2CE7FF00B9E00FE7
:1069700016007E0CE7FC00F8660E15813E12E8401A
:106980003BE7AD8CE7F800AB6493E200CC8A058767
:10699000E400C606E3FFC67EE7FA00C7E400C603CC
:1069A000E3FFC67FE7FA00C1F0041B783CE7E0098B
:1069B000147FE8808E16263D9DE9F00B3EABE0414A
:1069C0003DABE3FFC5FFE12B3C2B258C9DF9E00B94
:1069D0003FABE0413DABE3FFC5FFE12B3C2BE7FCC8
:1069E0002DD0C67FE201C67F3E1A36223E17F04008
:1069F0003AE9F0403AFCF8403A65F000C2840119E7
:106A0000E8019D84F00B3EABE0413DABE3FFC5FFE9
:106A1000E12B3C2B25EFE8019D94E00B3FABE041DF
:106A20003DABE3FFC5FFE12B3C2B25E4E7FC00A9D0
:106A3000C50AE200CD64C4A8E7FF01BDE7FE00F48B
:106A4000E0011FEA8E0FE001265608B7F8000C3B64
:106A5000EA277F603DECC5FFE0031D5E3C6EEA293E
:106A60007F80F6D8C94BC410E8083C12110139EAFE
:106A700010FFF0001000F0001080008E2C89E00361
:106A8000C5E1F0008B8BF200CB81E0000158C7100C
:106A90003F78C79001348ECF3EFC03FA3DEDE40011
:106AA000C5863D9A3CEBE003C4E08C89E200CC81D2
:106AB00001E6FA2779D4FA277A48FA277AB4FA272E
:106AC0007B20FA277B94E00B36A1A8CEC710F013E9
:106AD000399DF0143A1DF0153A9BF0163B1BE80D5A
:106AE0003E973F78A8CFC790AC8DF800A803F80078
:106AF000A804F800B085F800B08601CEE0031DD7E9
:106B0000E0031F5EE80B3D928ECEC7103FEDE40020
:106B1000C7863EFC3F9A3EEFE003C6E0038A8E8DB7
:106B2000E003C7E12E868C8FE200CC810182AE8F1C
:106B30003DFE01EBF8000DA80BE1F0008BCAAC8B19
:106B4000F0403BFDE0000158E0031DDE3CE2008325
:106B5000E8403CE7F0403BE9F201C3FFE8403E7704
:106B6000F0403BE9F000C381E7FF0593F0028B4B57
:106B7000C590E8403EF601EDE00D34A43E9AF000E9
:106B80008D8DF0008D1DF0008CADF0008C3D8BCD17
:106B90008B5D8AED8A7DF001898DF0018A1DF001FF
:106BA0008AADF0018B3DF0018BCDE0018CDDE00181
:106BB0008DEDE0018EFDF000AD8FF000AD1FF00017
:106BC000ACAFF000AC3FABCFAB5FAAEFAA7FF00158
:106BD000A98FF001AA1FF001AAAFF001AB3FF001AD
:106BE000ABCFE001ACDFE001ADEFE001AEFFE7FECF
:106BF00000D038823EE300C408B3E0011FEA39E860
:106C0000890FE015A47831213D621480C414E0019D
:106C1000DD11E015A4733D62148009A1E03A008AF9
:106C200008B7F8000C3EE1FEC0303FE8E005C7C4FD
:106C3000890F3FE8E0011F6AE005C7C58F8FF000AC
:106C40008E8E7F863FE8F00E36A4E002C7C07F0537
:106C50003AE87F87E001294F670627053FE8E0050E
:106C6000C7CCA90F3C65EFFFDFC9F00726FEF8404F
:106C70003CEDF1FFC4FF1300FED8CCE9E00219ADF2
:106C8000E0001A79F0031F1AF0051E08F0041DE950
:106C9000F0041D2BF000C484F00014043BE63FE632
:106CA000F0083E16E8403D683CE77F81E001DCC229
:106CB000E8403D683CE7F0083D96E001DCBBF008A9
:106CC0003D16E8403D683CE7E001DCB46781C30461
:106CD000F0403CF6E180AF93E180AF94E980AF9E55
:106CE00001E06505E00114FFE2007C34E001DCA274
:106CF00015003CEAE2007E343DE23C65EFFFD4C083
:106D00003CE8E2007E34E8403DED3D623C65EFFF4B
:106D1000D4B7E0041B69E0051C883D6515808E4AE8
:106D200024114FB83FFC0129E2007F341780008412
:106D30008ECE3EFC0122C781E201C7FF3FF8C7109B
:106D400001F8E00F3424F80A0803E2007F343F9E84
:106D5000E8403E7DC401F80F0813E201C47F038DB3
:106D60009F0A3622E00F3B1CB70F3E199E9A9F0FD9
:106D7000B69F9F9FB70CB79CC581E201C5FFE84055
:106D80003DFDC51004CD3CE065056407C4B4E001D9
:106D9000DC176786E00627BD3FE5E005C7CC3F6509
:106DA0008F8FE002C7448E8EE00127C2F0012E8F44
:106DB0003F653E65E002C754E003C67415FF0083DB
:106DC000E0428E8E3FEDE400C786E200CE893F951B
:106DD000E003C7E002878F8FE200CF810183E042AA
:106DE000AD8EC7103F7C01EDE001C050F8000F28C8
:106DF0000BE167862F96F00626B8E8403F6DC77F07
:106E0000E6D8CF4E3F183FE8E002C7C4E002C754BF
:106E1000E7FF16FFE182AE8F3F7F01FDE7FE00E353
:106E20006505E00114FFE2007C34E001DC0315009D
:106E30003CEAE2007E343DE23C65EFFFD4213CE8D1
:106E4000E2007E34E8403DED3D623C65EFFFD41842
:106E5000F7FE2EE165056407E2007CB4E001DBB0DB
:106E60003FE5E005C7CC3F658F8FE002C7448E8EBB
:106E7000E7FF2FA0EB9B7F74E9FFC77E3FE2C7FFD0
:106E8000F000A60EE0031F57E6D8CFCFE00E3F9EDE
:106E90007A857A877F0CF00426D067878ACF3AFDFF
:106EA000E000014A65851781E002C5D40086E182D1
:106EB0008F0B3F75E00001423F6FE201C77FE84062
:106EC0003F7D3A6FC78104F46285E8403C6DC47F22
:106ED000E6D8CC483FE5E0031E5EE0031F503C15BA
:106EE0003CED00828C8AE0149D0FE0149D9FB50F4D
:106EF0003D6FB59FE002C545ACCF3DEF8D0AE00286
:106F0000C5C6AD5FC7108D8BC610ADEF3FF8E04230
:106F10008D8E3D6FE041AD9CE002C554E0418DFE99
:106F2000C790E041AD8C01DFE7FE00C4E7FF2924F4
:106F3000E7FE00BE3AED12003FE5E400C7866705B4
:106F40003F9EE003C7E08F8FE200CF81018AE0150A
:106F5000A7FEE00D32A13F9D1680B68FE001B6AFCF
:106F6000E0011380E0011FEFE0011F6D8E0F8E8E98
:106F7000E0011FEEE0011F6C8B0F8F8E36A83FCD16
:106F8000E0011F113628C7FFE3FFC7FF3B4C8E8E81
:106F9000E0021F3EC37F7F86E3FFC37FE0029F8E38
:106FA0002695E0011F118FFE3E6FE00427BF3EEFE4
:106FB000C683E00737A4E0011F11E0018F8E3FFD7B
:106FC00002053FECC784E3FFC7FFF8009C0CE00C10
:106FD0003341E6D4CF8FF0403C7C7F8AE8403EE8E6
:106FE0000585E80D3B28E3FFC6FF6606F8009C9C7C
:106FF0003641F0403CFCE8403FE905866786E80FF3
:107000003FA9E3FFC7FF3EFFE00303B7E1273ED7F9
:10701000E3FFC3FFE0021FADF0041DE93F95E0056B
:107020001E88E01A32A28E0FF81B3D9AE80D3E9A98
:10703000E800990BE800999B9F8DF0009B9D2E091D
:10704000E0041E2BE80C3E1AF000B40CF000B49CD7
:10705000E8403DE73D6F3CE33C627F81F0007B828E
:10706000EFF9D613F0403F68E8403DE9E8403D685D
:107070003CE33C62EFF9D6096781F0006382F002DD
:10708000276EE00F392F3FB8E82F3FBE3F92E20056
:10709000CF80E0030465E02F3B5F3D6FE3FFC57FDA
:1070A0003E6FE81739A7F0173BB8F8373BBEF0172B
:1070B0003B93F200CB80E003044D6706E8373F576F
:1070C000E8403DE7E3FFC5FFE8403EE7E8403CE934
:1070D000E8403C687F81F0007B827E837E04EFF98C
:1070E000D5D4E8009D0BE8009C9B6781F00063828B
:1070F000E00B3FAAF00F3CA93DBFF00A3C2AF01775
:107100003BA9E8AB3D276683E200CD80660417818A
:10711000020A1780E12B3D8FE0413FCBE40F37A8F7
:10712000E40F37C8E0001DF93D958D0B3F9AE04311
:107130003F8FE0413D2FE200CD10AF8BE002050014
:10714000E200CF80E00305001790AF8BE00117CC81
:10715000E201CC70058CE62115F0E0283DB8C47F33
:10716000E201C47FE12F3C6FE201C7FFE00114FFA1
:10717000E80A3FB8E80B3FB9E00F3CAFE0AA3F8C0C
:10718000E0AB3F8DE12D3D39E12F3DB93E6DF04043
:107190003BEFE3FFC67FF3FFC3FFE8403DE73D6CF5
:1071A0003CE33C627F81F0007B827E837E04EFF9CA
:1071B000D56C67816683E6D0CF8FE6D0CE8D7E8892
:1071C0007F89F00063826604E0012471E12B3BA813
:1071D000E0012DED3EA23EB73FA3E02D3EB83FB704
:1071E0003E92E200CE80E02F3FB8E02D3B5D3F6B4A
:1071F000E06E3B2D3F937F0BE200CF8067063B6B39
:10720000E02F3F5FE0663B2FE8403DE73D6C3CE30D
:107210003C62EFF9D53AE12F3B98E0012FB4670AC1
:10722000E02F3F07E0012FAF3EEE3EA7E40F36CF41
:107230003F9D37813F97E3FFC7FFE12C3C1FE001F3
:10724000267AE93E3F9EF0012776E0073FA733A567
:10725000E0273BBDE3FFC3FFF0031F1A16A0F00FAA
:107260003F158F8FE1273BDD3EEFE3FFC3FFC68471
:107270003BFDE00205133BEDF0403BEDE0011F114B
:10728000E0021EAD8F8E3E95E200CF808E0D15A8D8
:10729000179EE06F392B3E7FE00104956708E00DF3
:1072A0003125E8AD3F076709E00F31A5F0AF3B8E10
:1072B000670B3DE4E8AD3F27E0041D69E0031F5E76
:1072C000C59435A4E80A3D1A3D9EC601E0051F0895
:1072D000E8AF3B279C8AE201C67F9D1AF01A3D1E4B
:1072E000E6CBCF8FE6CBCE8DF01E3F15E0021F2DF3
:1072F000E201CE7AB68B3F15B79BE800B48AE8006E
:10730000B51AE800B68BE800B79BE800AB8EE0004A
:1073100005D217FAAF8EF000C6106785670CE00241
:10732000C7C48E8F6787E8403F7CC7907F87E7FBA5
:10733000014DF7FB2EB46285E7FA00BCE200CF8076
:107340000205E0413FCFE3FFC7FFE401C79937845F
:10735000C7B3E201C7FFE7FD00FDE8403EE9E840B2
:107360003E68F8403BE9E8403FE8E8403DE9E84056
:107370003D68E7FD00ADE1273FD7E3FFC3FFE7FC32
:1073800000CBF0031F1A1684F00F3F158F8F138068
:107390003FFD0514E200CF8405903BEFC3FCE3FF03
:1073A000C3FFF0403BE7E7FE00EB3B63790BE7FEF2
:1073B00000ADAE0EE7FF00B11380F0403BE7E7FE03
:1073C00000DFE0041E2BE8403DE9E80C3E1A9C9CDF
:1073D0009C0CE8403D687F81F0007B827E83EFF962
:1073E000D4546683E204CC7F6781F00063828E0D03
:1073F000E7FE02D6E00D37A13F9CE80F3FB7E0372C
:107400003FBDE8403BE7E3FFC3FFE7FE00C965057A
:1074100064073CE5E001D8D43FE5E002C7C48E8FA5
:10742000F7FA2ED5E7F900C6139016841601E7FB8C
:1074300000C4E0073C2733A5E0273BBDE3FFC3FFC3
:10744000E7FE008C17F0AF8BE00117CCE7FD008260
:107450001680F0403BED3DEDE7FC00BA16003FEC36
:107460003D6CE7FC00A06505E00114FFE2007C3400
:10747000E001D8E01500E2007E343DE23CEA3C65E4
:10748000EFFFD0FE3CE8E2007E3415803D623C65B3
:10749000EFFFD0F6E7F800F93EE7C684E7FE00FA12
:1074A000E0041C58150D1480E03100C4E0001FA753
:1074B0008D8F25A4E0001C1316003CE88D093EE8E2
:1074C00017003FEEC7813E7E3F6FE201C77F010D8F
:1074D0008F8DE00F3D2FC781E200CF820286E0044E
:1074E0001FD81702AF0F38823DFEC68201EBC601DE
:1074F000E201C67F3E7BC48201E2E0041FD8170090
:10750000AF0F388214003882E0011F918F8F2FB4A3
:10751000E00117C0B7881680B69816008FD91501FC
:10752000AFC88FE9AFD8A5B9E001AEC89F099F9950
:10753000E0FF14FFBDA8B4F8E001B708E001B79878
:10754000E001B728E001B7B8E001B748E001B7D8DB
:10755000E001B768E001B7F8E001BE08E001BE183D
:10756000E001BD28E001BD38E003B608E006AEA8A2
:10757000E001BDD83882E00017E0B78800CD0000F8
:1075800008B7F8000C3EC068E0011A91F0051F0C26
:10759000F0041DA5E0031DDF8E858D8BE8009F0E96
:1075A000E8009F8BE200CE80E0011A6AE00016E05E
:1075B0001628131EE1F3C740E1F3C7C03D6D7D847B
:1075C000E00115C0E066392CE3FFC77FE3FFC7FF8A
:1075D000E06A392B8E04F0403CE839E87F01F00383
:1075E000C4E07F82E001C1A07D03E00226741100A7
:1075F000E00B3341F0403C69F00C153F3BE27B056A
:107600007D86008AE002276BC1018F84E201C17F81
:107610003FF2E00205E0E00931243C938FC9E2002B
:10762000CF8902F33F6FE400C706E80E3F198F0EC3
:10763000E200CF0201E8E400C7B89E89E80F3F9856
:10764000F006898F9F19F00229D1E001988FF0018F
:107650009B9FE00B3EA1E80C3F27E200CD803C6BF6
:10766000E3FFC47F0205E0413C48E3FFC47FE20042
:10767000CE003D6CE3FFC57F0205E0413D4AE3FFDC
:10768000C57FE0019E2FE0019DBFE00C3EACE00B0A
:107690003F2BF0008A59F0008B4FE0413DABE041B9
:1076A0003E2C3E1BF8403B743B6CE3FFC37FF00075
:1076B0008969A5B90383F000AA4F8E5FE8403E7246
:1076C0000383F000A95FA62F3E7B0302BDAF8E2F80
:1076D000E201CE790283C601AE2F8E3FE003260978
:1076E000E01D3C1AE1323C6AF0009A8FF3FFC6FFBE
:1076F000F3FFC17FF0001300F0006601F1313D2D72
:10770000E9343E9CF0006602F81138C4F0008805A8
:10771000F1343D2EF8143A41E9313F1CF81138C4D8
:10772000F001A25FF00220358D4FE200CD320597C7
:107730003D6BE400C503E8403D74E0040450E00AFA
:1077400035A1E8403D74030BE0009D7FE207CD3F8B
:10775000E0011570E86A3AA6F0403B6AE002264074
:10776000F201CAA0E0040580E0011520B50FE80B86
:107770003D94E41435CF1401F0143A1BE02A3E087E
:10778000F0143218F01138DAE8403DE4F0002088B7
:10779000E00C1540E12A3B1AE0052D1CF0009A8F01
:1077A000F8403B75F000B6FFE001B6CFE001B75FEF
:1077B000E001BDDF0583F000B30F8D85E12B3D8730
:1077C0002585E02C3E07E0012E1FF00129B49D0F16
:1077D000E8403D72E00102B6E001A40FF001A22FE3
:1077E000F0413AA8F8413B24E0019DEFE0019E7F83
:1077F000F8403AF6E00B3EABE00C3F2CE0020459B7
:10780000E8083C24F0021600E001BC0FF003B60FBC
:10781000F001A19FF001A2BFF8413923E8413C25C6
:10782000F0403978E0020449F81339A51301F0005B
:107830001000F001B99FE006AB0FF006A82F389BAF
:10784000E8013894E200C880F0173B9CF8173B959C
:107850003DE70405E8009D8EE02B3DD1F200CB8092
:107860003E670405E8009E0BE82C3E57E0013DAD65
:10787000C090E200C8A0E001B6EFE001B77FE002EF
:1078800002A7F00010811081F006A89FE00D3E2EA7
:10789000C690E200CEA0E00102F0F0001301F00675
:1078A000AB2F9E99E003288015816603ADBF3E7A19
:1078B0009F09E001B69FE001B70FE0020282E000FD
:1078C00016E0B68FC1018F84E201C17F3FF2E7FD70
:1078D00002A4C018F8000F280BE1E400C7B8F008B4
:1078E0003C1FDE13E7FD0092E0019DCFE0019E5FAB
:1078F000E00B3EABE00C3F2CE001988FF0019B9F2A
:10790000E7FD00AD8E2F65053E7AE7FE03E0658654
:107910003E7BE0018E15E00303F99D8F36243DFC8C
:10792000E7FE0355E0018E153624E800B608F7FEA1
:1079300021D015011601E8403D72B60FE7FE05CED5
:10794000E00B3EA1F0001018E80C3F27E82A3DB0FC
:10795000E001B6EFE001B77FE001BD8FE001BE1F9F
:10796000E0022552E001BD2FF0001218E82E3E344F
:107970002F08E200CE00177FF0001281E86E3B2551
:10798000E001BF3FF000B399B089E7FC00BFF040D1
:10799000386BF400C003F8403874E001036FF00066
:1079A0009E7FF207CE3FE00205D4E01C35A1F840EF
:1079B0003A7CE0010569F040386BF400C005F01C2A
:1079C0003222F840387CE7FD034B3D18E0032E4897
:1079D000E20CCD3FE0040526F0011320F0143A1B21
:1079E000F40B324FE80B3D943581E7FD00DBF000EE
:1079F0008B05F0012323F0006004F0403B6CF200A3
:107A0000C802E00102F7F0008AAFF0006005F8401C
:107A10003AF0E00003F7F000988FF0103225F840BC
:107A20003EE1F400C683F8403AE1F8403EF0F00051
:107A30008E4FE001043EF200CA4FE00205A2F000C2
:107A40001280F200CE50F001AACFF8403AE1E000F7
:107A500005E7F000C214F8403A7CE0030341E0146B
:107A60003C1AF20CCA3FE0020502E6CECC08E6CE94
:107A7000CD0AE00000D5E0068EAFE7FE2E94E001CF
:107A8000A59F3EECE0413DABE3FFC6FF3C7BB699D2
:107A9000E7FE050C3F2CF0001618E82C3F3CE001F7
:107AA000BF1FE002260DE001BE3FE7FD00FFF040F2
:107AB0003A67E7FD00AFF0403AE7E7FD00C23D7BE3
:107AC000E7FB05A4C57FB50FE7FB00A0E006889F94
:107AD000E7FD28DEF001A38FB589F8413BA7F84008
:107AE0003B77E7FD05553EABF0001218E82B3EB49E
:107AF000E001BE8FE00125D9E001BDAFE7FD00C880
:107B0000F0008A85F0012295F200CA64E00105EEDA
:107B1000E20CCB3FE00205D4F0009A8FE01D3C1A46
:107B2000F200CEBFE0010523E1323C6AF3FFC6FF5D
:107B3000F3FFC17FE7FB00E2F0006084F200C8873A
:107B4000E00002EDF0006284F200CA84E00105E387
:107B5000E207CB40F00212C0F0011320E8763CA50A
:107B6000E7FE00D3F200CA82E7FC0583F1FFC2FE04
:107B7000F000B28FE7FB00FDE01C35A1F8403E7439
:107B8000E000046BF01C3221F840387CE7FE03155E
:107B9000F000987FF207C83FE7FE028FF00713401E
:107BA000E7FB00DE1400E006AC0FE7FC00FFF2008C
:107BB000CA28E00005E8F0008A85F0022289F01169
:107BC0003223F200C89EE0020507F000129EF0008A
:107BD000109EF000B28FE7FE00B09D7FE207CD3F20
:107BE000E0021540E86A3AA6F0403B6AE7FB00B8BD
:107BF000E206CB1FF00012D0F0011320E8763AA580
:107C0000E7FE0083E200CD80177FF0001081E86E70
:107C10003B21E001BF2FE7FD00A9E20ACB00F00302
:107C200012E0F0011370E8763CA5E7FD00EEF200EB
:107C3000CA78E0010582E20ECB7FE7FE02EFF00694
:107C400012A0F000B28FF00612A0E7FE00E9F00CDF
:107C50001340E7FB0085F000987FF207C83FE7FD7F
:107C600002ACF00A1300E7FA00FBF0001100E84054
:107C70003D62F8403EE2E8403C62E7FA00BFF8406F
:107C80003AE1F00188CFF200CE50F000C081F2015D
:107C9000C0FFF001A8CFE7FE05C3F200C882E7FEEF
:107CA00002BFE7FD00D8E200CE80F000128116FF8F
:107CB000E86D3B25E001BEAFE7FB00EAE200CF0044
:107CC0001301177FE06E3B26E001BF3FE7FB00EEAC
:107CD0008E05F000B6FFB40FE001B6CFE001B75F4C
:107CE000F001BA5FE7FA00F3F200CA50E00005D8ED
:107CF000E208CB5FE7FE0292F0011280F000B28F43
:107D0000F0011280E7FE008C3624E800B608E7FA9E
:107D100000DEF0006604F0403B6CF200CE02E7FCAF
:107D200005F4E206CB20F00112F0F0001378E876BB
:107D30003CA5E7FC00EAF200CA6E02A5F200CA64A4
:107D4000E00005D8E20CCB3FE7FD02E8F00312E0CB
:107D5000F000B28FF00312E0E7FD00E2E20CCD3F4D
:107D6000E7FA02009D7FE204CD7FE7F902FB8D4F29
:107D7000E200CD51E0061520E86A3CA6F0403B6ADF
:107D8000E7F900EEE20DCB5FE7FD02C8F0051280D7
:107D9000F000B28FF0051280E7FD00C2F0009A8F6C
:107DA000F0006603F8403AFCE7FD05BAF1FFC2FEB9
:107DB000F3FFC2FFF000B28FE7FD00B2F00112A0A6
:107DC000F000B28FF00112A0E7FD00AAF0001283CC
:107DD000F8313835F000B08FE7FC00AFF0008A5F73
:107DE000F0123121F8403974E7FD031AE7FC00B9BD
:107DF000F200CA50058DE208CB5FE7FD028FF00369
:107E000012A0F000B28FF00312A0E7FD0089F0008D
:107E10009A8FF0006003F8403AF0E7FD058100C753
:107E20009D7FE204CD7FE7FB02D9F0011320E7FF3D
:107E300000A0E0031FDF8F8F2792E0031FDEEA021E
:107E4000CE80E016A79F9F08EBFFC7FF3FFD9E185F
:107E5000010BEA02CE813FFD011F3882EA277F88AD
:107E60001700AF0F3882E206CF1F058DE0011FEF2C
:107E70008E8FE0011FEE36A88F8F3FCDE1F9C7E06E
:107E80003FFE026CEA277F8CEA277E88B70FB61F79
:107E90001781AF8D3882EA277F888E8F26DFEA2709
:107EA0007E8C9D0D15A03F2AE0413F2EE02E3DAE79
:107EB0009E9D27573E2DE0413E2CE02C3DAC2651A7
:107EC000B698388208B3E200CC030118E200CC0473
:107ED000010BE200CC01010209E1DAE9E0031FCF66
:107EE0001700AF0F09E1E0031C5EE0051C8ADB49C7
:107EF000E0031C5909A1E7FF009EE00319DFEFFE34
:107F0000DE75EFFEDE358F83E004193DE004B792A5
:107F1000EFFBD110EFFFD5968F83E0031C5EE004EA
:107F2000B7A209A1E7EC00FE08B7F8000C3BE0019E
:107F30001FEF3AE88E8FE0011FED8B188F0FE001E5
:107F40001FEE37288B8FE0011FEC36A88F8FFA00C9
:107F5000CC843FCE8F08A4383BCD3421E00115728C
:107F6000E00114FFE8083C193B9FE1263B6EE0016D
:107F7000D361E0031F8EE0041EB0A10F17019FD252
:107F8000A20DE70CCF9EB7D2168BF000A444E001FF
:107F90009F943C65E728CF8DE001B794FED0CC08D4
:107FA000E0019F94E6D0CB97E720CF8DE001B79416
:107FB0009F94E70ECF9EB794E001D1E7F000BC4458
:107FC000F0008B85F002239EE8403DE78D15C5FF4C
:107FD000F000A335E201C5FFF0051923F0403A6A2D
:107FE000E400C58BEA00CC02F1FFC27FFED8CA7460
:107FF000E8083C16F8123916E8403CE43421E80B56
:108000003D92F0133321C48235A1F81339993E68AB
:10801000E00D3C9C3FEC25089F0FE0413F0EE180C6
:10802000B71F3FFD01FAC6163DFC01F3F0001080BA
:10803000F0403AE8E8403CE1F1FF107FE84038E1E9
:10804000F0001401F8403CE12516E8403F65E840A7
:108050003E6017809E8E3DEF3EFCC581C7020283C5
:1080600039EF3E6D3FEBE201C7FF3FFA01F4E20357
:10807000CE5F058F3FE9C781E201C7FFE8403FF7C8
:10808000F000C08BF000C296E000015A3CEF00DD2A
:10809000F0403DECE8403EE51700F007C5BF3DEE7F
:1080A000C58139FE3F6BF0009D0DE201C77FC6829E
:1080B0000105F8403DFAE00103213F7F01F1F8405E
:1080C0003DE8E01A31A1F80D3D131700E007C63F67
:1080D0003DEEC5813CFE3F6BE201C77F01049D8DF3
:1080E0003E7B0349E8403F77C69601F3F200CD811D
:1080F00001C2E8403E6516803DEDC58139FD3EEB8D
:10810000E201C6FF0102B38C3EFFC60201F6F80D84
:108110003D1317803E6FC6013CFF3FECE201C7FFF5
:108120000102B38D3F7FC69601F6F00F389337A159
:10813000E80F3F93E000B08FE7FF009EE400C48BA0
:10814000F000C202F0123919F0123121F00D3A1884
:108150003FE825089F0FE0413F0EE180B71F3EFF3B
:1081600001FAC416F040397801F2E402C301F000CC
:10817000B334E0081400BB54E001D013A6B5E00509
:108180001DA436A11780E800C6840090E200CE0747
:1081900002ABE0079E34E00E361EE6FCCF4EB70D74
:1081A000C781E200CF8BC6820117E200CF83E00EC9
:1081B0003F9B3E6F3722E201C67F02E9E0079F1432
:1081C000E00C37A2371CC781E6FCCF4EE200CF8B14
:1081D000B70DC68201EB9FD21700E70CCF9EB7D236
:1081E000F8000DA80BE1E0079F54E00C37A2371C04
:1081F000E6FCCF4EB70D00D5F8403DE9E7FE00E3C1
:10820000F000A335E7FF00B3E0011FEA8F8F279549
:10821000C7FFE201C7FFE400C78616833F98C78601
:10822000E0FF177FAE88C4063C7FE040AED8E04058
:10823000B728E040B71801F738823FE83FF914004B
:108240000107E200CF810105E200CF8201343882CC
:1082500017FD3FD92FFDE0031F4E8F8EC781AF8ED4
:10826000E400C506E0031F5E3FE9E00D3F1AF04061
:108270003BED3C6DE201C7FFF003C3E1E003C460E6
:10828000E2FFCDFFAF88E800AF870103E01EB59D98
:10829000E2FFCE7F0105E00F3F1AE01EB62F14016A
:1082A0003CF801D63D1EE0FF17FFE01EB79AE01E26
:1082B000B7AA388224D6E200CC8101CAE0031F4E5F
:1082C0008F8E27CFC7FFAF8E00CC0000E0011FEAE2
:1082D0008D8F3FEAE005C7C48E0F25A71780C4FF26
:1082E000F7FF13FDF0001283F0001301F0403A6F26
:1082F000F0001182E0808E998F18E200CE81011685
:10830000E80E3F572F20E00E36243F1AC601F0003A
:10831000AB08E201C67FAFCE8F08C781E201C7FF7D
:108320003FFBAF18C40601E73882E200CF01010F1E
:10833000E200CF03010CE80E3F572F6F1702F00049
:10834000A98800EC1703F000AA8800E81700F000E5
:10835000AA0800E408B6C04CE0011FEA890FE00259
:1083600021373B62C37FE0031CDEE201C37FF003E1
:108370001B57E00833243D603DE03E60C51CC584CA
:10838000C610E8083C163AE93FE916FF1700AECFE1
:10839000C7903FF8E180AE9AE180AF1BE180AF1C4F
:1083A00001F7E0031A5FE00319CEF0008A84F000C1
:1083B0008B83F0002A9FF0002392E400C306E003C1
:1083C0001F4DE0FF17FF3B1EE01EB799C4863B79A7
:1083D000E01DB7F901FAF0008B84E0031D5EE003B5
:1083E0001C583CE0C484F000AB83DF71C0340B61E7
:1083F000F00123FC3EE2C6FFE0021B4AE6D8CEEDC8
:10840000E0021FD73E96E0FF177FB70FC7843FFDFE
:10841000E040B71FE002B72FE002B73F01F7E840A6
:108420003FE7C7FF3C60C41CE6D8CFEFE0021CD793
:108430003B1F3AE8F0001201211917003E60E003EB
:108440001ED8C6103FEE9D9DE40F37C8E2FFCDFF5A
:1084500001048D0CE001252AC701E40F3728E40B45
:1084600037C8397BC686C60102EFC4843CF6C28198
:1084700001E4212B3DE2C5FF3FE8C781E201C5FFD2
:108480003D9F150100833C7B0120E1808F98E20134
:10849000CFFF01FA17003EE0C6903FEE0088C7010B
:1084A000E40F3728E40C37C8397C05EEE1808E1DD7
:1084B000E40F37C82E75E2007E903F1D3C7BE04004
:1084C000AF98E000AD0E01E2E8403FE5E0031B5E3F
:1084D000C7FFE6D8CFCFE0021F58F0163B1F3AE6A1
:1084E0003FE69E0F9E9F3641C790B60E36C1C70429
:1084F000E8403FF6E040B69E01F5E0021EC9E0020A
:108500001F48E0021FEA36C137C13741E2007C282C
:108510007F8DF0006BA8F0006AA97E8B7F0CDD05D3
:108520008F8427A9E0021FD615009C8FE0031C58FA
:10853000F0001381F0403B6A21173DEAE201C5FFDC
:108540003CFBE0021ED617810188E00000EFE080CE
:108550009F1D3F7BE000016C3F6FE201C77F397ECA
:108560003E6FC78102F5C5018F84E201C57FE040FF
:108570003FFA02E3E7FE2131C17FE201C17F3FE024
:10858000E2007E05C7843E12E0FF16FFE1808F1FE8
:10859000E200CF010105E01EB696E01EB6A63FFC44
:1085A000C30601F5E7FE00999EAD35C136C1B58918
:1085B000E2007E10B699C4843F1C3CF6AF85C281B0
:1085C000F000AA0EE7FE01BAE7FE00D5E0031A5F4D
:1085D000E00319CEF0008B84E0008F83F7FD23FFCA
:1085E000E0002FC9E0031ADEE0031CD81780150154
:1085F000E00E37A43EEF3F15E400C6869E0E3E997E
:108600009D9EB61D3E6FB5ADC601E2007E843E9FC5
:10861000AFCE3FECF0008B84E201C7FFF0403BFFA0
:10862000AD0D02E7E7FD00DBE8403E66E2007F9C1F
:108630003E1F8F8CE201CFFFE7FF0117E00E3524CC
:108640003EEF3F15E400C6869E1E9D8EAFCEE00E27
:108650003E98E2007E843F9DB59EC501B62EE201A4
:10866000C57FF000AB8F8F843FFAE7FE02E7E7FF9C
:108670000083F8403AE7F0031B57F0403BEFE0027D
:108680001B4AE7FD00CE08B1E0031C0D1510148055
:10869000E000DFD0E0031C2CE0011528148008A1C5
:1086A000E01F00C8E0031F6217800087E204CED8F5
:1086B0000291E200CF8801103E6FC601E200CF8236
:1086C0003FECE0809E9EE201C7FF02F1E202CEACE9
:1086D00005F11401388214003882000008B43FE824
:1086E000E402C798E408C4E0396FE016C17C391988
:1086F000E0021CFDE0041FA2391939E8E007156803
:108700003CE23C628A5FEFFBDEED3C63EFF8D2EDCA
:10871000168024132212C27F3FE2E6D8CA74C7FE35
:1087200039143C6DE080971F3FF2E0283F6801FB61
:10873000E0403EE8E3FFC6FFE0031FE1E0031E6008
:10874000E0409F1FE1C0B71F3E7F01FBE0031F8D8C
:1087500031A2399F3C6DB683B68C0A61E200CC0130
:108760000102388208B1DFBBEA2A7EA28F8DE003C6
:108770001E0CE00E37A2E0031D2BC7819D8CE20189
:10878000C7FF9E1C3F1AE200CF87B58EB61E05823A
:108790001780AF8D08E108B33F831400EFF7DC7E4C
:1087A000EFF7D4F5EFF7D516EFF7DCC6EFF7DD0FEF
:1087B000EFF9D0FDE0031FA11180A10F1414E00216
:1087C0009FB2E70CCFA3E002B7B2EFF8D0D9E00236
:1087D0009FB21703E70CCFAE141EE002B7B2EFF85A
:1087E000D0CFEFF7DDEDEFF7DDAEEA2A7F26EA2AFC
:1087F0007FA4B18EE0131744B70FEFF7DD5FEFFCF6
:10880000D248EFF8D0D5EFF8D0A2EFF7D795EFF731
:10881000DDBD3B00E0021FA6E1A1153FE00E8CDFAD
:10882000E00E8C4FE000DC70EFF8D935E0021FC19C
:10883000A78FE0019FBFE6F7CFFF2785E0021FACBF
:108840001701AF0F09E1EA2A7F26EA2A7FA41680E2
:10885000B68EB40F3882EA2A7F269F8EEA2A7EA43B
:10886000C7819E8DE3FFC7FF3EFFB78E028238822D
:10887000E6FA00D8F0001B3CE8009E06E00F361A2E
:10888000E6FFCFFF2F86E0031F208F0EE0002F4969
:10889000E0021EB38F0B3E9AF0008B8DF200CB826C
:1088A000E000015008B42F28E00027D9178137BA1B
:1088B000E30C3E5FE0041945E0031FA3E00D391A05
:1088C0003F9AF0001381F000AB8DAF0FE800B606C1
:1088D0003A6B39EAEFFDD132E0041FB6978F3FF8CB
:1088E000E001021117803913AF84F0001381AF82C9
:1088F000E8403C670A61E0041945E201C77DE200F7
:10890000CF01E00F391A8E8FE00001C2F000138012
:108910002EF0F0403BEEE8403C67AF0F0A61E00408
:108920001EB6970DE203CF730206E0031774B70D6E
:10893000E0031774E0041EBDE001B74DE7FF00AA95
:10894000E200CF01E0000152E200CF02F00013800C
:10895000E7FF01AAE8403C673882E0031F0F8F0E53
:10896000272DE0041F588F0EE200CF02E0000160C7
:10897000E0021FCB8F8F27ACE0031F231680E00F90
:108980003F1AAE8F1682E00419450086E200CE81C0
:1089900005B3E0031F23E0021DB0E00F3F1A8E0F66
:1089A0008F0BF0001380C601C7013D12C6FFE840DF
:1089B0003C67AE8AAF0BAE0F0A61E0021FCB8F8F10
:1089C0002FDCE0041FD88F8FE200CF82012AE00461
:1089D0001945E0031FA3E00E391A16813F9AAE8EA7
:1089E0001700AF0FE7FE00F61780F0403BEEAF8DAB
:1089F000E8403C673882F0001381E7FE01FBE7FEA8
:108A000000E9E0031923E0021EB039138F0D8F82B5
:108A1000C701C781F0001380AF82AF0DE7FE00EA07
:108A2000E0031FDC8F8FE7FF2FA900D2E0031F5C5C
:108A30008F0EE7FF271FE0041945E00E391A8E8ECE
:108A4000E0031F23E200CE820287E00C3F1A168368
:108A5000AF8CE7FF00A2E00C3F1AAF8CE7FF009D50
:108A6000E0041FB6970F3F780302B40F3882E0038B
:108A70001F078F8EC781E201C7FFAF8EE0031F3C47
:108A8000E001AFFE3882E0031F118F8EC781E20143
:108A9000C7FFAF8EE0031F3CE002AF8E3882F003C9
:108AA0001A5E3524F00219BEF00E3A1AF014894EFF
:108AB000E8008E83E0148FEEE8403EF2E0148F5E13
:108AC000E6FCCF8F05A2E0031ED3E0031D9FE0016B
:108AD0001E25F0008A8DE8163D92E8173E12E80048
:108AE0008E86F8008B87F000229FE8403FE73F6DBD
:108AF000E8403EE2E400C686E80D3E94E003C6E0AE
:108B00008E8DE200CE810134E8048EA3E201CEFF17
:108B10000187E80A3D14E0148F4AE12E3F0DAF08AB
:108B2000AF893882268EE0153F2DF8413AA5F20034
:108B3000CA8F052C3F7D05AC3F6DC701E201C77FA1
:108B4000E800AF06F0002391E80D3FA7E0413EADFD
:108B5000E200CEA00517E8403FF705A1E8403FE757
:108B6000C790E201C7FFE80D3E12AF8D00C216802C
:108B7000E80B3D92E80C3E1217803F6FAE8BAE8C37
:108B800000C4E8403FE7E7FF00B53F6D00DC3F6D04
:108B9000C77FE201C77FE800AF0600D5E8403FE7A6
:108BA000C7F0E201C7FFE80D3E12AF8DE7FF00A25C
:108BB000E0613E82E0613F82176F3FDEE0613F92FD
:108BC0008F88E200CF8B0108E0001F3916008F8EDE
:108BD000E02F3F8CAF8EE0001F3DE0031E288F8EFC
:108BE000BC0CE6F9CFDFE200CF84012C8F8EE6F9D2
:108BF000CFDFE200CF820126E0613F82175F3FDED8
:108C0000E0613F92E0031F9CEA00CE06A78FE004DC
:108C10001F70A58FE00A3C1CE001CD80BD8F3DE8B0
:108C2000C581BD1E3D9CC402BDAE3C1CBC3EE7FEE2
:108C3000167FA70F3F5CBF0FE0613F82CFA0E061CE
:108C40003F92E0613E92388208B339E9E06139022F
:108C5000E0613F82176F3FDEE0613F92DFAA21941F
:108C6000E0031FA11600A78FE0031F079EBFE706C2
:108C7000CE9CB6BF8F8EC781E201C7FFAF8EE003E7
:108C80001F3CE001AFFEE061391209E108B7F800CE
:108C90000C3EC06CE0041F3611039C0EE0031F1D48
:108CA000F0031D558CDEE0031F20E0041FBD8D0E78
:108CB000E0041F7F69139D8EE0031F5FE0021930FF
:108CC0008E0EF0021CB81700E8008E8A6F116F122A
:108CD000E001B44FE004B63FE004B4CFE004B55F78
:108CE000E004B5EFAF02F0031F5EE8008989E002FF
:108CF00026E2F0021C40E0001FB9E00019348F8F1B
:108D0000153EE200CF80E0021FC4E00114FFE062E4
:108D1000392F3C62E000DC8E3C62151C1480C43E9E
:108D20007903E000DC87298A3C62E0141549E00100
:108D300014FFE000C45AE000DC7DE00219BEE0014F
:108D40001F6A8B037F01E003235A12008A8EE0031F
:108D50001BD83B64F0403EE4E0007A02E8403F6DFF
:108D6000C70AF01B36A43724F80C3F1BE80E3F1E41
:108D7000F0148E4C9D8E9E9EF0403E75758A768BCB
:108D8000E0010380EEFCCECCE400C686F200CE0902
:108D90003E978E8D6E93E00002F5E0158C8CE0140A
:108DA0008C7CE2007D93E8403D6CDD65E000246A48
:108DB0005D8B5D0AE2007E96E2007E14E2007C9309
:108DC000E8403C6CEFFBDFA14E93E200CE83E00075
:108DD0000159E8403CECE2007C13EFFFD395E00042
:108DE0002C514E93E00226E0E200CE81E003015ACE
:108DF0003DE6E8403D6DE2007C92E2007C11DE50F1
:108E0000F8163F1B5E8BE8148D465F0AE00C36C4F3
:108E1000E009352CE6FCCD8EE6FCCECD3E193DCDED
:108E2000E3FFC67FE201CD7F6D913744760BE00210
:108E300001694E93E200CE810104C301E201C37FC8
:108E400036AE3F1DC201E3FFC77FE201C27F770A52
:108E5000E6C8CC0E6682F0006582E400C6864D123C
:108E6000F000C5813E92E0093648F201C5FFF000EE
:108E70007D82AC2DAF3DACCDAE5DADEDE000AD7D06
:108E8000E8403FEDC7818F03F0403EEFF201C6FF9F
:108E9000E8403F7DE7FE02E4E0031ABCE00A8F856C
:108EA000E200CF81E001014F1780E007AFE2E0036D
:108EB0001FCCE8008F088F8F3726E6FACFAF3FCE62
:108EC000E8008F09AF82AB12E0002760E0021FA626
:108ED000E0021CCFE00E89CFE00E8FDF3C6239BF8D
:108EE000E000C45BE00A31A1E000DB6AE00831A1E8
:108EF000E0021CC7E000C45BE00115083C12E00082
:108F0000DB5FE00831A1E001C463E0021CFDE00189
:108F100015083C12E000DB54E0041F529F8EC7810D
:108F2000E3FFC7FFE00BAFA2B78EE002220FE00A1B
:108F30008F85E200CF81E001013DE0041F738F8E39
:108F4000E200CF81E0010153E200CF82E001016144
:108F500014813C62DE7A67011780898E1700E80071
:108F6000AF0A31A4E0031F56E0031CD9E0031C4BF9
:108F70003D63B78EE800AF88E000DB22E0002241CD
:108F8000C014F8000F280BE1E00A8F85E0041ED220
:108F9000E200CF81B70DE000013F2A50E0031FDD62
:108FA0008F8F2FCCE8008F882FC9E0041F73AF8EFE
:108FB00000D3E816A7AEF0021C40E6D0CF8FE7FD45
:108FC0002F9CE8008A08E7FD2A18E200C981E00228
:108FD0000114E0031FA1E0011F6AA78F898E9F3F44
:108FE0001681E706CF1D31A4B73F3D63E0041FF3B0
:108FF000E0031CD9E0031C4BAA0FE000DAE1E00318
:109000001C4B3D63E00114FFC014F8000F280BA1B6
:10901000E0160090E0031FDD8F8FE200CF81E7FFB5
:10902000019CE0031F9B6403E0001764153EE00110
:1090300014FFAF0FE000DAFE14813C62DE06E7FFAA
:10904000008CE0031F5DE00A8EB58F0EE007AFE2F3
:10905000E200CF01E008AE82E7FE01ABE0031FAE05
:10906000898FE008A992E7FE21A4E0031EA417005F
:10907000E00F3722C7019D8D9E1D3D6EE201C57F29
:109080003F92E00835C8E009364839FAE008AC2FCD
:10909000C684E008ADBFE008ACCFE008AE5F02E9EF
:1090A000E7FE0087E0041FF31701AF0FE7FD00A202
:1090B000E0031FDD67018F8F8D0EE200CF81352425
:1090C000E7FF01311700E800AF0A1780E0031F56E1
:1090D000E0031CD9E0031C4BE800AF88B78EC01436
:1090E000F8000F280BA1E01400EBE0001F831680AE
:1090F000AE8F1782AF8EE7FE00AD3A66E7FD00CE79
:10910000E180C700E3FFC77F770AE7FD00A3E00027
:109110001A8317808985AF8EE7FE299CF0001481A1
:109120003BE313320083E7FE2715E8403C69EFF785
:10913000DC778F85C181E201C1FFE02F3F87E12EFF
:1091400039862FF2E7FE0086E0613982E0613F82D6
:10915000176F3FDEE0613F923C62DD2BE0613992A8
:10916000E00A8F85E200CF81E7FE019AE0031FDD70
:1091700067018F8F898EE200CF8131A4E7FE015312
:10918000E0031FD6E0031CD9E0031C4B3D63B20F84
:10919000E800AA08E800AA0AE000DA12E7FE00B137
:1091A000E7FC22A8E0031FCAE0031DC98E0FE6FCFE
:1091B000CE4CF0403E7CE00001483E6DE201C67FAF
:1091C0003E753D6DC681E7FC0395E1828E0BE6FCA2
:1091D000CE4CE8403E7C01F2E00E3524E80E3F1E06
:1091E0003EEEE004C69CE004C71E9E8D9F0E768A6C
:1091F000770BE7FB00FFE0001FB9898F2193E000A8
:109200001C34153EE00114FFE000DA14E0001C33CA
:10921000E0001934151C3CE4E000DA0C7903E7FBAC
:10922000008EE0021C44153EE00114FFE000DA026B
:10923000E0021C43E0021944151C3CE3E000D9FAAB
:109240007903E7FA00FC150000C8000008B511001A
:109250003A6839E92C3FE0021AA6E00E8FC5C7FF35
:109260003A7F04092996E00E8FD5C7FF39FF042302
:109270003C620AE13C64C4013CE3E201C47FEFFCD0
:10928000DC5DE200CC00036F3918E043391221ECB9
:109290003CE3C4FFE201C4FF3C64EFFCDC4FE200AE
:1092A000CC000362E00E8FD53918C7FF39FFE043C9
:1092B0003912035F3CE3C481E201C4FF3C64EFFC6C
:1092C000DC3DE200CC0003553918E04339123C6222
:1092D0000AE1C47FE201C47FEFFCDC30E0223C52B3
:1092E000E0433912E7FF00B908B11401EFF7DCFDE4
:1092F0002438E0001F27E0001EAD8F8E27ADE0026E
:109300001FBEE00F95ADE001962FE0413FCC3DFF41
:109310000523E40F364F3F9CE00F96ED37813EFF6B
:10932000031BE0031FDC8E8F2E97E0031FBCE004BD
:109330008FFFE200CF81EA2A7FB101908E0FC60134
:10934000E201C67FE200CE02AE0F0585E200CE103C
:10935000AE8E028408E1EA2A7FB11700AF0F08E160
:109360001401EFF7DCA42C4608E1E0041FB1E00192
:109370009FAFE210C7802F83E7FF00B808B7F8005F
:109380000C39E00019A7E0031474DB6BE0021FBE88
:109390008F03E001935FE00193EF27361100E000B7
:1093A0001A2D1281F0403C620087C1018F83E201D7
:1093B000C17F3FF205A93C62EFFCDB9F2477E00E02
:1093C00031213FE23F14E001C7A6E002C74D37A1BB
:1093D0008C8E3F943D67F0008C8F3C65EFFCDC7E0B
:1093E0003D66E8403CE924053C65EFFCDC5B2C5E17
:1093F0003C62E8403CE8EFFCDB8EC1018F83E20178
:10940000C17F3FF202D9F8000CA80BA1E7FE00EEE5
:1094100008B7F8000C3EC07CE00419FF9F83E00110
:109420002FBB1401EFF7DC61E001242DE0021FBE29
:10943000E000192DE00197AFE00F9722E5FFC7FE8E
:109440003F7FE0010425E0001F9C978FE3FECFB82B
:10945000E001031EE0001B278F86E0012799F00042
:109460001700F0021EBFE0001B9DF0041458F0002E
:1094700015B2F0001481F8403D6E008DE8403FEEDB
:10948000C7818F06F0403F6FF201C77FE8403F7E03
:10949000E00005FEE8403EEEE001C6A6F00E3721F2
:1094A00036A13F123E92E002C74DE8403C6E8A0D65
:1094B0008A8EEFFCDB6824079F0327619707E2038E
:1094C000CF10025D3CE53C64EFFCDB389687F04052
:1094D0003E68E40E36CF3F1D3701E82E3F683C7EE4
:1094E000034E3CE53C64EFFFDEB3E3FECC383EE8E0
:1094F00003469707E200CF003DEEC583E06E3C2BAC
:109500003702F0403E7EE000044FF00E37233F125A
:10951000E003C70D8F0E270CE7FC17F0E8008F4D16
:10952000E02D3F9D2E85E82E3F09E7FF2729E840E3
:109530003D6B3CE5E8403C69EFFCDBD02418E8409B
:109540003D6B3CE4E8403C69EFFCDBACE92E3A0AB9
:10955000E7FF2716E8283C0AE7FF2412E0021FA6CF
:10956000E00E8F4FC77F3F74E7FF010AE8403CEAF7
:10957000E8403C6EEFFCDACFE00117B4B783E7FEBA
:1095800000FF1401EFF7DB93E7FE2C52C004F80054
:109590000F280BE1E0031474DA649F83C7FFB783DD
:1095A000E7FE00C1E8403CEAE8403C6E7E81EFFC0B
:1095B000DAB2E00117B46681B783E7FF00A8E002E2
:1095C0001FBEE0001F2DE00197AFE00F972EE5FFD3
:1095D000C7FE3F7F0303E7FE009D08B1DEC708A179
:1095E000E7FE009808B5C078E0001A78E201C47F71
:1095F000E01A9F94E2007908E728CF88E01AB79430
:10960000E01A142BE01A9C941780E1C0BF92D4B7E3
:10961000E0199FC41181E700CF93E019B7C4E01AA5
:109620001426E0199CC4D4ABE0001464EFF7D9A869
:109630003D633CE2E01A1426D4D25F82E6FECFFFFF
:109640002F8F128AE01A12263C65EFF7D9993D63F5
:109650003CE23C64D4C45F82E6FECFFF27F61401EF
:10966000EFF7D98E5F821501E701CF9AE2007C887F
:10967000E0C0B7A9E01A1426D4FCE0001464EFF7A8
:10968000D97FE01A14281502E2007C88D4A85C0473
:109690005F85E40834203C1FE6CACC08C0080AE114
:1096A000E0021FA6F0011B83E00E8CCFE00E8DDFE1
:1096B0003D99E201C5FF25B7E0041E9EE0041E1D92
:1096C000E8403F673EA91780F0001229F000129988
:1096D00000958D0C141AE200CD19F0403B6AF000A1
:1096E000C301059BF000AA8EC781E201C7FF3DFFC1
:1096F000AC0EC681C601C70101163CFF02EB8D0D01
:10970000E0001444E200CD29F0403B6AF000C31BA6
:109710000584F000AA0E00E9E8403C66E201C47F3F
:10972000AD0E00E3E80B3D971780AF8B388208B78A
:10973000F8000C38C07CE0001978E0001CCB1380E6
:10974000E2007B041501E00117D2E01A14273A6AFF
:10975000E080B3961283E019B7D2D48BE01AB3B28B
:109760003D64E01A9FB2F0001C4AE704CF94E01A6F
:10977000B7B2E8403CE8E01A9FB2E01A142DE703C4
:10978000CF94E01AB7B21180E01A9FB2E707CFA5D5
:10979000E01AB7B2D46EE01AB3921713E01A9F9290
:1097A000E0001CC9E700CFEE3D64E01AB792E01A72
:1097B000142BD45FE0059F82E0001CC8E70ACF931A
:1097C0003D64E005B782E01E1428D453E0169FF2F2
:1097D000E0001CC7E706CF933D64E016B7F2E01A3D
:1097E0001411D447E0059FA2E0001BCCE704CF93FF
:1097F0003D643CE7E005B7A2E01E142AD43AE00538
:109800009FE2E0001CCDE70FCF94E005B7E23D6496
:10981000E01E142ED42E3D643CE6E01A142CD4290C
:109820001308E006B1823D65E006B312E01E143075
:10983000E0069FA2E0001CF4E720CFA3E006B7A259
:10984000D418E007B1923D65E007B322E01E143959
:10985000E0079FB2E0001CC6E720CFB3E007B7B235
:10986000D408E0059FA23D64E702CF93E005B7A2CC
:10987000E8403CE8E0059F22E0041FF5E703CF1332
:109880008F8FE005B72237A2E0059F22E01A142D42
:10989000E700CF13E005B722E01A9F32E706CF13A7
:1098A000E01AB732E01A9F32E705CF13E01AB73259
:1098B000E0059F22E700CF14E005B722E0059F22D4
:1098C0003FCEE005B7A2D3D53D643CE7E01E142AA5
:1098D000D3D0E0001CF5E006B1E23D65E006B1F250
:1098E000E01E1436E007B182D3C4C004F8000C288F
:1098F0000BE1000008B7F8000C3EC074E0021FA6A0
:1099000039E8E0011C001700E00215201480E00E89
:10991000894FE00E8A5F7707D68CE200C9850585FE
:10992000C00CF8000F280BE1E0001FCE12819F0F42
:109930003C65E703CF15B70F39149C8F3BE2D31F6B
:10994000DEB0E0001FB1E201C3FF8F0F1100E000A5
:109950002758E0021F88E0021F078F8F8C0E37A860
:109960003C4FEFFFD772DEE4E200C984E000016201
:10997000E200C985E0000177E0001FC28C0F3FE8DC
:10998000C7FFE200CFE3E00002D0C402EFF7D848FF
:10999000F0001DF8F0001500F81AB53B1281E81A26
:1099A0009FBB39F5E709CF95E81AB7BBE000016F17
:1099B000E200C983E0010131E200C982E001017DDA
:1099C000E0011A003CE01501C48EE01A142CD351BA
:1099D000E0001464EFF7D7D414023121DE04391407
:1099E000B402E0001440DDFFB402EFF7D935EFF721
:1099F000D9B9EFF6D280C00CF8000F280BE1F001C6
:109A00001F18AA8F3965E800AB8EE7FF23A43FE259
:109A1000F00E3F12C781A90E396FE201C17F3BF200
:109A200003F7E7FF00981402EFF7D7FAE7FF00B259
:109A3000E0001FF81681E01A9F3FE0001CCAE7050E
:109A4000CF1D3D6DE01A142DE01AB73FD312E0018F
:109A500019001402DDC8B402E0001440DDC4B402F1
:109A600000C5E0001FF81681E01A9F3FE0001CCA05
:109A7000E706CF1D3D6DE01A142DE01AB73FD2F96D
:109A8000E0001464EFF7D77C00E3E81A9FBB1100F5
:109A9000E0001CCAE707CFA23D63E01A142DE001E5
:109AA0001A00E0011B03F0001E45F0403F62F01A6F
:109AB000152CF00014E4F0001402E00012C0E81AC3
:109AC000B7BBD2D7F81AB72BE00D3B128E8DE81A30
:109AD0009FAB3D63E700CFFDE8403CECE8403C6ACB
:109AE000E81AB7ABD2C6E8403C69EFF7D749E01DAA
:109AF0003121E8403C68DD77F01D3E94E800B40D6C
:109B0000C1013C65DD70E201C17F3BF2E800B40DAC
:109B100003DAE7FE00D9E81A9FBBF0001482E000E8
:109B20001CCAF0011F18EF07CFA93D65E01A142DDC
:109B3000E81AB7BBD29EE800890EE0012137F04059
:109B40003C62E0011A00F1FFC47FE0001FFEFED876
:109B5000CC78E0011B03F0001E4539E4F0183C1FEF
:109B6000F01A16ACE00013E4F0001540E8808F9E78
:109B70001700E81AB72B3F96E0408F9FE81A9EAB7C
:109B80003D65E700CEFFE8403CECE8403C6DE81A5C
:109B9000B6ABD26F3C67EFF7D6F3E8403C69DD2304
:109BA000B403E8403C6ADD1FE180B413F0403C732D
:109BB00001DEE7FE0089E81A9FBBE0001CCAF00145
:109BC0001F18E707CFA53D65E01A142DE81AB7BBAB
:109BD000D250F8008D0EF0002569F1FFC57EF2012C
:109BE000C57FE0011A00E0011B03F0001CC5110055
:109BF000F01A142CF0007F01F0007D0267816702EB
:109C0000E0808E9FE201CF7F3E967F81F0408E1DE7
:109C1000E7FD015AE0011B9666813B9EE80D3EAED2
:109C2000F0006681FEF9CD1CE0073B9DE8808E9D2B
:109C30003D653E96E0408E9DE8403CE9F0403E7D2B
:109C4000E8403C680125E201C90D02A5E81A9DAB78
:109C5000EF00CDFAE81AB5ABE81A9DABE708CDFDE9
:109C6000E81AB5ABD206E0001464EFF7D689140207
:109C7000DCBAE00D3121E0033A1DB403E0001440EA
:109C8000DCB23FE2C781396FE201C17FB403E84033
:109C90003BFD01CDF0006502F1FFC57FF201C57FFC
:109CA000F0007D02E7FF00AC1100E0011A00E7FDC3
:109CB000008BE0001FC4E0AB172AB70F14009C8F85
:109CC000E00200DEE0001FC4E7541755B70F140090
:109CD0009C8FE00200D508B2E0001978E015B402CC
:109CE000E01A1402E0149FE2E704CFA9E014B7E2FF
:109CF000E0159C82D144E0149CE2E01A1400092192
:109D0000E00200BEE0001FAF8F8F2F823882E0009C
:109D10001FF8E01E1444E0089CCFE002CC80E00273
:109D200000AFE0001FF8E0189F5FE720CF38E01891
:109D3000B75FE01E141FE0189F6FE720CF39E018CF
:109D4000B76FE0199F0FE0001CC3E720CF4A15034F
:109D5000E019B70FE00200C408B1E0001FF89F9FB0
:109D6000E6F5CFFF2F8DE6F7CFF914002F8208E13B
:109D7000E3FDC4FFE01E1401D102140108E1E01E5E
:109D80001401D0CB3CE800F0E0031F89AC0F38820F
:109D9000E0031F898C0F3882240E08B3E00019AF4E
:109DA00039698F83E200CF82012B8F03E200CF015C
:109DB000011709E1E0001FF8E00B9F2F2C8BE70251
:109DC000CF19E00BB72FE0181401E00B9CAFE001B6
:109DD00000D71681E702CF1DE00BB72F00F5E0009A
:109DE0001FF82122E0149EEFE706CEBEE014B6EF86
:109DF000E01A1400E0149CEF09A1E00100C1E000AA
:109E00001FF8E01F9F7F24971680E701CF1DE01FFA
:109E1000B77FE01A1459E01F9CFFD0B18F03E20016
:109E2000CF0101C800DDE0149F6FE706CF32E014D8
:109E3000B76F00DF1681E701CF1DE01FB77F00EA93
:109E4000E0613F82E0613F0216F73F5DE0613F1253
:109E5000E0031F21A70EE0049E9EE703CE98E004D6
:109E6000B69EE0613F923882388208B3E0001F3529
:109E70003FE81681C784AE8EE00E37A1E0031FA92C
:109E800039E8AE8FE0011F883F9E9F8FE6F2C95FE1
:109E9000DF80E200CC010117E0001FF816819F1F50
:109EA000E702CF32B71F9F1FE701CF1DB71F1680F4
:109EB0009F1FE700CF1DB71FE01E14019C9F09A143
:109EC000E00000DE2997E0001FF8E0011EA69F1FBA
:109ED0008E8DE700CF18B71F9F1FE701CF13B71F65
:109EE000E0041F2FAC0E26E99F1FE702CF32B71FF9
:109EF00000E409E108B2C07CE00019358C028F82D1
:109F000027897C01DF001780AF82E0031F296401ED
:109F1000AF8EC0040961000008B3E0031FA139E857
:109F2000A78F1400E0049F9FE6D2C9A3E6FCCFFFF1
:109F3000396FEFFFDF87E0051FA516809F7FE700E1
:109F4000CF1DB77F3F6FB19FE0019F9EE6FFCFFF20
:109F500027FC1780E000B79EE0051F25E0019F9ECB
:109F6000E6FFCFFF27FC99BE9FFE1681E700CF9D3D
:109F70003C62B7FEDF663C6309E1000008B4E00321
:109F80001FA139E8A78F1400E0049F9F3A69E6FCFF
:109F9000CFFF396FEFFFDF56E0051F2516809FFECC
:109FA000E6D2C9A3E700CF9DE100C980B7FEB19E0C
:109FB000E0019F9EE6FFCFFF27FCE0051EA5B21E35
:109FC000E0019F9DE6FFCFFF27FC9FFD1701E70003
:109FD000CF9E3C62B7FD0A21E7FE00B408B5E0035E
:109FE0001FA13AE8A78F1400E0049F9F39EAE6FC1E
:109FF000CFFF3A6F3969EFFFDF25E0051FA5168017
:10A000009F7FE200C981E700CF1DB77FE6D2CAA5D6
:10A0100005ADE080C280B29FE0051F25E0019F9E54
:10A02000E6FFCFFF27FC21973CE3C4FFE6B0CCF965
:10A030003EE2E0051F25C6FE3C92E0001600B61E7B
:10A04000E0019F9EE6FFCFFF27FC9FBEE080B79D0B
:10A050003EF901F6E0051FA516819F7F3C64E700ED
:10A06000CF1DB77F0AA1E7FD00EDB29F00D600002B
:10A0700008B5E0031FA13AE8A78F1400E0049F9FF2
:10A0800039EAE6FCCFFF3A6F3969EFFFDEDBE00526
:10A090001FA516809F7FE200C981E700CF1DB77F13
:10A0A000E6D2CAA505ACE180C280B29FE0051F25BB
:10A0B000E0019F9EE6FFCFFF27FC21963CE3C4FF13
:10A0C000E6B0CCF93EE2E0051F25C6FEE0093C9271
:10A0D000E0809F9DE000B79EE0019F9EE6FFCFFFDE
:10A0E00027FC3EF901F6E0051FA516819F7F3C6421
:10A0F000E700CF1DB77F0AA1E7FD00A4E100CA80F9
:10A10000B29F00D5E0031F8E1681A70FE0041FB099
:10A110009E5EA78FE70CCE1DB65EE6F9CC18E0096F
:10A12000B6FFE6F9CC99E008B6BFE0019E9FE728AC
:10A13000CE88E001B69FE0019E9FE720CE89E00136
:10A14000B69F1680E009B53F9FDEE70CCF9DB7DED6
:10A150003882E0031F8E1681A70FE0041FB0F000C5
:10A160009BDEA78FF70CCB9DF000B3DEE6D9CC18B1
:10A17000E00AB69FE6F9CC99E00FB69F3C983528E7
:10A18000E006BCEF3D9AE006BDFF1680E007BC8FFD
:10A19000E009B65F9FDEE70CCF9DB7DE3882E004B2
:10A1A0001E44E0041F308F8CA70E27A51780E00106
:10A1B000BFEEE001BC7E17813EEFE004B79E008455
:10A1C000E0089FDE2F95E0039F9EE6FFCFFF27F973
:10A1D0001780AF8C1681E0039FBEE0039FBEE700AF
:10A1E000CF9DE003B7BE1780E004B79E3882E00938
:10A1F000B69E00EAE001BC6EE001BFFE00DD08B4DF
:10A20000E0031F8EE0041F30A20FA10E9FD41701A0
:10A21000E70CCF9EB7D439E89FD89F28B7B29FF8F4
:10A22000B7D2E0019F98B7F28F888E9837A83F9DEC
:10A23000BFD2E001BF128F289F92E700CFDEB79216
:10A24000E0019C28240CE200CC020594E200CC043E
:10A2500001868F339F92E70BCF9EB792DFA1E00478
:10A260009FD21700E001B7C39FD4E70CCF9EB7D4AD
:10A270000A61A782175F3FDEBF828FB3A70237A5AF
:10A280003FCEBF8200EC08B2E0031F8E1681A10F03
:10A29000E0041FB09F52A78FE70CCF1DB7523F6855
:10A2A0009ED89E28B6BF1410E0019E9EB6FF8E8EEB
:10A2B0008D9E36A83E9BBEDFE001BE1F8EAE9F1F67
:10A2C000E700CF5DB71FE001B4DFDF6A9FD2170060
:10A2D000E70CCF9EB7D2096108B5E0031F8EE004FA
:10A2E0001F30A20FA10E9FD41701E70CCF9EB7D449
:10A2F0003FE89F381280B732E00214009F7F39E9AF
:10A30000B7529F5FB7728F1F8E8F37283F1DBF5286
:10A310008F2FE002B712E0019F0FE001BA92E00137
:10A32000B752E0019F1FE001B772E0019F2FE002EA
:10A33000B752E0019F3FE002B7728F3F9F92E7075D
:10A34000CF9EB792DF2DE0059F9237C6AF83E00521
:10A350009F92E6FACFAFAF93E0059D32E0059DD224
:10A36000E0069E32E0069ED2E0059F72E0069F92D4
:10A37000B513B5A3B633B6C3B753B7E39FD4E70C51
:10A38000CF95B7D40AE108B3E0031F8E1681A10F61
:10A39000E0041FB099D29F52A78FE70CCF1DB75290
:10A3A0003EE89F3DE0001440B73FE6F3C9F39F5DF0
:10A3B000B75F9F7DB77F8F0D8E9D37283F1DBF5F95
:10A3C0001700E001BF1FDEEC9FD2E70CCF93B7D29E
:10A3D00009E108B2E0031F8E1681A10FE0041FB04F
:10A3E0009F52A78FE70CCF1DB7523F689ED89E287B
:10A3F000B6BFE02014009EFEB6DFE0019E9EB6FFD1
:10A400008E8E8D9E36A83E9BBEDFE001BE1F9E9FB6
:10A41000E707CE99B69F9E9FE0028E7EE706CE9C10
:10A42000B69F9E9FE0028E6EE709CE9CB69F8EBEC1
:10A430009F1FE705CF1DB71FDEB39FD21700E70CA4
:10A44000CF9EB7D2096108B3E0031F8E1701A18F19
:10A45000E0041EB09FD3A10DE70CCF9EB7D39FD8C9
:10A460009EA8B7B28F888E1837A83F9CBFD23C6E8B
:10A47000E001BE92E001B552E0041FC4E001B4F275
:10A48000AF0FDE8EE0049C729FD31700E70CCF9EC7
:10A49000B7D309E1E0031F8E1581A68F9E5D9FDD76
:10A4A000E6F3CE7CE70CCF9BB7DDE0041FB0A70F2F
:10A4B000E00C9FBE248FE701CF9BE200CC83E00C31
:10A4C000B7BE018CE00C9FBEE702CF9BE00CB7BE8D
:10A4D000008CE701CF99E00CB7BE1580E00C9FBE61
:10A4E000E702CF9BE00CB7BE1500E00C9FBE1581C4
:10A4F000E703CF9AE00CB7BE9FF8E0019D68E00C3F
:10A50000B7DEE0019F98E00CB7FEE0019FB8E00DD8
:10A51000B79EE0019FD8E00DB7BE8F888C9837A812
:10A520003F99E006BFEE8FA88CB837A83F99E006A8
:10A53000BFFE8FC88CD837A83F99E007BF8E8FE841
:10A540008CF837A83F99E007BF9EE0018F88E001B3
:10A550008C9837A83F99E007BFAEE0018FA8E001D3
:10A560008CB837A83F99E007BFBEE001BD1EE00CE4
:10A570009FBEE700CF9BE00CB7BEE00CB59E008409
:10A58000E00F9FBE2F95E0039F9EE6FECFFF27F9C9
:10A59000E0039FBE1581E701CF9BE003B7BE1780A4
:10A5A000E00CB79E9FDDE70CCF9CB7DD3882E00F53
:10A5B0009FFECF81E00FB7FE00E700003DE8E2001C
:10A5C000CD0305ADE00C3C49E200C6032E28C57C56
:10A5D000E00C3521E200C618E180A7992608EA00C0
:10A5E000CE81E18CCE903EAC3F6F3E82C57006932B
:10A5F000E180A719E180BF9BE180A799E180BF1BA3
:10A60000E180A719E180BF9BE180A799C570E18037
:10A61000BF1B066FE180BF9BE200C503C57F0687B5
:10A62000E1808619C57FE180AE1B067B3882000081
:10A63000E200CD0305ADE728CC89E750CC89E041A5
:10A640003E48E200C603E00B3E18E00D3D2C3E6D97
:10A65000E200C60C2607EA00CF81E18CCFF83FACC0
:10A660003F82E1FFC6F0068BE180BC9BE180BC9B92
:10A67000E180BC9BC6F0E180BC9B06773D18E0C042
:10A68000ACBAAC9AACAAAC88AC98ACA838823DE81D
:10A69000C57F0685E180AC9BC57F067D388208B109
:10A6A000E0603C87EA2D7F80E00015603C6FDF872B
:10A6B000E0603C1708E1000014345474708F00FF10
:10A6C0008D725AA500FF00FF000000FF00FF03FC91
:10A6D0000000000000000000000000004654533558
:10A6E00036353250303031000000000000000000EC
:10A6F00000000000000000000000000028D73030FB
:10A700003100000000000000000000000001010016
:10A710000101010101010101010101010101010129
:10A7200001010101010101010001010110002300EB
:10A7300010231023000E1618050600030804010A52
:10A74000020C12101407090B0D0F11131517191F06
:10A750001E2213281C2718252124191B1416151135
:10A76000100D0C0908050602030001040E120F0B60
:10A770000A07171A1D20232629710A01F4363636D6
:10A780003636363636363636363636363636363669
:10A7900036363636363636C8C8C8C8C8C8C8C8C837
:10A7A000C8C8C8C8C8C8C8C8C8C8C8C8C8C8C8C829
:10A7B000C8C8C8C8C8C8C8C8C8C8C8C8C8C8C8C819
:10A7C000C8000E0F0F03882A4001030101960F18DD
:10A7D0000A0200003200020F180A020000320102D1
:10A7E0000E180A0200003202040E180A0400006467
:10A7F000030400040004001F0B0D00040004001FEC
:10A800000B0D00040004001F0D0D00040008001FC4
:10A81000020200020A1E200A14201400640DAC007B
:10A82000C8012C009600C8012C012C0050015E01CB
:10A830002C012C0064006401032410780000000047
:10A840000000000000000000000000000002000006
:10A850005201000156010028018D0001005A01013A
:10A860000100010000D7000000000000000000000F
:10A8700000000000000000000000000000000003D5
:10A8800003000000000000000000000000000000C5
:10A8900000000000000000000000000000000000B8
:10A8A0000002000460438021C004400440026502AD
:10A8B000650100010096004B00045004500258024C
:10A8C0005801000100070802A800640300220206E4
:10A8D00009000000B40168021C0000000007A80184
:10A8E0002C004600010105006400960001020102EF
:10A8F000020404068000C81388080506012C0258CB
:10A9000003201F4023012C00640014012C00961822
:10A910006D7D025804B0025804B0037103882A0EFA
:10A920000110E006D02A5400104E037C2A0E0110BC
:10A93000020303040204040402020204003200328F
:10A940000F01032004B0032000FA00C80190012C7D
:10A95000010E0096008C00960078007800500046AA
:10A96000007800780078011801180A0003000640FA
:10A970003D4006408FC0000101900000019000148E
:10A9800001C20438001E008010E012C0003C03E841
:10A9900025800870003C03E802004180000096001A
:10A9A00006400A000A00138812C000A000A0100090
:10A9B0000C00100E05070B0A06060C64C800010106
:10A9C000000164140001000101010001022602EEF1
:10A9D000051405DC080200000000000000003C38FF
:10A9E00000003C7000003C3600003C3600003C3665
:10A9F00000003C3600003C3600003C3600003C368F
:10AA000000003C3600003C9200003CB600003CD800
:10AA100000003C2800003C3600003C3600003CFCB6
:10AA200000003EAE00003EAE00003DC000003DC054
:10AA300000003EAE00003EAE00003EAE00003EAE66
:10AA400000003EAE00003EAE00003EAE00003EAE56
:10AA500000003EAE00003EAE00003EAE00003EAE46
:10AA600000003EAE00003EAE00003EAE00003EAE36
:10AA700000003EAE00003EAE00003EAE00003EAE26
:10AA800000003EAE00003EAE00003EAE00003EAE16
:10AA900000003EAE00003EAE00003EAE00003EAE06
:10AAA00000003EAE00003EAE00003EAE00003EAEF6
:10AAB00000003EAE00003EAE00003EAE00003EAEE6
:10AAC00000003EAE00003EAE00003EAE00003EAED6
:10AAD00000003EAE00003EAE00003DC000003DC0A4
:10AAE00000003DC000003EAE00003EAE00003EAEA5
:10AAF00000003EAE00003DC000003EAE00003EAE95
:10AB000000003EAE00003EAE00003EAE00003EAE95
:10AB100000003EAE00003EAE00003EAE00003EAE85
:10AB200000003EAE00003EAE00003EAE00003EAE75
:10AB300000003EAE00003EAE00003EAE00003DC054
:10AB400000003DC000003EAE00003EAE00003DC033
:10AB500000003EAE00003DC00000410400003DA8E2
:10AB6000000040E800003DA8000040D600003DA8DD
:10AB700000003DA800003DA800003DA800003DA841
:10AB800000003DA800003DA8000040C6000040B6FF
:10AB900000003DA800003DA800003DA800003DA821
:10ABA00000003DA800003DA800003DA800003DA811
:10ABB00000003DA800003DA8000040A8000040980B
:10ABC000000040A8000040A8000040A8000040A8E5
:10ABD0000000408E00004072000040680000404CC1
:10ABE00000004042000040260000401C00004000E1
:10ABF00000003DA800003FDA00003DA800003DA88D
:10AC000000003DA800003FCC00003FCC00003E44C7
:10AC100000003FB200003DA800003DA800003DA894
:10AC200000003DA800003DA800003DA800003DA890
:10AC300000003DA800003DA800003DA800003DA880
:10AC400000003FA400003F9600003F8800003F7ACC
:10AC500000003F5400003F3600003EFC00003DA8CD
:10AC600000003DA800003DA800003DA800003DA850
:10AC700000003EEC00003DA800003DA800003DA8FB
:10AC800000003ED62A444400002A000004081006B2
:10AC90001ACE172300001C1F000000000000000057
:10ACA000000000000000000000000000000000059F
:10ACB0001ACE172300001C1F000000000000000037
:10ACC000000000000000000000000000000000057F
:10ACD00000042AB800008D4800008D4800008D4A0D
:10ACE00000008D9E00008D4800008D4800008D48BA
:10ACF00000008DD800008D4800008E4200008D4875
:10AD000000008D4800008D4800008E8200008D48B4
:10AD100000008D2A020204040606080000280064D0
:10AD200000A400E9012D017201B601FB024002847A
:10AD300002C9030D0352039603DB0420046404A933
:10AD400004ED0532057605BB06000644068906CDEE
:10AD500007120756079B07E00824086908AD08FC9E
:10AD600009370000000000000000000000000000A3
:10AD70000028006400A900ED0130017401B701FB57
:10AD8000023E028202C50309034C039003D4040F60
:10AD900000000000000000000000000000000000B3
:10ADA000000000000000BDCA0000BDCA0000BDBC1C
:10ADB0000000BDAA0000BDCA0000BDCA0000BDBCA5
:10ADC0000000BDAA0000BDCA0000BDCA0000BDACA5
:10ADD0000000BDAA0000BDCA0000BDCA0000BDAC95
:10ADE0000000BDAA0000BDAA0000BDAA0000BDAAC7
:10ADF0000000BDAA0000BD9C010000010000FCFE97
:10AE00000000FCFE0000FC600000FC7E0000FC9CDA
:10AE10000000FCFE0000FCCA0000FCFE0000FC9CE0
:10AE20000000FC440000FCFE0000FC9C0000FC9CB8
:10AE30000000FC9C000006400AA00FA001020408CC
:10AE4000102040800320000B01F40258000A00FA91
:10AE500001C2000800C801400006007800C80006D2
:10AE6000003C00780006000A003C000600000000DC
:10AE70000004C464000433700408100680000B0052
:10AE800080000E0080000A00800005008000042081
:10AE9000800004008000060080000800800002009E
:10AEA000800003008000010080000000010000001D
:10AEB000000420080100000008020303040606063F
:10AEC000010101040404FF01004E081B00010101FF
:10AED000FF7F7F7F7FFF0000918C87827D78736E7C
:10AEE000696462605E5C5A585654525008090A0BF5
:10AEF0000C0C0D0D0E0F1011121314151617181936
:10AF00000B0B0A0A090908080707060605050404C9
:10AF100003030202F2E0CEBCAA9886746250494252
:10AF20003B342D261F18110A010301000000000008
:10AF300000000000000000000004AF6800040CEEF8
:10AF40000001CE8C0004002C000430150004301BDE
:10AF50000004301400043106000431440004333C82
:10AF60000004333A00042FF80004301900042FDAEB
:10AF70000004333B0004332A00042FD900042FDBE4
:10AF80000004310400043333000433260004333258
:10AF9000000433250004332F0004332E0004333023
:10AFA0000004332C000433280004314000043141F4
:10AFB00000042F7E00042F5E00042F6800042F0B76
:10AFC00000042F0800042FD80004332400042EA00E
:10AFD00000042F3600042E9F00042F0E00042E8D37
:10AFE00000042E8C0004AFD80004E3540001CE8886
:10AFF0000004160200040CBA0004CCAA0004CC6CB5
:10B000000004160500040D130004B00C0004AFE4A6
:10B01000000415B00000911A0004001C00040CECA0
:10B020000004AF6C00042CC800042CCA0001C6B890
:10B03000000815B5000415B50004E5260004E5CCAC
:10B040000004E5400004E40E0004E50A0004E3EC1B
:10B050000004E53E0004E5420004E5360004E3F0A8
:10B060000004E3F80004E5CE0004E4240004E42A2C
:10B070000004E5D00004E4E80004E5C40004E5C2EF
:10B080000004E5C00004E5BE0004E5BC0004E5BA28
:10B090000004E5B80004E5B60004E5B40004E5B238
:10B0A0000004E5B00004E5AE0004E5AC0004E5AA48
:10B0B0000004E5A80004E5A60004E5A40004E5A258
:10B0C0000004E5A00004E59E0004E59C0004E4EA19
:10B0D0000004E5600004E5460004E4C80004E44E12
:10B0E0000004E4DA0004E46A0004E4500004E3BE6F
:10B0F0000004E3A20004E4820004E39E0004E3FCF5
:10B100000004E4080004E58A0004E5D20004E39C9E
:10B110000004C48400042BB400040CAE000090AE04
:10B1200000040D1A0004E1EE0008E1EC0004E1EC7B
:10B1300000040D1D0004B0600004E30C000424585A
:10B14000000438000004001A00042BA000042B881F
:10B150000001CE840004002000008FEE00041800DF
:10B16000000417FF0004B06800040CAA0001CC8C96
:10B170000004C4900008C4900004C49C000416009D
:10B1800000040CB8000415B9000815B8000415B87F
:10B1900000040D2200040CFF0001CE3C00040CF85A
:10B1A00000043AFC00040068000A0CC300040CC34D
:10B1B00000040D270004C3100004C3080004C2C823
:10B1C0000004D7100001C9B20001C93D0001C93C0B
:10B1D0000001C8C00001C8BF0001C8BC0001C8BB55
:10B1E0000001C8BE0001C8BD0001C8BA0001C8B94D
:10B1F0000001C8B00001C8AF0001C8AC0001C8AB75
:10B200000001C8AE0001C8AD0001C8AA0001C8A96C
:10B210000001C82E0001C82D0001C80A0001C802A3
:10B220000001C7FA0001C7F20001C7CE0001C7E064
:10B230000001C7E90001C82C0001C81C0001C82B8F
:10B240000001C81B0001C81A0001C8360001C8353A
:10B250000001C8630001C8330001C8320001C828DA
:10B260000001C8310001C8340001C82A0001C82704
:10B270000001C8160001C8260001C8240001C82921
:10B280000001C8190001C8250001C8230001C83702
:10B290000001C9300001C91B0001C7790001C7CDF9
:10B2A0000001C72C0001C7D70001C93F0001C93EFA
:10B2B0000001C7C20001C7C80001C7C50001C7C758
:10B2C0000001C7C60001C8300001C8ED0001C82F49
:10B2D0000001C8220001C8140001C8210001C8B63D
:10B2E0000001C8B50001C8A60001C8A50001C8E555
:10B2F0000001C8EC0001C8E40001C8E30001C8EB8C
:10B300000001C9C80001C9C70001C7D60001C7DFD5
:10B310000001C9C90001C9C50001C9C30001C9C2F2
:10B320000001C9C10001C9C00001C9C40001C9BEF2
:10B330000001C9CA0001C7C90001C7CA0001C9BDCF
:10B340000001C8200001C81F0001C81E0001C81D5F
:10B350000001C97F0001C97E0001C97B0001C97AD3
:10B360000001C97D0001C97C0001C96D0001C96CE3
:10B370000001C9790001C9780001C96B0001C96ADF
:10B380000001C9770001C9760001C9810001C980A7
:10B390000001C9750001C9740001C9730001C972B7
:10B3A0000001C9710001C9700001C96F0001C96EB7
:10B3B0000001C8150001C90C0001C90B0001C81823
:10B3C0000001C8A00001C6BC00040CAC00008C52F7
:10B3D0000001CDF80004001E000415B4000415A3FC
:10B3E0000004C4A00001CE90000089DE000415A96D
:10B3F000000400400004E39800040D0400040C9EC7
:10B4000000040CCC0004245C00040CB0000415AE55
:10B4100000008F340004C3160004C3280004C314C2
:10B420000004C4180004334400042BAC00040D25B0
:10B430000001CE7C0004AF740004D75A0004D71C6E
:10B4400000042004000437FC00043CF80000AE486F
:10B450000000AE200004AE240004AF630004A2008C
:10B460000004A1AC0004A158000457D80004AD1496
:10B470000004AD160004AD680004AD6A00043CF69B
:10B4800000043C6E0004AE700004AE200004AE4820
:10B490000004AF620000498C000048740000475C63
:10B4A00000003C6C0004475C00046A380004A2AA57
:10B4B0000004562000043F28000455940004A2A86C
:10B4C0000004573800044040000456AC00043FB468
:10B4D0000004AE6E0000AE700004AE1C00043E9C82
:10B4E00000043E9A00045506000455080004555A0D
:10B4F0000004547C000485C8000457D40004AF66DF
:10B500000004982800048EF80004452C000442FC36
:10B51000000440CC00046106000461080004AE1879
:10B5200000043C6C000457C400042D2800040D7076
:10B530000004C36800008F9000040CBC00040CC51C
:10B5400000043B5800008B8E0004E1BF00040CF7A0
:10B550000004160300040D210001CE9C0004CBA4BE
:10B560000004CBA00001CEA800040D1400042CCCD4
:10B570000004E1C000042D2C0004AFB80008AFD3D4
:10B58000000AAFAD0008AFC90008AF790008AF7876
:10B590000004AF780004C4AC00040CC40001CE80E9
:10B5A0000004C45400040D200004E1C400040D187C
:10B5B0000001CEA4000400540004E1D000042008DF
:10B5C0000004C45C00043BB200043BB40004E1DCB2
:10B5D0000004007E00040D230004CBDA0004CBB08D
:10B5E00000040CC800040CA800040D74000428BC5E
:10B5F0000004C4600004C45F00040D1900008AE266
:10B6000000042CCE00040CBE0004C4640004C4C4B6
:10B610000004C3AE0008C4180008C3A80004C3A8EF
:10B6200000040CEC00040CD400040CA60004000080
:10B630000008007D0004007D00040CC00008180410
:10B640000004002200040CF600008A7C000415A00F
:10B65000000435A0000435900004358C0004363712
:10B6600000043376000436360004363F000434B755
:10B67000000434C4000434B40004363C0004363DF5
:10B680000004363E0004363A00043380000435508E
:10B6900000043410000434B0000436390004363598
:10B6A0000004363B00043370000436340004CC58E8
:10B6B0000004CC660004CC5600040D260004C39C94
:10B6C0000004AFD40004C4EC000424440001CEA064
:10B6D0000004002400040CF200040CF900040CB671
:10B6E00000042CD000008CAC0004002500008BE48A
:10B6F0000004B00C00042CD2000437590004376653
:10B700000004375F0004364C0004376D00043758DE
:10B71000000436EF0004364D000836EF0004376AA7
:10B72000000437630004375C0004376B000437649F
:10B73000000437650004376C0004375E000437529C
:10B740000004375300043743000437460004375DD4
:10B75000000437450004374F0004374E00043751CA
:10B76000000437550004374B0004374C00043749B8
:10B770000004370C00043690000436AC0004366632
:10B78000000436670004373700083757000A374887
:10B79000000A374D00083737000437480004374D9A
:10B7A00000043691000436AD000437570004370D0D
:10B7B000000436F300043644000400260004001F91
:10B7C00000040CCE000A23F0000423F000040D1C3A
:10B7D00000040D980004C4F00004C5380001CE98A0
:10B7E00000042CC400040029000416040001CE94B7
:10B7F0000004377C000A2CD300042CD300042D3025
:10B8000000040D16000415AA00042CF000042CE816
:10B8100000042CE000042CD8000423C8000A379848
:10B820000004379800042BB80004244800042BBC03
:10B8300000040CCD00040D1E00040CFC00041606D0
:10B840000004E1E00004B00D0004B00E0004141088
:10B8500000042BC000002BC00004244A00080CADDB
:10B8600000040CAD00008A2800040CC2000415A1DD
:10B8700000042450000415AC00040D000004001B5B
:10B8800000040008000424540004B0100004C56C37
:10B8900000043C680001CE780004C41700042D3475
:10B8A000000415A800042D0400042D1000042D1C14
:10B8B00000042D2800042CF800042AB800042920D4
:10B8C00000042D3800040D2400040D1F00008ED646
:10B8D0000004C57C000438440004381000043AFC1D
:10B8E0000004380C0004380400001C0000041C0094
:10B8F00000040CC600008B38000415AF0008007C63
:10B900000004007C000400040004C5AF0004C5A5C9
:10B910000004C5A40004C74000040CF500040CFAA0
:10B9200000040C400004000C000415B200042CD4E8
:10B93000000420000004002700002BC400042BC4D6
:10B940000004002800042B400004CC690004C9480E
:10B9500000040CA40004C97000042CD500040CD011
:10B96000000815B6000415B6FFFC002E7FFFFFFF90
:10B970000004380055504752000438044144452023
:10B980000004380866CC99330004380C464C414713
:10B99000FFC3FFFF0005FFFFFFFC00801234567855
:10B9A00001E8480004A62F80000F424003D0900019
:10B9B000000AFC80212727270002000B3FFFFFFC25
:04B9C00080000400FF
:00000001FF
